user_id,book_id,rating
1418,3428,5
1418,57,4
1418,45,4
1418,1299,5
1418,1503,5
1418,2274,5
2981,4,4
2981,2,4
2981,27,3
2981,24,3
2981,21,3
2981,18,3
2981,23,3
2981,25,4
2981,26,2
2981,28,4
2981,50,4
2981,32,4
2981,14,4
2981,122,3
2981,29,2
2981,168,4
2981,72,3
2981,176,4
2981,243,3
2981,232,5
2981,237,3
2981,612,5
2981,305,3
2981,349,3
2981,725,5
2981,806,5
2981,553,3
2981,953,5
2981,936,5
2981,1261,3
2981,670,3
2981,556,3
2981,1053,5
2981,1248,5
2981,578,3
2981,675,3
2981,865,3
2981,705,4
2981,915,4
2981,1123,4
2981,1498,3
2981,986,3
2981,967,3
2981,1075,4
2981,609,4
2981,1900,4
2981,1139,3
2981,944,3
2981,818,2
2981,1589,3
2981,911,4
2981,1423,4
2981,2041,5
2981,1288,4
2981,2155,3
2981,1795,4
2981,1208,4
2981,3205,4
2981,6323,5
2981,1987,4
2981,8976,3
2981,5763,3
2981,3735,3
2981,2513,3
2981,9147,3
2981,9360,3
2981,9923,3
2981,8371,3
2981,4642,4
2981,5949,3
2981,1339,2
2981,5188,3
2981,703,4
2981,739,3
2981,4524,3
2981,2352,3
2981,8829,4
2981,5155,5
2981,284,2
2981,173,4
2981,264,3
2981,1620,4
2981,741,5
2981,367,5
2981,1578,4
2981,1709,5
2981,1719,3
2981,2657,3
2981,2009,5
2981,4124,4
2981,3374,3
2981,6073,3
2981,5775,3
2981,3806,3
2981,5936,3
2981,5558,4
2981,3921,4
2981,7047,4
2981,5945,4
2981,2302,3
2981,138,2
2981,271,5
2981,63,5
2981,148,3
2981,2028,4
2981,4678,4
2981,3817,4
2981,58,3
2981,347,3
2981,292,4
2981,332,4
2981,641,4
2981,602,4
2981,542,4
2981,356,3
2981,873,3
2981,1033,3
2981,1163,3
2981,15,4
2981,181,2
2981,59,5
2981,326,4
2981,278,5
2981,786,5
2981,672,4
2981,200,4
2981,1741,3
2981,618,4
2981,982,4
2981,242,4
2981,266,4
2981,2184,3
2981,2012,4
2981,2214,4
2981,6728,3
2981,1746,3
2981,3066,3
2981,2547,3
2981,136,4
2981,2215,5
2981,621,5
2981,999,5
2981,4815,5
2981,9022,3
2981,316,5
3021,2673,3
3021,2425,3
3021,1096,4
3021,6407,5
3021,92,5
3021,1411,3
3021,2643,4
3021,736,4
3455,4124,3
3455,4387,3
3455,3513,5
3455,5507,5
3455,3374,3
3455,5775,3
3455,5936,3
3455,6539,3
3455,4678,5
3455,3803,3
3455,7080,2
3455,84,4
3455,487,3
3455,693,5
3455,575,4
3455,640,3
3455,1296,3
3455,5343,3
3455,1677,4
3455,5739,3
3455,123,5
3455,596,5
3455,1057,5
3455,1301,3
3455,3273,3
3455,1986,3
3455,362,4
3455,219,5
3455,493,4
3455,1106,5
3455,6575,5
3455,8445,4
3455,1555,3
3455,10,4
3455,8229,5
3455,2115,5
3455,161,5
3455,155,5
3455,19,5
3455,7,5
3455,13,4
3455,55,4
3455,126,4
3455,4,5
3455,8,3
3455,225,5
3455,32,3
3455,1552,5
3455,4134,2
3455,181,4
3455,3404,3
3455,2,3
3455,18,4
3455,24,4
3455,27,5
3455,25,5
3455,21,4
3455,23,3
3455,5717,5
3455,538,2
3455,7238,3
3455,8491,3
3455,8185,3
3455,4789,3
3455,264,5
3455,1434,3
3455,54,4
3455,9216,4
3687,27,5
3687,25,5
3687,49,5
3687,52,4
3687,500,3
3687,5890,4
3687,1764,5
3687,223,5
3687,1397,5
3687,1172,5
3687,2642,4
3687,7195,4
3687,3769,4
3687,6183,4
3687,6233,4
3687,5855,5
3687,6235,5
3687,356,4
3687,9395,4
3687,793,5
3687,1020,5
3687,77,4
3687,486,5
3687,373,5
3687,1726,5
3687,21,5
2981,2445,4
2981,8412,3
2981,160,5
2981,179,3
2981,83,3
2981,133,4
2981,727,3
3455,3543,4
3021,258,5
3021,271,5
4434,531,5
4434,191,5
4434,1520,3
4434,126,5
4463,3600,3
4463,6892,3
4463,4071,2
4463,9036,4
4463,126,5
4463,2314,4
4463,718,3
4463,365,4
4463,2129,4
4463,322,3
4463,2937,4
4463,1895,5
4463,1572,3
4463,2353,4
4463,766,4
4463,3086,5
4463,3082,3
4463,3396,3
4463,3395,5
4463,3660,3
4463,3986,5
4463,587,4
4463,177,5
4463,2131,4
4463,65,4
4463,1074,4
4463,1704,5
4463,2770,4
4463,2552,5
4463,284,3
4463,9857,5
4463,71,5
4463,4504,4
4463,1444,5
4463,1318,4
4463,5865,4
4463,100,5
4463,360,3
4463,974,3
4463,5326,4
4463,4515,4
4463,323,4
4463,3913,3
4463,765,5
4463,5019,4
4463,7543,4
4463,546,4
3455,7714,5
3455,4715,2
4463,350,5
4463,1380,5
3455,5966,2
4463,2053,4
4463,344,4
3021,570,4
3021,795,4
3021,3476,4
3021,187,3
3021,104,4
3455,1407,3
3455,2594,4
3455,9330,3
3455,3745,2
3455,1618,5
3455,2940,5
4463,4202,4
2981,3175,5
3455,5867,5
1418,723,5
1418,2025,5
1418,8080,5
1418,8039,5
1418,249,5
1418,587,5
1418,8295,5
1418,40,5
1418,620,5
1418,100,5
1418,860,4
1418,1144,4
1418,1752,4
1418,2188,4
1418,3027,5
1418,4316,5
1418,4872,5
1418,5863,5
1418,33,5
1418,11,5
1418,67,5
1418,3021,4
1418,5932,5
1418,494,5
1418,2649,5
1418,1250,4
1418,2738,4
1418,4561,3
1418,6351,5
1418,1168,5
1418,410,5
1418,65,3
1418,405,4
1418,306,4
1418,8349,3
1418,5906,5
1418,489,5
1418,1283,4
1418,461,4
1418,150,5
1418,82,5
1418,236,5
1418,1096,5
3455,3175,4
1418,9962,5
1418,3600,3
4463,1928,5
3455,504,5
3455,730,2
6144,256,4
1418,779,5
3455,6961,3
3455,4944,4
4463,2517,4
6144,2630,2
3455,867,3
3455,73,4
4463,426,4
4463,709,4
4463,483,4
4463,131,4
4463,494,3
4463,7,5
4463,5,3
4463,8,4
4463,398,4
4463,8664,3
4463,7232,3
4463,4510,2
4463,736,4
4463,1411,5
4463,229,5
4463,529,3
4463,1168,3
4463,1960,3
4463,5804,4
4463,1571,3
4463,699,4
4463,444,5
4463,23,2
4463,21,3
4463,18,4
4463,24,3
4463,2,2
4463,1570,3
4463,297,4
4463,2025,3
4463,1299,3
4463,959,4
4463,7519,3
4463,1265,5
4463,490,5
4463,255,2
4463,7198,3
4463,614,2
4463,1642,4
4463,354,3
4463,2931,4
6144,5282,2
6144,46,4
3455,104,4
6144,1414,3
3455,3,1
6144,463,4
6144,554,3
7041,125,5
7041,353,3
7041,1908,4
7041,2806,4
7041,4800,3
7041,4078,4
7041,5134,4
7041,682,4
7041,62,4
7041,368,5
7041,480,5
7041,255,5
4235,1458,4
3455,205,4
5487,3,5
5487,49,4
5487,52,5
5487,56,5
5487,73,4
5487,142,5
5487,3729,3
5487,186,5
5487,1501,4
5487,1537,4
5487,700,4
5487,2710,4
5487,3516,4
5487,2044,4
5487,156,4
5487,455,4
5487,647,3
5487,64,5
5487,328,5
5487,331,3
5487,908,2
5487,1101,3
5487,4427,3
5487,606,4
5487,1463,5
5487,2198,5
5487,1418,5
5487,1931,5
5487,3096,5
5487,1686,4
5487,3492,4
5487,2811,5
5487,5232,4
5487,3530,5
5487,3938,5
5487,4553,3
5487,5160,3
5487,4799,3
5487,7506,5
5487,575,4
5487,994,4
5487,1656,4
5487,8053,4
5487,228,4
5487,133,3
5487,270,3
5487,1051,4
5487,1221,3
5487,1253,4
5487,1417,3
5487,47,1
5487,4096,4
5487,212,3
5487,269,4
5487,78,4
5487,310,3
5487,306,3
5487,108,2
5487,1655,3
5487,952,2
5487,38,5
5487,3394,3
5487,150,5
5487,381,3
5487,509,3
5487,60,3
5487,11,1
5487,2128,1
5487,26,4
5487,311,4
5487,33,5
5487,840,4
5487,7652,4
5487,411,3
5487,625,4
5487,1311,4
5487,15,4
5487,13,3
5487,94,1
5487,43,3
5487,4009,1
5487,256,5
3021,7205,4
3021,3,3
3021,49,3
3021,52,3
3021,56,3
3021,6636,3
3021,1544,4
3021,60,3
3021,572,5
3021,9222,3
6144,207,4
6144,912,4
6144,996,4
6144,1067,4
6144,1151,4
6144,1226,4
6144,1232,4
6144,1181,4
6144,1390,4
6144,1694,4
5487,4368,4
3455,8986,2
6144,1267,4
6144,1627,4
6144,1606,4
6144,1821,4
6144,3025,4
3021,119,5
3021,883,4
3021,407,5
3021,682,5
3021,867,3
3021,522,3
3021,1238,4
3021,653,4
3021,688,4
3021,467,4
3021,189,4
3021,131,3
3021,225,3
3021,80,4
3021,121,4
3021,66,4
3021,15,3
3021,255,3
3021,37,5
3021,48,5
3021,337,4
3021,178,4
3021,1214,3
3021,162,4
3021,461,4
3021,233,4
3021,323,5
3021,118,3
3021,301,4
3021,158,4
3021,180,2
3021,43,3
3021,177,4
3021,109,5
3021,172,4
3021,126,3
3021,79,4
3021,840,5
3021,2464,4
3021,8625,4
3021,7563,4
3021,6726,4
7348,4,4
7348,14,3
7348,58,3
7348,29,3
7348,79,3
7348,194,4
7348,100,3
7348,56,4
7348,49,4
7348,3,4
7348,2,5
7348,25,5
7348,18,5
7348,24,5
7348,27,5
7348,21,5
7348,23,5
7348,399,4
7348,1391,5
7348,1726,4
7348,314,4
7348,2007,4
7348,19,4
7348,10,3
7348,37,5
7348,15,4
7348,155,4
7348,161,4
7348,62,5
7348,225,4
7348,219,5
7348,44,4
7348,335,3
7348,368,5
7348,480,5
7348,321,4
7348,116,3
7348,937,5
7348,641,5
7348,97,3
7348,229,3
7348,204,3
7348,341,4
7348,358,1
7348,221,3
7348,361,3
7348,715,2
7348,646,2
7348,422,5
7348,364,1
7348,531,3
7348,577,3
7348,375,4
7348,336,3
7348,242,3
7348,1117,3
7348,293,4
7348,594,3
7348,478,4
7348,661,2
7348,767,3
7348,747,5
7348,505,5
7348,706,3
7348,2737,5
7348,651,2
7348,1178,3
7348,3406,3
7348,3595,2
7348,627,3
7348,639,3
7348,1204,3
7348,2732,3
7348,1953,3
7348,2076,3
7348,1379,3
7348,1260,5
7348,569,5
7348,1103,3
7348,3455,5
7348,2519,5
7348,1351,5
7348,1535,5
7348,1350,5
7348,4167,4
7348,5582,4
7348,6448,4
7348,1259,5
7348,547,3
7348,347,5
7348,332,5
7348,292,5
7348,542,5
7348,602,5
7348,9152,3
7348,8871,4
7348,251,1
7348,6855,4
7348,8098,4
6144,1701,3
6144,82,2
6144,7561,2
3021,3406,3
3021,6485,3
6144,9973,3
7348,4665,4
7348,6792,4
7348,2968,4
7348,4230,4
7348,4458,4
7348,6133,4
7348,5504,4
7348,5136,4
7348,5946,4
7348,54,4
7348,599,4
7348,751,4
7348,1014,4
7348,1332,4
3455,4588,4
3455,9911,4
3455,196,4
3021,191,4
4235,193,5
4235,47,5
4235,3692,3
4235,314,3
4235,58,3
4235,1635,5
4235,2064,5
4235,263,5
4235,2625,5
4235,844,5
4235,1603,5
4235,1984,4
4235,388,5
4235,3078,5
4235,1452,4
4235,2879,5
4235,627,5
4235,728,5
4235,549,5
4235,241,5
4235,905,4
4235,868,5
4235,2039,5
4235,2127,5
4235,85,5
4235,102,5
4235,296,5
4235,36,5
4235,661,5
4235,454,5
4235,1632,5
4235,4947,5
4235,4567,5
4235,3353,5
4235,3509,5
4235,4315,4
4235,4982,5
4235,7298,5
4235,1175,5
4235,369,5
4235,3439,4
4235,6003,5
4235,4214,5
4235,3596,5
4235,2495,4
7041,60,2
7041,167,5
7041,322,5
7041,377,5
3455,22,4
3021,85,5
3021,480,3
3021,368,4
4235,2917,3
4235,4208,5
4235,1231,1
6144,49,4
6144,1811,4
6144,743,5
4235,49,3
4235,52,2
4235,56,4
4434,1394,4
4434,2493,3
4434,526,5
4434,8275,3
4434,4190,4
4434,2631,4
4434,2518,4
4434,9103,3
4434,8388,3
4434,135,4
4434,8165,4
4434,7274,3
4434,1034,4
4434,1363,4
4434,1228,3
4434,4215,3
4434,4941,3
4434,39,4
4434,1340,5
4434,1479,4
4434,6845,3
4434,4891,3
4434,1630,4
4434,450,3
4434,1127,4
4434,1450,4
4434,110,4
4434,1304,4
4434,3171,4
4434,165,3
4434,891,3
3455,2789,4
6144,52,3
4235,808,4
4235,195,5
3455,1491,3
6144,56,4
6144,9986,2
3455,8444,3
5487,1231,3
5487,119,4
5487,195,3
5487,42,4
5487,4,3
5487,261,4
3021,2288,3
3021,1467,3
3021,16,3
3021,1310,4
3455,492,4
3455,4320,4
6144,3515,3
6144,1959,3
8851,4,4
8851,8,4
8851,5,4
8851,14,4
8851,94,4
8851,29,4
8851,58,4
8851,42,4
8851,83,4
8851,79,4
8851,103,4
8851,109,4
8851,57,3
8851,118,5
8851,261,5
8851,26,5
8851,15,4
8851,2,5
8851,62,5
8851,38,4
8851,43,4
8851,76,4
8851,44,5
8851,66,4
8851,272,5
8851,13,4
8851,54,2
8851,126,4
8851,136,4
8851,10,4
8851,19,5
8851,7,5
8851,127,3
8851,84,4
8851,288,4
8851,222,5
8851,209,5
8851,72,4
8851,25,5
8851,24,5
8851,18,5
8851,27,5
8851,21,5
8851,23,5
8851,9,5
8851,85,5
8851,45,5
8851,102,5
8851,339,5
8851,661,5
8851,679,4
8851,2648,4
8851,2039,4
8851,296,5
8851,157,4
8851,251,4
8851,545,4
8851,59,4
8851,876,4
8851,549,4
8851,798,5
8851,888,4
8851,601,4
8851,1211,5
8851,1447,4
8851,1348,4
8851,1478,4
8851,7611,4
8851,346,5
8851,116,4
8851,2582,4
8851,5089,4
8851,93,5
8851,501,5
8851,3197,5
8851,4027,5
8851,4253,5
8851,5263,5
8851,5905,5
8851,5826,5
8851,6336,5
8851,7088,5
8851,8250,5
8851,659,4
8890,125,3
8890,264,3
8890,77,4
8890,1033,4
8890,88,5
8890,179,3
8890,1383,5
8890,2597,4
8890,8218,3
8890,7468,5
8890,356,4
8890,873,4
8890,1225,4
8890,1163,3
8890,1289,3
8890,1549,3
8890,1476,3
8890,1233,3
8890,1774,3
8890,219,4
8890,154,3
8890,605,1
8890,4161,4
8890,1735,3
8890,390,3
8890,401,4
8890,1827,3
8890,1975,3
8890,1977,3
8890,908,3
8890,2122,4
8890,1789,3
8890,2032,3
8890,332,4
8890,686,3
8890,25,5
8890,27,5
8890,21,5
8890,24,5
8890,275,4
8890,74,5
8851,2063,4
8851,198,5
8851,37,4
8851,453,5
8851,733,4
4463,1005,5
4463,495,4
3021,193,4
3021,584,4
3021,192,5
4235,417,4
4235,133,5
4235,1,5
3455,1,4
3455,6123,4
3455,17,4
8890,1465,4
8890,646,3
8890,5032,4
3455,60,4
3455,4608,4
3455,4101,4
6144,823,2
6144,3957,3
6144,4506,3
4235,901,4
9528,35,4
9528,29,3
9528,28,4
9528,22,4
9528,86,4
9528,84,3
9528,92,4
9528,7,3
9528,19,4
9528,54,5
9528,126,4
9528,682,5
9528,430,3
9528,192,5
9528,1254,5
9528,1230,4
9528,7551,5
9528,746,4
9528,39,5
9528,110,5
9528,135,4
9528,7082,4
9528,1593,5
9528,1812,5
9528,2269,5
9528,142,4
9528,642,5
9528,3219,5
9528,494,5
9528,4,4
9528,189,4
9528,37,4
9528,83,3
9528,45,4
9528,125,4
9528,498,4
9528,194,4
9528,219,4
9528,154,4
9528,520,5
9528,132,4
9528,184,4
9528,205,3
9528,212,4
9528,60,4
9528,62,3
9528,301,4
9528,161,4
9528,258,5
9528,122,4
9528,330,5
9528,937,3
9528,598,4
9528,8038,4
9528,593,5
9528,155,4
9528,1801,3
9528,1018,4
9528,1246,4
9528,7728,5
9528,165,4
9528,8401,3
9528,1964,3
9528,2669,3
9528,2239,3
9528,2947,3
9528,917,4
9528,4553,3
9528,1418,4
9528,480,3
9528,3096,3
9528,6472,2
9528,1346,4
9528,722,4
9528,5160,3
9528,4799,3
9528,6330,2
9528,5515,4
9528,6673,4
9528,9975,4
9528,2285,4
9528,2453,3
9528,5015,3
9528,4993,3
9528,6601,4
9528,5599,3
9528,5147,3
9528,6135,3
9528,5357,4
9528,6536,3
9528,2198,4
9528,1463,4
9528,1931,4
9528,3492,3
9528,2811,3
9528,1686,3
9528,3530,3
9528,3938,3
9528,5232,2
9528,5203,2
9528,6076,5
9528,4798,4
9528,8194,5
9528,9334,5
9528,7070,4
9528,9498,5
9528,7278,3
9528,510,5
9528,528,4
9528,949,4
9528,1023,4
9528,1119,3
9528,1249,3
9528,1362,3
9528,1915,4
9528,123,3
9528,696,3
9528,730,3
9528,90,4
9528,395,3
9528,158,4
9528,281,3
9528,227,4
9528,660,4
9528,347,3
9528,1117,3
9528,3797,3
9528,1564,3
9528,1142,4
9528,3314,3
6144,5176,2
6144,5417,3
4235,1024,4
4235,31,5
3455,531,3
8851,316,5
8851,374,4
8851,1460,4
8851,1976,4
8851,1449,4
8851,2250,3
8851,2321,4
8851,2279,4
8851,179,4
8851,354,4
8851,8675,4
4235,501,3
8851,1316,4
8851,937,4
8851,368,4
8851,480,4
4235,396,4
7041,3,1
7041,52,2
7041,49,2
7041,56,3
7041,54,5
7041,85,5
7041,7,4
7041,229,4
7041,26,3
7041,102,5
7041,59,2
7041,597,4
7041,9,4
7041,132,1
6144,5239,3
6144,5668,3
6144,5934,3
3455,256,5
4235,216,2
6144,6153,2
8851,2815,4
4235,5270,3
4463,8497,5
8890,9667,3
10089,523,4
10089,50,5
10089,249,2
10089,8,3
10089,13,5
10089,4,4
10089,5,5
10089,14,3
10089,32,4
10089,101,4
10089,94,5
10089,58,5
10089,79,5
10089,118,2
10089,265,3
10089,229,4
10089,7,4
10089,131,4
10089,26,3
10089,36,2
10089,54,4
10089,177,5
10089,117,3
10089,87,4
10089,125,5
10089,468,3
10089,592,4
10089,160,3
10089,357,3
10089,321,4
10089,138,2
10089,1167,4
10089,154,5
10089,233,3
10089,162,5
10089,213,5
10089,116,3
10089,296,5
10089,62,4
10089,301,5
10089,426,5
10089,339,5
10089,354,3
10089,561,5
10089,736,5
10089,387,5
10089,444,4
10089,77,3
10089,516,4
10089,386,1
10089,395,3
10089,1465,3
10089,1055,5
10089,410,3
10089,715,5
10089,245,2
10089,495,3
10089,772,5
10089,770,3
10089,587,4
10089,1380,5
10089,366,4
10089,857,4
10089,1622,5
10089,479,5
10089,1411,5
10089,577,3
10089,1038,3
10089,1642,5
10089,576,4
10089,664,2
10089,241,2
10089,3106,4
10089,824,5
10089,236,4
10089,1714,2
10089,1797,4
10089,1253,4
10089,793,4
10089,2559,4
10089,9265,1
10089,7997,3
10089,2079,4
10089,1239,4
10089,1432,4
10089,2643,4
10089,398,4
10089,681,4
10089,2763,4
10089,1486,4
10089,4330,5
10089,618,4
10089,3311,2
10089,599,4
10089,3156,4
10089,3930,5
10089,316,5
10089,530,4
10089,9409,3
10089,372,2
10089,544,4
10089,751,4
10089,1266,5
10089,2321,4
10089,1976,3
10089,2199,4
10089,4844,4
10089,6877,5
10089,5863,3
10089,2741,3
10089,3868,4
10089,3088,4
10089,6745,5
10089,1447,4
10089,4149,4
10089,3222,4
10089,9311,4
10089,2985,4
10089,388,2
10089,1742,2
10089,3755,5
3455,3416,3
4235,1087,4
4463,1370,5
8851,122,4
4235,81,4
8851,690,4
3455,131,5
8890,1745,4
8890,248,4
8890,353,3
8890,530,3
8890,361,3
8890,770,3
8890,773,3
8890,576,3
8890,293,3
8890,498,3
8890,413,3
8890,855,3
8890,839,3
8890,529,3
8890,464,5
8890,402,4
8890,547,2
8890,514,3
8890,699,3
8890,778,3
8890,792,4
8890,1432,3
8890,1204,4
8890,1454,3
8890,2342,4
8890,1569,2
8890,2732,2
8890,1207,2
8890,1953,2
8890,3255,3
8890,6692,3
8890,3799,3
8890,3868,4
8890,6316,1
8890,3169,4
8890,1669,3
8851,710,4
5102,249,4
5102,111,3
5102,46,3
5102,3723,4
5102,38,5
5102,81,5
5102,119,5
5102,64,4
5102,60,4
5102,13,5
5102,4,5
5102,82,3
5102,236,5
5102,104,4
5102,8010,5
5102,117,5
5102,508,4
5102,100,5
5102,101,4
5102,22,4
5102,57,3
8890,1193,3
8890,2,5
8890,387,3
8890,715,3
8890,425,4
8890,7768,4
8890,7297,5
8890,3656,3
8890,2240,3
8890,608,5
8890,3196,4
8890,6393,4
3455,802,3
3455,4459,4
3455,229,4
5102,414,5
4235,4256,4
4235,17,4
4235,1888,4
5102,7379,3
5102,595,5
5102,197,2
5102,2679,5
5102,381,3
5102,238,4
5102,67,5
5102,156,5
5102,3,5
5102,11,4
5102,26,4
5102,8,1
5102,32,3
5102,455,4
5102,694,4
5102,647,3
5102,16,5
8890,383,4
8890,2820,3
8890,303,3
8890,2379,4
8890,4274,4
5102,344,4
5102,193,5
5102,526,3
3021,41,2
3021,151,2
3021,214,3
3021,159,3
3021,175,3
3021,201,3
5102,2661,4
4235,4166,1
3455,1531,4
3455,3313,3
9178,180,4
4235,4347,1
4235,5012,4
9178,8874,3
9178,8605,4
5102,758,5
5102,1072,4
9178,1015,4
9178,6569,2
9178,4517,3
5102,98,5
9178,101,3
9178,5283,5
5102,140,4
5102,584,4
7041,439,5
7041,9563,5
7041,301,4
7041,278,5
7041,2076,4
7041,158,3
7041,772,2
7041,402,5
7041,824,4
7041,341,4
7041,512,4
7041,271,3
7041,1167,5
7041,68,1
7041,117,4
7041,37,3
7041,114,4
7041,48,4
7041,13,5
7041,79,4
7041,58,5
7041,50,5
7041,8,5
7041,1679,5
7041,792,5
7041,977,5
7041,97,4
7041,3358,5
7041,371,3
7041,55,5
7041,71,4
7041,28,2
7041,14,4
7041,65,5
7041,337,5
7041,19,5
7041,626,3
7041,356,2
7041,157,5
7041,5,4
7041,464,2
7041,251,3
7041,339,4
7041,116,5
7041,213,5
7041,2082,2
7041,399,5
7041,1079,2
4235,20,4
5102,20,5
5102,631,2
5102,558,2
5102,563,3
5102,527,2
3455,4199,3
3455,20,4
9178,1315,5
5102,3316,5
9178,4189,3
7041,881,5
7041,701,4
5102,7559,4
6144,2163,4
6144,6255,3
3455,3712,4
3455,3137,4
3455,4927,3
3455,289,4
3455,129,5
9178,2366,4
12184,4,3
12184,8,3
12184,5,3
12184,50,5
12184,14,5
12184,32,4
12184,65,5
12184,35,3
12184,101,1
12184,94,5
12184,29,5
12184,28,2
12184,58,2
12184,42,1
12184,79,1
12184,83,3
12184,71,5
12184,103,5
12184,109,3
12184,194,4
12184,33,1
12184,22,5
12184,57,1
12184,100,3
12184,115,5
12184,118,4
12184,111,4
12184,121,4
12184,261,2
12184,26,5
12184,11,4
12184,72,5
12184,86,5
12184,209,5
12184,222,5
12184,84,2
12184,288,5
12184,266,5
12184,367,5
12184,15,1
12184,82,1
12184,181,1
12184,92,1
12184,236,1
12184,127,1
12184,398,1
12184,508,1
12184,2,5
12184,62,5
12184,53,5
12184,3,5
12184,43,1
12184,89,5
12184,13,3
12184,55,2
12184,48,5
12184,54,1
12184,70,5
12184,126,3
12184,371,4
12184,276,1
12184,400,1
12184,442,3
12184,75,1
12184,78,1
12184,136,1
12184,108,1
12184,228,1
12184,310,1
12184,741,1
12184,156,1
12184,777,1
12184,1111,1
12184,25,5
12184,18,5
12184,24,5
12184,27,5
12184,21,5
12184,23,5
12184,49,2
12184,52,5
12184,314,5
12184,2480,5
12184,3983,5
12184,4303,5
12184,4550,5
12184,4593,5
12184,4773,5
12184,4952,5
12184,5963,5
12184,6346,5
12184,8251,5
12184,7846,5
12184,6197,5
12184,9870,5
12184,8546,5
12184,8354,5
5102,1738,5
7041,383,2
9178,68,3
9178,284,4
5102,1087,4
9178,4942,4
9178,1999,4
9178,3387,5
9178,58,3
9178,2620,4
9178,1037,3
7041,835,5
7041,720,5
7041,2537,5
9178,93,3
9178,540,3
9178,1319,3
1640,302,3
4235,100,4
5102,2705,1
5102,5322,2
5487,46,4
5487,2,5
5487,22,1
5487,10,4
5487,115,3
5487,100,4
5487,31,5
5487,25,5
5487,81,4
5487,18,5
5487,40,2
5487,24,5
5487,198,3
5487,63,3
5487,76,4
5487,122,1
5487,216,2
5487,273,4
5487,28,3
5487,89,3
5487,2165,3
5487,2147,3
5487,487,4
5487,773,3
5487,126,5
5487,304,5
5487,383,4
5487,230,3
5487,602,3
5487,620,3
5487,934,3
5487,1487,5
5487,672,4
5487,75,3
5487,201,4
5487,1138,3
5487,200,4
5487,961,3
5487,14,3
5487,9,4
5487,223,4
5487,1159,2
5487,29,3
5487,80,2
5487,276,3
5487,177,3
5487,1149,4
3455,785,4
5102,41,5
5102,550,4
1640,1564,3
6144,7683,3
6144,5588,2
5102,91,4
9178,1314,5
3455,3179,4
5102,259,4
4235,192,4
4235,923,3
9178,2326,3
9178,59,4
9178,3565,3
5102,151,3
8851,1710,3
12799,4,5
12799,8,5
12799,5,5
12799,14,4
12799,65,5
12799,101,1
12799,94,3
12799,29,5
12799,28,5
12799,58,5
12799,42,5
12799,79,4
12799,83,5
12799,71,4
12799,103,2
12799,109,1
12799,194,5
12799,22,5
12799,100,3
12799,118,5
12799,115,4
12799,121,5
12799,26,4
12799,209,5
12799,84,5
12799,222,3
12799,288,4
12799,266,3
12799,367,5
12799,15,5
12799,82,4
12799,181,5
12799,92,3
12799,236,5
12799,127,5
12799,2,5
12799,7,5
12799,19,5
12799,66,3
12799,13,4
12799,55,4
12799,48,4
12799,54,5
12799,70,5
12799,126,5
12799,371,5
12799,276,5
12799,25,5
12799,492,5
12799,1223,5
12799,633,5
12799,1179,5
12799,1881,5
12799,572,3
12799,477,5
12799,1424,5
12799,1600,4
12799,1358,5
12799,2245,5
12799,2393,4
12799,2121,5
12799,2135,5
12799,1870,5
12799,1838,5
12799,1617,5
12799,2429,5
12799,2522,5
5102,211,4
5102,5675,5
5102,3400,3
5102,677,5
1640,145,4
1640,693,3
8890,479,4
9178,2741,4
9178,158,5
9178,2123,4
9178,7266,5
9178,8857,4
9178,161,5
1640,660,3
1640,768,3
5102,3221,3
5102,214,4
1640,4481,4
7041,200,5
13133,168,5
13133,176,4
13133,232,5
13133,237,3
13133,612,5
13133,725,5
13133,806,5
13133,739,4
13133,936,5
13133,953,5
13133,1248,5
13133,1053,5
13133,915,4
13133,818,4
13133,986,4
13133,944,5
13133,441,5
13133,1423,4
13133,2041,4
13133,1288,5
13133,2513,4
13133,4642,4
13133,5568,3
13133,1396,5
13133,2239,5
13133,2947,5
13133,8317,5
13133,197,5
13133,527,5
13133,563,5
13133,558,5
13133,631,5
13133,652,5
13133,624,5
13133,724,5
13133,748,5
13133,871,5
13133,1086,5
13133,2090,4
13133,1553,4
13133,2224,4
13133,2303,4
13133,2341,4
13133,2550,4
13133,2605,5
13133,2549,4
13133,2911,3
13133,3510,3
13133,3608,3
13133,3832,3
13133,3874,2
13133,3990,2
13133,25,5
13133,27,5
13133,24,5
13133,21,5
13133,132,4
13133,53,3
13133,743,5
13133,54,4
13133,360,4
13133,633,5
13133,4,4
13133,8,2
13133,189,4
13133,5,2
13133,2,5
13133,37,3
13133,7,4
13133,28,3
13133,18,5
13133,33,4
13133,19,4
13133,158,4
13133,85,4
13133,321,3
13133,23,5
13133,90,3
13133,62,5
13133,50,5
13133,89,4
13133,205,3
13133,283,4
13133,335,4
13133,373,5
13133,416,5
13133,184,4
13133,278,5
13133,786,4
13133,4862,4
13133,209,4
13133,431,4
13133,122,4
13133,345,3
13133,2192,4
13133,2028,3
13133,4317,3
13133,481,3
13133,9515,5
13133,454,4
13133,579,4
13133,450,4
13133,891,4
13133,1034,4
13133,1127,4
13133,1228,4
13133,1304,4
4235,208,3
5102,14,4
5102,159,4
5102,175,5
1640,5642,3
1640,11,5
3455,2957,5
1640,4557,3
9178,7251,4
3021,2428,3
3021,2319,2
3021,1652,2
3021,656,2
3021,5419,3
3021,3979,3
3021,1552,5
3021,291,4
3021,2561,3
3021,1,4
3021,20,4
3021,17,4
3021,98,4
3021,140,4
3021,2953,4
3021,3195,3
3021,184,4
3021,1136,5
3021,338,5
3021,82,4
3021,941,4
3021,38,4
3021,230,3
3021,122,2
3021,24,5
3021,21,5
3021,35,4
8890,6880,4
5102,9715,5
1640,4986,4
1640,1221,3
6144,7761,4
3021,1970,3
3021,46,3
3021,985,3
1640,3416,3
1640,336,3
13226,13,3
13226,48,3
13226,75,4
13226,78,4
13226,228,4
13226,310,5
13226,741,3
13226,156,5
1640,3455,2
1640,3162,3
1640,40,5
5102,743,5
1640,67,5
5102,8355,4
3021,216,4
3021,208,2
1640,7733,4
8890,4684,3
1640,2633,3
1640,5966,3
13226,906,4
5102,3156,4
13226,217,4
13226,16,5
13226,9,4
13226,98,4
13226,140,4
13226,123,5
13226,2066,4
13226,538,5
13226,195,5
13226,2000,3
13226,657,4
13226,694,4
13226,930,3
13226,193,3
13226,24,4
13226,27,4
13226,25,4
13226,620,5
13226,21,4
13226,225,4
13226,642,3
13226,142,5
13226,424,4
13226,186,3
13226,311,5
13226,1961,4
13226,46,4
13226,64,4
13226,67,4
13226,18,4
13226,23,4
13226,31,4
13226,212,3
13226,201,3
13226,1655,4
13226,407,4
13226,132,4
13226,273,4
13226,378,5
13226,550,3
13226,948,4
13226,882,4
13226,440,4
13226,5743,5
13226,5705,4
13226,4905,4
13226,7544,4
13226,9440,4
13226,8386,4
13226,9454,4
13226,2666,4
13226,5876,4
13226,8727,4
13226,291,5
13226,338,4
13226,1711,4
13226,1913,4
13226,1713,4
13226,3016,4
13226,2610,4
13226,3998,4
13226,3516,4
13226,5696,4
13226,8816,4
13226,6943,4
13226,7473,4
13226,281,4
13226,227,4
13226,343,3
13226,596,3
13226,833,4
13226,1573,3
13226,1407,3
13226,1301,4
13226,6955,4
13226,5839,4
13226,7851,4
13226,3925,5
13226,6908,5
13226,1100,4
13226,3841,5
13226,2827,4
13226,3533,4
13226,6276,4
13226,6975,4
13226,6069,4
13226,465,4
13226,1748,4
13226,1879,4
13226,476,5
13226,2015,4
13226,5292,4
13226,1072,4
13226,5766,4
13226,860,5
13226,1752,5
13226,2188,4
13226,2085,4
13226,515,5
13226,2939,4
13226,3216,4
13226,4544,5
13226,4520,4
13226,2967,4
5102,2736,3
6144,2030,2
6144,973,2
6144,9625,2
1640,2991,4
1640,1149,4
1640,1052,5
1640,1103,4
5102,3036,4
9178,8212,3
8851,46,4
4235,1833,5
5102,338,5
1640,2354,3
1640,414,4
1640,2883,3
1640,791,3
13726,1100,5
13726,3533,4
13726,9144,5
13726,31,4
13726,2671,4
13726,1649,4
13726,6383,5
13726,11,4
13726,170,4
13726,145,4
13726,1138,4
13726,2055,3
13726,3277,4
13726,4636,4
13726,5758,3
13726,5121,4
13726,5781,3
13726,8431,3
13726,7158,3
13726,3050,3
13726,2920,4
13726,3214,4
13726,1358,3
13726,2429,3
13726,1600,3
13726,2121,4
13726,2827,4
13726,6975,4
13726,6069,4
13726,8399,4
13726,3971,4
13726,64,4
13726,1052,3
13726,1532,3
13726,4133,4
13726,5162,4
7041,70,4
7041,1035,4
7041,3679,5
7041,753,5
7041,2110,5
7041,3932,5
7041,4061,5
7041,4739,5
5102,147,5
5102,208,4
5102,457,4
5102,3195,4
1640,4846,3
13726,3741,4
13726,882,4
13726,1564,3
9178,2304,3
5102,39,5
14803,4,5
14803,65,4
14803,109,4
14803,26,3
14803,72,5
14803,86,4
14803,209,3
14803,84,4
14803,288,5
14803,2,4
14803,7,5
14803,19,5
14803,55,4
14803,48,4
14803,70,5
14803,126,5
14803,276,4
14803,400,3
14803,25,4
14803,18,4
14803,24,4
14803,27,4
14803,21,4
14803,23,4
14803,1392,5
14803,3598,5
13226,4164,4
4235,160,5
8851,968,4
8851,7738,4
8851,3123,4
4235,3221,4
1640,8972,3
1640,6784,5
6144,2138,4
6144,521,4
6144,9227,3
6144,5619,3
5102,3823,3
5102,372,5
1640,3921,2
5102,7144,3
4235,1238,3
13226,613,4
13226,697,4
13226,2704,4
7041,39,3
15388,50,4
15388,5,3
15388,8,2
15388,4,3
15388,32,4
15388,79,5
15388,58,2
15388,29,5
15388,72,2
15388,398,1
15388,7,5
15388,2,5
15388,19,5
15388,3,1
15388,10,4
15388,66,3
15388,89,4
15388,55,2
15388,54,2
15388,70,5
15388,136,3
15388,310,4
15388,3522,4
15388,4340,4
15388,3875,4
15388,5744,4
15388,5533,4
15388,4156,2
15388,8476,2
15388,8082,2
15388,9583,2
15388,21,4
15388,23,5
15388,18,4
15388,399,5
15388,25,5
15388,24,5
15388,27,5
15388,4125,4
15388,3052,4
15388,3350,4
15388,41,5
15388,151,5
15388,214,5
15388,159,5
15388,175,5
15388,163,5
15388,223,4
15388,918,4
15388,1137,4
15388,1172,4
15388,1397,4
15388,1764,3
15388,3339,2
15388,1,5
15388,39,4
15388,17,5
15388,20,5
15388,197,5
15388,527,5
15388,563,3
15388,558,4
15388,631,4
15388,624,5
15388,748,3
15388,724,4
15388,652,5
15388,871,2
15388,1201,5
15388,2430,3
15388,5044,3
15388,5499,3
15388,6534,3
15388,880,4
15388,1227,4
15388,1251,4
15388,2996,4
15388,91,3
15388,259,3
15388,309,4
15388,51,4
15388,134,4
15388,153,4
15388,1070,4
15388,1945,4
15388,1946,4
15388,1891,5
15388,1901,5
15388,2591,3
15388,5912,3
15388,492,3
15388,760,5
15388,838,2
15388,1646,4
15388,2312,4
15388,2564,5
15388,747,3
15388,1350,5
15388,1259,5
15388,1840,3
15388,3215,5
15388,2317,4
15388,3454,2
15388,2545,3
15388,4556,3
15388,3382,3
15388,4105,4
15388,4781,3
13226,145,4
13226,170,4
5102,3724,4
13226,420,5
13226,1547,3
13226,85,5
13226,908,4
1640,6728,3
13226,6357,4
7041,3480,5
7041,110,3
15729,3046,4
15729,4822,5
15729,130,4
15729,233,5
15729,317,4
15729,83,3
15729,6787,3
15729,54,3
15729,121,3
15729,597,3
15729,177,3
15729,4,5
15729,335,5
15729,545,5
15729,63,4
15729,913,4
15729,119,5
15729,94,5
15729,43,5
15729,42,3
15729,19,5
15729,115,5
15729,65,5
15729,28,5
15729,7,5
15729,50,3
15729,5,4
15729,8,4
15729,1679,3
15729,14,5
15729,550,5
15729,48,5
15729,1797,4
15729,1574,4
15729,2897,4
15729,360,4
15729,883,4
15729,3512,5
15729,72,4
15729,168,5
15729,176,5
15729,243,4
15729,232,4
15729,739,4
15729,305,3
15729,237,3
15729,612,5
15729,488,3
15729,725,4
15729,806,4
15729,556,4
15729,675,4
15729,670,4
15729,578,3
15729,936,4
15729,953,4
15729,705,4
15729,1053,3
15729,1261,4
15729,1139,4
15729,609,4
15729,1075,4
15729,818,4
15729,441,4
15729,1208,5
15729,967,4
15729,1576,5
15729,4524,5
15729,3127,4
5102,3238,1
5102,5959,5
5102,4975,5
5102,4831,5
15965,4,5
15965,11,5
15965,2,4
15965,7,4
15965,53,3
15965,3,2
15965,67,5
15965,18,5
15965,24,5
15965,21,4
15965,23,4
15965,4118,4
15965,6079,4
15965,6838,4
15965,859,4
15965,1412,4
15965,1832,4
15965,8318,4
5102,139,5
9178,121,4
16282,70,4
16282,126,3
16282,5310,5
16282,4753,3
16282,4726,5
16282,789,5
16282,276,5
16282,371,4
16282,400,5
16282,442,5
16282,84,2
16282,633,5
16282,637,5
16282,298,5
16282,432,5
16282,503,4
16282,2228,5
16282,4217,4
16282,1659,5
16282,6229,4
16282,65,5
16282,729,4
16282,1179,4
16282,897,4
16282,487,4
16282,2,2
16282,7,5
16282,1629,5
16282,6602,3
16282,593,5
16282,1322,5
16282,666,5
16282,232,2
16282,1608,2
16282,9,2
16282,39,2
16282,697,5
16282,283,5
4235,43,4
16282,48,5
16282,2187,4
16282,55,3
16282,13,5
16282,177,4
16282,129,5
16282,592,5
16282,498,4
16282,1561,1
16282,4284,4
16282,5009,5
16282,4015,5
16282,3139,4
16282,2982,5
16282,360,2
16282,1914,5
16282,4768,5
16282,8081,5
16282,1003,4
16282,9428,5
16282,1142,4
16282,699,5
16282,297,5
16282,3573,5
16282,5332,3
16282,2693,5
16282,2325,5
16282,1484,5
5102,3450,4
16282,1204,5
16282,3351,5
16282,2553,5
16282,5382,5
16282,3080,5
16282,6822,5
16282,3969,5
16282,9778,4
16282,6842,5
16282,8726,5
16282,4746,5
16282,2170,5
7696,1411,4
7696,778,2
7696,736,4
7696,204,4
7696,24,2
7696,18,2
7696,25,3
7696,727,3
7696,658,3
7696,2190,3
7696,315,2
7696,93,4
7696,2192,2
7696,162,3
7696,6745,3
7696,480,4
7696,407,3
7696,135,3
7696,919,2
7696,723,4
7696,457,4
7696,9839,2
7696,284,4
7696,730,3
7696,289,4
1640,9057,3
3059,10,5
3059,4,4
3059,43,5
3059,5,4
3059,48,4
3059,432,3
3059,1881,2
3059,718,2
3059,709,3
3059,456,3
3059,899,4
3059,1949,4
3059,3676,5
3059,4359,5
3059,5404,4
3059,7620,4
3059,3323,3
3059,1650,4
3059,1320,2
3059,3472,3
3059,1088,5
3059,133,3
3059,225,5
3059,129,3
3059,113,3
3059,173,2
3059,461,4
3059,829,5
3059,63,4
3059,29,4
3059,8,3
3059,42,4
3059,664,4
3059,1411,4
3059,3763,4
3059,4996,4
3059,87,5
3059,2724,4
3059,76,5
3059,71,4
3059,230,4
3059,171,5
3059,1681,4
3059,2875,3
3059,2197,4
3059,172,4
3059,451,4
3059,124,4
3059,11,5
3059,150,3
3059,378,5
3059,273,4
3059,848,4
3059,1159,5
3059,2578,4
3059,1386,3
3059,1675,3
3059,1317,4
3059,779,5
3059,9215,4
3059,901,5
3059,148,4
3059,3812,3
3059,38,4
3059,22,4
3059,697,5
3059,60,4
3059,522,3
3059,820,4
3059,494,4
3059,407,5
3059,948,4
3059,1644,2
3059,2679,3
3059,4793,4
3059,3878,3
3059,2854,5
3059,1970,3
3059,2133,3
3059,111,2
3059,333,4
3059,67,4
3059,258,4
3059,5777,4
3059,1310,5
3059,737,4
3059,5794,4
3059,5448,5
3059,45,4
3059,291,5
3059,906,4
3059,1136,4
3059,2449,3
3059,7066,3
3059,6191,4
3059,325,4
3059,46,3
3059,16,3
3059,195,3
3059,1024,3
3059,1011,4
3059,57,3
3059,268,4
3059,272,3
3059,118,4
3059,1202,4
3059,409,3
3059,1185,4
3059,3237,3
3059,8475,1
3059,3293,3
3059,3889,4
3059,2124,4
3059,6729,4
3059,1567,4
3059,654,3
3059,115,3
3059,100,4
3059,120,3
3059,47,4
3059,66,4
3059,757,4
3059,1561,4
3059,270,4
3059,311,4
3059,453,4
3059,212,4
3059,1061,4
3059,1458,4
3059,3076,4
3059,4091,4
3059,1133,4
3059,733,4
3059,704,4
3059,941,4
3059,1640,3
3059,2524,5
3059,671,3
7696,291,5
7696,1184,4
7696,323,3
7696,1705,4
7696,1167,3
7696,8916,2
7696,1642,4
7696,3511,3
7696,8039,4
1640,674,4
16282,73,2
16282,547,5
16282,972,5
16282,2569,5
16282,5192,4
16282,1354,4
16282,1320,5
16282,1650,5
16282,1717,5
16282,6662,5
16282,2158,5
16282,1953,4
16282,2361,4
16282,7090,3
16282,1178,5
16282,778,5
16282,1605,5
16282,5596,4
16282,71,4
16282,1519,5
16282,3006,5
16282,6798,5
16282,7814,5
16282,512,5
16282,97,5
16282,1555,5
16282,1862,3
16282,929,2
1418,195,5
1418,5734,5
1418,16,4
1418,98,4
1418,140,4
1418,414,4
1418,231,5
1418,180,5
1418,2089,2
1418,4796,5
1418,407,5
1418,47,5
7696,6777,3
7696,4130,4
8851,2738,4
13226,4347,4
1640,2547,3
7696,97,4
7696,243,4
7696,1132,3
7696,696,3
7696,2740,3
7696,1,3
15965,380,5
15965,430,5
15965,1500,4
15965,1282,5
15965,268,5
15965,130,4
4235,4664,3
16282,28,5
16282,26,2
16282,4,5
16282,14,4
16282,5381,5
16282,8165,2
16282,9123,5
16282,429,5
16282,7524,5
16282,9884,4
1640,2433,3
15965,1429,4
9178,128,4
9178,403,3
17139,1862,4
17139,2640,4
17139,2977,4
17139,7864,2
5102,110,3
5102,771,5
9178,3641,4
1640,16,3
15965,520,4
9178,1497,4
9178,6366,3
17916,44,5
17916,107,4
17916,907,5
17916,4959,5
17916,4172,4
17916,1930,5
17916,1966,5
17916,1680,5
17916,420,5
17916,1751,5
17916,2091,5
17916,2405,5
17916,2432,5
17916,338,4
17916,3258,5
17916,3213,4
17916,2874,5
17916,3605,4
17916,4754,3
17916,6761,4
17916,5006,4
17916,6267,4
17916,7631,4
17916,6942,4
17916,54,3
17916,84,4
17916,281,5
17916,575,5
17916,4259,5
17916,3979,4
17916,2618,4
17916,51,4
1418,409,5
1418,46,4
1418,772,3
1640,299,3
1640,37,3
1640,332,3
1640,292,3
1640,347,3
1640,542,3
1640,641,3
1640,602,3
1640,189,2
1640,488,3
17706,461,5
17706,1055,4
17706,1496,5
17706,4700,5
17706,414,5
17706,743,5
17706,3841,4
17706,38,5
17706,4152,5
17706,4276,5
17706,5337,5
17706,1237,4
17706,11,5
17706,16,5
17706,3313,5
17706,1467,5
17706,104,4
17706,653,4
17706,95,3
17706,4110,4
17706,170,4
17706,98,5
17706,94,5
17706,8532,5
17706,33,4
17706,3302,5
17706,6382,5
17706,397,5
17706,140,5
17706,137,5
17706,1731,5
17706,4067,3
17706,1995,5
17706,8087,5
17706,1356,5
17706,192,5
17706,1487,5
17706,6838,5
17706,6079,5
17706,4118,5
17706,1079,1
17706,6492,5
17706,7124,5
17706,7960,5
17706,5287,5
17706,5045,5
17706,4108,5
17706,270,4
9178,3255,3
5102,124,4
18137,10,4
18137,997,5
18137,43,5
18137,5,5
18137,270,4
18137,2499,5
18137,29,4
18137,63,4
18137,402,5
18137,1454,5
18137,48,5
18137,58,5
18137,13,3
18137,113,5
18137,293,5
18137,116,4
18137,32,5
18137,138,5
18137,71,5
18137,97,5
18137,95,4
18137,7,5
18137,125,5
18137,154,5
18137,11,5
18137,2,5
18137,159,4
18137,1259,4
18137,33,5
18137,67,4
18137,46,5
18137,16,5
18137,1,5
18137,134,5
18137,47,5
18137,457,5
18137,901,5
18137,1324,3
18137,300,3
18137,4214,3
18137,6972,3
18137,54,5
18137,585,5
18137,810,5
18137,6312,4
18137,2537,5
18137,7688,5
18137,5780,5
18137,187,4
18137,53,3
18137,51,5
18137,1726,4
18137,7927,4
18137,711,4
18137,41,5
18137,90,4
18137,1038,3
18137,369,2
18137,223,5
18137,645,4
18137,245,3
18137,707,3
18137,594,3
18137,486,5
18137,981,3
18137,1059,4
18137,5452,2
18137,747,5
18137,388,2
18137,5032,4
18137,1087,5
18137,3593,3
18137,4069,5
18137,3132,4
18137,5221,3
18137,1452,5
18137,577,4
18137,2032,2
18137,1825,4
18137,59,4
18137,356,5
18137,2007,4
18137,1465,5
18137,3613,4
18137,314,4
18137,77,4
18137,317,4
18137,1691,2
18137,127,3
18137,211,4
17706,9832,5
9178,106,5
17139,507,4
9178,8163,3
9178,2565,2
15965,1574,4
15965,8893,2
18365,468,4
18365,38,5
18365,22,4
18365,60,5
18365,16,3
18365,268,5
18365,196,2
18365,795,5
18365,68,5
18365,234,5
18365,167,5
18365,3521,5
18365,564,4
18365,88,5
18365,4577,2
18365,149,5
18365,1244,4
18365,467,5
18365,47,5
18365,4288,3
18365,2,5
18365,541,2
18365,74,5
18365,1421,5
18365,3919,4
18365,495,5
18365,322,5
18365,3195,4
18365,1,3
18365,134,1
18365,382,4
18365,197,3
18365,139,3
18365,51,1
18365,666,5
18365,282,4
18365,3849,5
18365,828,5
18365,1265,5
18365,2451,5
18365,3635,4
18365,1315,5
18365,5384,5
18365,753,4
18365,1464,5
18365,6366,4
18365,1380,5
18365,2129,4
18365,2766,5
18365,8367,5
18365,81,5
18365,101,5
18365,317,5
18365,82,5
18365,981,1
18365,36,3
15965,345,4
15965,447,3
15965,648,4
1640,421,4
18707,504,5
18707,1,5
18707,3,4
18707,2,5
18707,1137,4
18707,223,4
18707,9,3
18707,145,2
18707,832,3
18707,44,4
18707,137,5
18707,78,4
18707,156,4
18707,1612,4
18707,40,4
18707,688,4
18707,3356,5
18707,199,3
18707,4,5
18707,5,3
18707,33,3
18707,46,4
18707,31,5
18707,35,4
18707,7,4
18707,122,2
18707,53,3
18707,1550,5
18707,821,2
18707,1417,4
18707,1072,3
18707,21,4
18707,18,5
18707,24,5
18707,27,4
18707,23,4
18707,26,3
18707,76,3
18707,17,5
18707,161,4
18707,514,5
18707,25,5
18707,77,4
18707,52,4
18707,56,4
18707,219,5
18707,68,2
18707,1452,3
18707,1175,4
18707,740,5
18707,91,3
18707,1305,4
18707,1609,4
18779,753,4
18779,3,3
18779,52,3
18779,49,2
18779,56,2
18779,1464,5
18779,1077,5
18779,3395,5
18779,4494,5
18779,1199,5
18779,828,5
18779,6411,5
18779,7377,5
18779,2782,5
18779,2,5
18779,62,5
18779,122,5
18779,620,5
18779,1,5
18779,229,4
18779,205,5
18779,97,4
18779,512,5
18779,14,5
18779,28,5
18779,55,5
18779,547,3
18779,48,5
18779,100,3
18779,42,5
18779,540,5
18779,958,5
18779,2078,5
18779,29,4
18779,402,5
18779,1120,4
18779,792,5
18779,80,5
18779,93,5
18779,59,5
18779,999,5
18779,2976,5
18779,133,5
18779,572,4
18779,766,5
18779,5993,5
18779,803,3
18779,585,4
18779,810,5
18779,3651,5
18779,9161,5
18779,9245,3
18779,7110,5
18779,6378,3
18779,3917,4
18779,8158,5
18779,9730,3
18779,298,5
18779,1003,5
18779,271,5
18779,2616,5
18779,234,5
18779,37,5
18779,738,5
18779,388,5
18779,1373,5
18779,1305,5
18779,1469,5
18779,15,5
18779,4,5
18797,11,5
18797,515,5
18797,46,4
18797,291,4
18797,396,5
18797,216,4
18797,16,4
18797,170,3
18797,84,4
18797,288,5
18797,2622,3
18797,596,4
18797,628,4
18797,3240,4
18797,4533,5
18797,6790,4
18797,8984,4
18797,833,4
18797,1245,4
18797,4276,4
18797,726,3
18797,2822,3
18797,176,3
18797,1902,4
18797,2924,2
18797,5564,5
18797,4703,4
18797,2016,4
18797,7822,5
18797,670,4
18797,1150,4
18797,8067,5
18797,911,3
18797,2519,4
18797,496,3
18797,453,4
18797,3776,5
18797,357,4
18797,687,4
18797,3737,5
18797,1552,5
18797,7498,5
18797,2647,4
18797,2115,4
18797,4566,5
18797,4904,4
18797,5885,5
18797,1734,5
18797,902,4
18797,6523,4
18797,242,4
18797,2014,4
18797,86,4
18797,209,5
18797,266,4
18797,367,4
18797,281,4
18797,1826,4
18797,98,4
3021,307,4
3021,1761,3
3021,2449,3
3021,924,4
3021,106,4
3021,135,2
3021,110,3
3021,39,4
3021,165,1
3021,341,3
3021,375,4
3021,204,3
3021,361,3
3021,590,4
3021,1477,3
3021,3715,2
3021,321,3
3021,53,4
3021,345,3
3021,447,3
3021,648,3
3021,476,4
3021,515,3
3021,1150,3
3021,3945,3
3021,274,4
1640,139,3
18917,10,4
18917,4,3
18917,65,3
18917,5,3
18917,264,3
18917,225,3
18917,485,3
18917,395,2
18917,8,2
18917,42,3
18917,14,3
18917,63,3
18917,32,2
18917,28,2
18917,13,4
18917,160,3
18917,48,4
18917,55,4
18917,125,3
18917,131,2
18917,15,1
18917,133,3
18917,130,2
18917,341,3
18917,301,2
18917,531,2
18917,59,3
18917,178,3
18917,162,3
18917,255,5
18917,287,5
18917,903,5
18917,4298,3
18917,8688,3
18917,8472,3
18917,7990,3
18917,4880,3
18917,6225,3
18917,7723,3
18917,6896,4
18917,4695,3
18917,748,3
18917,197,3
18917,527,3
18917,563,3
18917,558,3
18917,631,3
18917,652,3
18917,624,3
18917,724,3
18917,871,3
18917,2,4
18917,18,4
18917,25,4
18917,24,4
18917,27,4
18917,23,4
18917,21,4
18917,62,3
18917,368,3
18917,480,3
18917,41,3
18917,151,3
18917,175,3
18917,214,3
18917,159,3
18917,1231,3
18917,3,4
18917,52,4
18917,49,4
18917,56,4
18917,73,3
18917,457,2
18917,31,3
18917,3320,4
18917,1,4
18917,36,4
18917,20,4
18917,17,4
18917,1803,3
18917,2394,3
18917,2182,3
18917,2050,3
18917,1805,3
18917,3083,3
18917,3486,3
18917,426,2
18917,605,3
18917,1007,3
18917,1701,2
18917,122,4
18917,924,3
18917,238,4
18917,46,3
18917,121,3
18917,138,2
18917,83,2
18917,268,3
18917,79,3
18917,2052,3
18917,869,5
1640,140,3
1640,98,3
1640,821,3
4235,677,4
19037,207,4
19037,3997,3
19037,169,4
19037,686,5
19037,1103,4
19037,552,4
19037,622,4
19037,420,5
19037,286,4
19037,8,3
19037,11,5
19037,13,3
19037,2,4
19037,38,5
19037,67,4
19037,64,5
19037,291,4
19037,22,5
19037,111,5
19037,16,5
19037,46,5
19037,1,5
19037,57,4
19037,136,4
19037,3,5
19037,220,5
19037,63,4
19037,230,4
19037,131,3
19037,76,4
19037,36,5
19037,1639,4
19037,4188,4
19037,29,3
19037,233,3
19037,37,4
19037,171,4
19037,336,5
19037,123,5
19037,227,4
19037,1377,5
19037,1746,4
19037,44,5
19037,43,4
19037,107,4
19037,152,4
19037,875,4
19037,683,4
19037,571,3
19037,242,5
19037,86,5
19037,266,5
19037,343,4
19037,72,5
19037,731,4
19037,833,3
19037,243,5
19037,1245,3
19037,963,3
19037,281,4
19037,1301,4
19037,305,5
19037,1419,3
19037,1260,3
19037,8012,4
19037,349,4
19037,5797,4
19037,6146,4
19037,6742,4
19037,6304,4
19037,6715,4
19037,5014,4
19037,5077,4
19037,5135,5
19037,5801,5
19037,3018,4
19037,176,2
19037,1388,4
19037,2519,4
19037,674,3
19037,1379,4
19037,1763,4
19037,596,3
19037,1037,3
19037,237,5
19037,851,5
19037,26,4
19037,3829,4
19037,1858,3
19037,2012,4
19037,2261,4
19037,2398,5
19037,2547,5
19037,2214,3
19037,2277,4
19037,2737,3
19037,2568,4
19037,2746,4
19037,3455,4
19037,2773,4
19037,2981,4
19037,3098,4
19037,3066,4
19037,2785,2
19037,4022,4
19037,4813,3
19037,3517,5
19037,4095,4
19037,3622,5
19037,3801,5
19037,4892,4
19037,1841,3
19037,2878,3
19037,5740,3
19082,625,4
19082,381,4
19082,111,5
19082,5313,5
19082,966,3
19082,1607,5
19082,1871,4
19082,882,4
19082,3671,4
19082,477,4
19082,3280,5
19082,5528,5
19082,902,5
19082,5999,4
19082,2135,4
19082,2497,5
19082,3366,5
19082,4657,4
19082,33,5
19082,16,5
19082,46,5
19082,697,4
19082,31,5
19082,1,5
19082,396,4
19082,144,4
19082,104,3
19082,65,3
19082,6954,4
19082,113,3
19082,173,3
19082,3763,4
19082,57,3
19082,115,5
19082,2994,3
19082,136,3
19082,2647,5
19082,941,4
18797,9901,4
17139,2168,4
17139,167,5
17139,2158,3
17139,785,3
17139,1972,2
17139,2730,3
17139,2242,4
17139,547,3
3021,9552,3
18707,4233,2
18707,463,4
18707,554,4
18707,712,4
18707,864,4
18707,1026,4
18707,1275,4
18707,10,5
18707,171,3
18707,230,4
18707,471,4
18707,879,4
18707,446,5
18707,455,3
18707,4977,4
18707,918,4
18707,1172,3
18707,1397,3
18707,1764,4
18707,656,4
18707,1652,4
18707,2319,4
18707,2428,4
18707,4142,4
18707,152,3
18707,686,4
18707,622,3
18707,571,3
18707,683,4
18707,552,4
18707,716,5
18707,286,3
18707,1459,2
18707,1414,2
18707,302,3
18707,3119,4
15965,9862,3
18707,1103,4
18707,138,3
18707,114,4
18707,461,3
18707,64,2
18707,1655,4
18707,22,1
18707,907,4
9178,924,3
9178,232,4
18707,667,4
18707,443,4
18707,3593,3
18707,8816,4
18707,3574,3
15729,239,5
15729,1039,4
15729,8168,5
15729,3381,5
15729,98,4
15729,270,4
15729,26,4
15729,140,4
15729,181,4
15729,1160,4
15729,512,5
1640,31,4
16282,910,3
13226,2736,3
10089,887,3
10089,718,5
10089,5700,4
10089,1544,4
10089,1571,1
10089,194,5
10089,9648,3
10089,765,5
10089,5399,5
15965,258,5
9178,471,3
18365,6,5
17139,189,5
15965,94,4
15965,233,3
1640,4583,3
20590,2069,3
20590,2075,3
20590,120,3
20590,183,4
20590,543,5
20590,1608,5
20590,1251,4
20590,418,5
20590,3473,5
20590,6052,4
20590,3967,4
20590,2050,5
20590,805,3
20590,2038,4
20590,8082,5
20590,419,5
20590,1805,5
20590,2529,3
20590,3486,4
20590,600,3
20590,5473,4
20590,9583,5
20590,2715,4
20590,1799,5
20590,4156,5
20590,9259,4
20590,4587,5
20590,3165,5
20590,51,4
20590,254,4
20590,2593,5
20590,1,5
20590,12,5
20590,632,5
20590,33,4
20590,1352,5
20590,810,4
20590,893,4
20590,803,4
20590,6622,4
20590,2099,5
20590,2851,4
20590,4179,4
20590,433,5
20590,3189,5
20590,210,5
20590,880,4
20590,415,4
20590,1140,5
20590,3115,5
20590,875,4
20590,73,5
20590,3616,5
20590,3926,5
20590,519,5
20590,394,5
20590,711,5
20590,1944,3
20590,259,4
20590,5048,3
20590,2319,3
20590,2996,5
20590,166,2
20590,187,5
20590,88,3
20590,1244,2
20590,3723,4
20590,223,5
20590,275,4
20590,2711,3
20590,1669,3
20590,2684,4
20590,2201,3
20590,500,2
20590,849,2
20590,2460,5
20590,4946,5
20590,1416,4
20590,206,5
20590,69,4
5102,7898,4
17139,249,2
17139,2441,4
17139,48,2
17139,36,4
17706,5925,5
17706,5920,5
17706,7701,5
17706,613,5
17706,417,5
17706,4627,5
17706,161,5
17706,19,5
17706,155,5
17706,7,5
17706,1,5
4235,8593,4
17139,562,4
15965,5822,3
17706,258,5
17706,1316,3
17706,2041,5
17706,3757,2
17706,31,4
17706,6377,5
17706,2259,1
17706,6439,4
17706,430,3
17706,3802,4
17706,1427,3
17706,3921,4
17706,45,4
17706,463,5
17706,63,4
17706,1757,5
17706,361,4
17706,590,3
17706,5198,4
17706,195,5
17706,35,1
17706,1208,5
17706,4524,5
17706,915,5
17706,5026,5
1640,662,4
12060,272,3
12060,544,4
12060,681,4
12060,1489,3
12060,1956,3
12060,2556,4
12060,2324,3
12060,1131,3
12060,3774,4
12060,387,4
12060,227,3
12060,329,4
12060,1255,3
17139,4367,4
16282,4978,3
13226,421,4
9178,1761,4
5102,5012,5
4235,1334,2
3021,1682,3
3021,54,3
3021,315,3
3021,665,3
3021,5254,5
3021,156,3
3021,455,3
15965,1205,4
15965,1270,4
15965,649,4
6144,208,3
6144,1,4
6144,20,4
6144,17,4
22339,1394,5
22339,1363,5
22339,1340,5
22339,1304,5
22339,2154,4
22339,2721,5
22339,3188,4
22339,16,3
22339,98,4
22339,140,3
22339,4,3
22339,1633,3
22339,1993,4
22339,2604,3
22339,898,4
22339,696,5
22339,205,4
22339,1533,3
22339,3128,2
22339,1382,5
22339,9363,3
22339,180,2
22339,92,2
22339,239,3
22339,162,1
22339,67,3
22339,11,3
22339,53,3
22339,723,3
22339,3009,4
22339,582,3
22339,9762,2
22339,97,3
7041,4796,4
17139,55,3
3455,3440,3
6144,34,3
22339,4681,4
9178,1135,3
22339,436,3
5102,8977,5
17139,2375,2
22700,771,5
22700,181,3
22700,3033,3
22700,2950,4
22700,734,4
22700,4,3
22700,5,4
22700,264,5
22700,456,4
22700,3763,2
22700,129,3
22700,198,3
22700,113,4
22700,29,5
22700,13,5
22700,530,4
22700,555,5
22700,360,5
22700,914,5
22700,910,4
22700,1584,4
22700,14,2
22700,28,2
22700,804,5
22700,773,4
22700,83,4
22700,353,4
22700,855,2
22700,714,4
22700,125,5
22700,55,5
22700,547,3
22700,1019,5
22700,1881,3
22700,503,3
22700,154,5
22700,204,3
22700,248,3
22700,839,5
22700,130,3
22700,1885,3
22700,65,5
22700,770,5
22700,401,5
22700,1521,2
22700,650,2
22700,298,4
22700,357,5
22700,715,4
22700,395,5
22700,1526,2
22700,879,5
22700,959,2
22700,402,2
22700,512,3
22700,736,5
22700,1411,4
22700,483,2
22700,274,5
22700,526,3
22700,989,5
22700,882,4
22700,966,4
22700,9,2
22700,86,3
22700,288,4
22700,209,4
22700,84,4
22700,72,5
22700,731,4
22700,1247,5
22700,1974,3
22700,1003,2
22700,2873,4
22700,4383,4
22700,123,2
22700,982,5
22700,227,3
22700,628,3
22700,162,3
22700,1364,3
22700,426,4
22700,142,5
22700,168,4
22700,205,2
22700,405,5
22700,476,5
22700,272,4
22700,653,5
22700,663,4
22700,2498,3
22700,9766,1
22700,7949,5
22700,4140,5
22700,6612,3
22700,6064,2
22700,2727,2
22700,1734,4
22700,8306,5
22700,2362,4
22700,5992,3
22700,8961,5
22339,14,4
15965,5045,3
12060,1716,3
22700,4887,4
12060,75,3
12060,1457,3
17139,408,3
12060,105,1
17139,241,4
17139,2459,5
17139,7518,5
22700,3560,4
22700,8724,3
22700,1739,4
22700,1829,3
22700,556,3
22700,1117,3
22339,3123,4
12060,627,2
12060,7928,3
12060,106,4
4235,185,4
12060,290,3
18707,189,4
18707,59,4
18707,160,3
18707,4655,4
18707,37,4
18707,1140,3
18707,1667,3
18707,831,3
18707,541,4
15388,185,5
15388,1588,3
22700,344,3
5102,745,5
4235,362,3
22700,4973,2
17139,45,4
15965,95,4
1640,17,3
1640,2136,2
1640,1547,3
18797,440,5
18797,3946,4
18797,1854,5
17139,144,5
17139,188,4
4235,5199,3
3455,1408,5
3455,8182,5
18707,8917,4
18707,1799,3
18707,2987,2
18707,1669,4
22700,2636,4
18797,111,3
18797,2135,4
18797,2121,4
18797,3690,4
18797,1358,4
18797,2989,4
18797,7316,4
18797,5162,4
18797,2261,3
18797,2282,5
18797,2398,4
18797,2214,4
18797,3455,4
18797,2974,4
18797,4986,5
18797,5642,4
18797,5834,3
12060,1979,2
9178,46,3
24764,2038,2
24764,4007,3
24764,159,3
24764,1540,3
24764,981,3
24764,475,4
24764,3943,3
12060,4500,4
12060,2996,2
12060,7897,1
25308,274,4
25308,22,5
25308,33,5
25308,64,4
25308,111,4
25308,304,5
25308,625,5
25308,885,5
25308,1159,5
25308,1675,5
25308,2578,4
25308,6057,4
25308,8080,4
25308,4171,5
25308,2820,4
25308,1567,4
25308,2087,4
25308,150,5
25308,4,5
25308,8,5
25308,1,5
25308,60,4
25308,249,5
25308,325,5
25308,494,5
25308,522,5
25308,104,5
25308,115,5
25308,941,5
25308,662,4
25308,100,5
25308,212,5
25308,178,4
25308,483,5
25308,557,5
25308,604,5
25308,3811,4
25308,4598,4
25308,2229,4
25308,81,5
25308,238,3
25308,2379,4
25308,4391,4
25308,7615,5
25308,2363,5
25308,15,5
25308,87,5
25308,895,4
25308,495,5
25308,1942,4
25308,4994,4
25308,114,4
25308,1083,5
25308,317,5
25308,383,4
25308,765,4
25308,763,5
25308,2643,5
25308,2010,5
25308,754,5
25308,236,5
25308,3618,4
25308,270,5
25308,92,4
25308,82,5
25308,181,5
25308,2346,5
25308,5225,4
25308,758,5
25308,3308,5
25308,688,4
25308,538,5
25308,5545,5
25308,1096,5
25308,546,4
25308,72,5
25308,1176,5
25308,966,5
25308,521,4
25308,243,5
25308,63,5
25308,37,5
25308,75,4
25308,136,4
25308,180,4
25308,323,4
25308,297,4
25308,198,5
25308,354,5
25308,8039,5
25308,3523,5
25308,205,5
25308,306,5
25308,326,5
25308,476,5
25308,919,4
25308,1202,4
25308,378,5
25308,90,5
25308,621,5
25308,468,5
25308,1411,5
25308,736,5
25308,3726,5
25308,508,5
25308,2251,5
25308,43,5
25308,17,5
25308,30,5
25308,121,4
25308,20,5
25308,5,5
25308,244,5
25308,226,5
25308,2679,5
22700,956,3
24764,8842,4
24764,711,3
24764,1575,2
5102,144,4
24764,5278,4
24764,2130,3
24764,1560,3
24764,2761,3
24764,564,5
24764,182,3
24764,4393,3
24764,6911,3
24764,1917,2
24764,1087,5
24764,927,1
24764,3919,4
25308,1815,5
25308,3856,4
25308,85,5
21163,609,3
21163,953,4
21163,818,2
21163,915,2
21163,936,3
21163,865,4
21163,1261,5
21163,967,2
21163,1139,2
21163,1208,4
21163,1199,5
21163,4507,5
21163,4574,5
21163,5181,5
21163,5173,5
21163,5331,5
21163,4494,5
21163,5586,5
21163,5366,5
21163,6249,4
21163,6775,4
21163,9037,5
21163,39,5
21163,110,5
21163,135,5
21163,165,5
21163,188,5
21163,45,4
21163,5113,5
21163,2300,5
21163,5674,5
21163,6720,5
1418,697,5
1640,634,3
1640,34,2
1640,147,3
5102,30,5
9178,60,3
15729,6199,4
15729,215,5
15729,295,3
15729,482,4
15729,1405,4
15729,354,5
15729,763,4
15729,1642,4
15729,6934,4
15729,8819,4
15729,2865,5
15729,3520,5
15729,484,3
15729,951,3
15729,1124,3
15729,1389,4
15729,2011,3
15729,4369,4
24764,2417,3
24764,8443,2
24764,1054,1
24764,4705,2
24764,1118,2
24764,203,4
16330,144,5
16330,87,5
16330,86,5
16330,231,5
16330,217,4
16330,266,5
16330,367,2
16330,924,2
16330,408,1
16330,216,5
16330,396,3
16330,445,4
16330,374,4
16330,973,4
16330,114,5
16330,197,4
16330,1162,4
16330,690,3
16330,221,5
16330,526,4
16330,4694,4
16330,2298,4
16330,762,5
16330,301,3
16330,316,5
16330,199,5
16330,651,4
16330,304,3
16330,870,2
16330,737,3
16330,605,2
16330,687,2
16330,176,4
16330,620,3
16330,1316,3
16330,815,2
16330,642,4
16330,877,5
16330,523,3
16330,245,4
16330,326,3
16330,787,3
16330,538,4
16330,1294,4
16330,745,3
16330,85,5
16330,895,3
16330,879,3
16330,3866,3
16330,765,2
16330,494,4
16330,969,3
16330,1381,5
16330,1485,3
16330,59,4
16330,1384,3
16330,1051,2
16330,409,5
16330,1710,4
16330,871,5
16330,1309,3
16330,9987,3
16330,473,4
16330,1471,3
16330,1185,5
16330,6117,3
12060,5985,2
12060,8502,2
12060,1197,3
22700,144,5
24764,1170,4
24764,632,4
22700,2189,3
27246,4219,4
27246,8,1
27246,42,4
27246,233,4
27246,669,5
27246,1458,4
27246,1758,3
27246,1393,4
27246,2612,3
27246,5448,4
27246,4091,4
27246,5392,4
27246,8664,3
27246,2367,4
27246,5198,5
27246,32,4
27246,354,5
27246,9689,3
27246,357,4
27246,171,4
27246,138,2
27246,95,3
27246,55,4
27246,131,4
27246,15,5
27246,65,3
27246,559,4
27246,80,4
27246,59,4
27246,264,3
27246,162,3
27246,1015,1
27246,1184,4
27246,650,3
27246,289,5
27246,1566,3
27246,595,4
27246,468,3
27246,1642,3
27246,119,5
27246,2355,2
27246,1783,4
27246,483,2
27246,38,3
27246,22,2
27246,150,3
27246,186,3
27246,304,3
27246,417,4
27246,258,4
27246,546,1
27246,885,3
27246,1171,4
27246,273,4
27246,901,4
27246,3686,4
27246,848,3
27246,4759,3
27246,7458,2
27246,6885,3
27246,16,4
27246,60,3
27246,494,5
27246,407,4
27246,325,5
27246,779,5
27246,2854,5
27246,9215,3
27246,948,3
27246,1752,4
27246,2128,2
27246,8366,4
27246,6980,3
27246,9533,3
27246,9542,4
27246,5237,3
27246,9714,4
27246,5627,5
27246,1970,2
27246,11,4
27246,46,1
27246,45,1
27246,115,5
27246,941,2
27246,268,5
27246,118,5
27246,100,4
27246,136,4
27246,272,5
27246,261,1
27246,2757,3
27246,3352,5
27246,5648,4
27246,5933,5
27246,212,4
27246,820,5
27246,1133,5
27246,3076,4
27246,57,5
27246,3,1
27246,1,2
27246,47,4
27246,328,4
27246,1005,1
27246,436,3
27246,306,3
27246,1021,5
27246,3751,5
27246,6021,5
27246,14,4
27246,28,5
27246,31,4
27246,216,4
27246,5215,5
27246,3707,5
27246,7059,5
17139,6564,4
27439,8339,3
27439,197,2
27439,586,1
27439,1155,4
27439,1367,3
27439,2289,4
27439,875,3
27439,1722,2
27439,1479,3
27439,73,3
27439,519,3
27439,933,3
27439,370,2
27439,923,3
27439,3052,3
27439,58,2
27439,35,3
27439,57,4
27439,64,3
27439,54,4
27439,47,4
27439,97,3
27439,62,2
27439,516,4
27439,90,2
27439,191,3
27439,1848,1
27439,1639,5
27439,4188,3
27439,3790,3
27439,6582,4
27439,9861,4
27439,106,5
27439,2948,3
27439,787,2
27439,1162,2
27439,2035,1
27439,1331,2
27439,1010,5
27439,780,5
27439,356,2
27439,1788,4
27439,1383,1
27439,3628,4
27439,184,3
27439,5580,4
27439,5510,3
27439,7254,3
27439,980,5
27439,1257,4
27439,8450,3
27439,3814,4
27439,1962,5
27439,1779,5
27439,2901,3
27439,3514,2
27439,2430,2
27439,3166,2
27439,6967,3
27439,7618,3
27439,3265,2
27439,187,4
27439,711,4
27439,1095,5
27439,3170,3
27439,569,3
27439,1652,2
27439,3369,4
27439,3664,3
27439,120,2
27439,645,3
27439,425,4
27439,1452,3
27439,4069,2
27439,1456,2
27439,3593,3
27439,3132,3
27439,656,2
27439,3335,3
27439,87,3
27439,1265,3
27439,221,2
27439,490,2
27439,211,3
27439,582,1
27439,2278,4
27439,362,4
27439,513,3
27439,6775,3
27439,1934,3
27439,336,3
27439,6499,4
27439,769,3
27439,2468,4
27439,1706,4
27439,803,3
27439,1126,2
27439,720,3
27439,810,2
27439,4689,2
27439,4179,2
27439,3864,3
27439,1352,3
27439,835,3
27439,2537,3
27439,7863,2
27439,6622,3
27439,5847,2
27439,9319,2
27439,9851,2
27439,1828,2
27439,2434,1
27439,1321,2
27439,8415,3
27439,5780,1
27439,1510,3
27439,5523,2
27439,3266,2
27439,9806,2
27439,22,2
27439,242,3
27439,193,4
27439,927,4
27439,1679,2
27439,3101,4
27439,3595,3
27439,550,3
27439,114,4
27439,4612,3
27439,1869,3
27439,1108,2
12060,393,3
9178,264,4
3021,51,2
3021,153,2
3021,134,3
3021,309,2
3021,319,2
3021,1030,4
18707,1531,4
18707,3712,4
18707,3179,4
18707,4720,4
17139,1247,3
28450,34,4
28450,99,3
28450,5882,5
28450,39,4
28450,110,3
28450,135,5
28450,165,2
28450,188,4
28450,3485,5
28450,3625,3
28450,474,3
28450,1294,4
28450,985,5
28450,688,4
28450,4162,5
28450,201,3
28450,145,2
28450,170,5
28450,62,5
28450,368,5
28450,480,5
28450,1,4
28450,20,4
28450,17,3
28450,11,4
28450,5969,4
28450,4860,4
28450,5750,2
28450,4417,4
28450,1371,5
28450,3062,3
28450,9182,5
28450,3385,5
28450,127,4
28450,211,4
28450,193,5
28450,101,3
28450,92,5
28450,1069,5
28450,16,4
28450,8736,4
28450,1188,5
28450,46,4
28450,2290,4
28450,895,1
28450,1515,5
22700,97,5
28450,12,4
28450,526,5
28450,3171,5
28450,4633,3
28450,398,4
28450,3207,3
28450,7292,4
28450,151,3
28450,7372,5
28450,743,4
28450,191,3
28450,2691,3
28450,501,3
28450,232,4
28450,3287,3
28450,1693,3
28450,2923,3
28450,1677,3
28450,5453,5
28450,677,5
28450,73,4
28450,3598,3
28450,2117,3
28450,5772,4
28450,990,5
28450,1024,3
28450,3810,2
28450,362,5
28450,1106,5
28450,41,3
28450,1835,4
28450,8229,5
28450,1117,4
28450,3597,4
28450,1288,5
28563,661,4
28563,863,2
28563,1635,4
28563,905,3
28563,2039,4
28563,1632,5
28563,1229,4
28563,1775,4
28563,3376,4
28563,971,3
28563,4315,4
28563,3051,4
28563,1447,4
28563,1603,3
28563,549,4
28563,1266,4
28563,1211,4
28563,148,3
28563,1478,3
28563,919,4
28563,1435,4
28563,225,3
28563,2736,4
12799,192,5
12799,307,5
17139,1081,3
28563,2464,4
28563,899,5
28563,3352,3
28563,2018,5
12060,9820,2
15965,5,5
12060,4470,1
12060,752,3
12060,2599,1
28563,4375,3
28563,765,4
28563,2320,4
28563,1309,3
29144,1229,5
29144,626,5
29144,844,5
29144,971,5
29144,1765,5
29144,2438,5
29144,1875,5
29144,2260,5
29144,2731,5
29144,2127,5
29144,3936,5
29144,3151,5
29144,3279,5
29144,4180,5
29144,4434,5
29144,6347,5
29144,549,5
29144,251,5
29144,976,5
29144,296,5
29144,1984,5
29144,8924,5
29144,8774,5
29144,7323,5
29144,5601,5
29144,339,5
29144,278,5
29144,364,5
29144,358,5
29144,1921,5
29144,391,5
29144,356,5
29144,2007,5
29144,4791,4
29144,7927,5
29144,15,5
29144,176,5
29144,316,5
29144,4407,5
29144,786,5
29144,9763,5
29144,2725,5
29144,3895,5
29144,152,4
4235,1032,3
15965,972,4
15965,706,4
5102,1268,2
24764,644,4
24764,995,3
12060,2358,2
24764,1724,2
24764,234,3
24764,3411,3
18917,34,2
18917,99,2
18917,342,2
18917,5449,3
18917,58,2
18917,7,4
18917,646,2
24764,837,2
21163,635,4
21163,1367,5
21163,6502,3
21163,516,5
29410,172,2
29410,471,5
29410,451,5
29410,958,5
29410,116,5
29410,66,5
29410,311,3
29410,7430,3
29410,734,4
29410,840,4
29410,740,5
29410,2,5
29410,19,3
29410,379,3
29410,330,5
29410,389,5
29410,192,5
29410,3291,5
29410,2382,3
29410,6554,3
29410,4182,5
29410,5554,5
29410,6284,3
29410,7095,3
29410,5560,3
29410,2299,3
29410,562,4
29410,263,5
29410,307,5
29410,1175,5
29410,2385,5
29410,6505,5
29410,997,3
29410,6951,3
29410,42,5
29410,1622,3
29410,2168,5
29410,1320,5
29410,540,5
29410,639,5
29410,4014,5
29410,4645,3
29410,8591,5
29410,497,3
29410,1497,3
29410,76,5
29410,109,4
29410,1,3
29410,12,2
29410,223,2
29410,1686,3
29410,1128,5
29410,3765,5
29410,8482,3
29410,3137,3
29410,7258,5
29410,960,5
29410,603,5
29410,988,5
29410,1049,5
29410,1396,3
29410,2954,3
29410,346,3
29410,2289,4
29410,6756,5
29410,3593,4
29410,3132,4
29410,5221,4
29410,7502,3
29410,2642,4
29410,1626,4
29410,6244,3
29410,289,4
29410,3302,4
29410,8995,4
29410,1323,3
29410,1032,4
29410,9137,3
29410,3,3
29410,37,4
29410,84,3
29410,288,3
29410,117,5
29410,3019,4
29410,126,4
29410,457,5
29410,93,5
29410,265,3
29410,1465,3
29410,1185,4
29410,3056,5
29410,59,4
29410,270,3
29410,496,3
29410,1061,3
29410,103,3
29410,1833,5
29410,7352,3
29410,15,3
29410,800,3
29410,446,3
29410,2445,5
29410,2857,5
29410,6853,5
29410,1791,5
29410,3681,5
29410,371,3
29410,73,5
29410,340,3
29410,3644,4
29410,7119,5
29410,53,3
29410,3350,5
29410,5136,5
29410,6734,3
29410,6792,5
29410,4125,5
29410,5390,4
29410,163,3
29410,321,4
29410,1772,3
29410,1452,5
29410,1581,3
29410,5686,2
29410,6396,3
29410,5989,3
28563,65,4
28563,405,4
28563,2339,5
28563,4640,5
28563,7771,4
28563,63,4
28563,32,4
28563,129,4
28563,395,4
28563,816,5
28563,102,4
28563,157,4
28563,579,2
28563,876,2
28563,251,4
28563,339,2
28563,278,4
28563,364,3
28563,626,3
28563,1287,2
28563,1402,3
28563,798,2
28563,245,3
28563,594,4
28563,577,4
28563,1639,3
28563,4188,3
28563,1373,3
28563,1305,3
28563,2315,3
28563,1469,3
28563,2260,3
28563,50,4
28563,85,3
28563,2,3
28563,37,4
28563,1545,4
28563,1488,4
28563,7016,1
28563,6708,2
28563,3762,2
28563,4419,4
28563,4886,3
28563,9615,2
28563,454,1
12060,1903,1
29410,3147,5
15965,1204,4
17139,608,5
15965,640,3
18707,3894,3
29865,1,2
29865,104,3
29865,3443,5
29865,441,4
29865,900,3
29865,474,3
29865,16,4
29865,98,4
29865,140,4
29865,1795,5
29865,609,4
29865,2156,2
24764,2951,1
29865,705,4
29865,1288,5
29865,578,4
29865,72,4
29865,670,5
29865,731,5
29865,2144,4
29865,209,5
29865,431,5
29865,1802,2
29865,4422,2
29865,84,5
29865,1117,2
29865,168,5
29865,243,4
29865,205,5
29865,696,2
29865,898,2
29865,176,4
29865,232,1
29865,237,3
29865,349,4
29865,553,5
29865,556,5
29865,725,1
29865,675,4
29865,806,1
29865,865,5
29865,1248,3
29865,1261,2
29865,1123,4
29865,1139,4
29865,1208,4
29865,126,5
22700,974,4
22700,271,5
22700,1048,4
18365,37,5
18365,328,1
18365,817,4
18365,263,3
18365,469,3
18365,1323,2
18365,64,1
18365,289,4
18365,117,4
18365,561,5
18365,793,5
18365,1707,4
18365,2326,4
18365,4419,4
18365,410,3
18365,90,5
18365,1481,2
18365,77,5
18365,594,3
18365,707,5
18365,853,3
18365,1279,2
18365,2985,5
18365,4214,3
18365,375,4
18365,191,3
18365,766,4
18365,3672,4
18365,490,5
18365,1077,4
18365,9385,4
18365,1199,4
18365,943,5
18365,2386,5
18365,4994,4
18365,41,2
17139,2334,3
15965,35,5
4235,373,5
12060,5875,4
29410,613,3
17139,217,5
15965,1529,3
24764,200,4
24764,28,5
15965,1467,5
22339,3652,3
22339,5321,3
22339,37,2
22339,160,3
22339,3,2
22339,9,4
22339,10,1
22339,55,3
22339,3960,3
17139,937,3
17139,13,3
17139,32,4
17139,2859,4
15965,68,4
18707,3007,4
28563,1281,5
24764,48,3
24764,14,3
24764,271,3
24764,36,3
9178,414,3
22339,6887,3
22339,7817,3
22339,6064,4
22339,26,2
22339,4756,2
18707,2147,4
29144,25,5
29144,27,5
29144,24,5
29144,21,5
29144,422,5
29144,480,5
12060,575,3
18797,7243,5
22339,474,3
31430,1660,5
31430,121,5
31430,162,5
31430,167,4
31430,37,4
31430,62,4
31430,495,4
31430,1370,5
31430,383,2
31430,349,4
31430,441,4
31430,768,4
31430,54,4
31430,295,4
31430,398,3
31430,474,4
31430,691,4
31430,1877,4
31430,6257,5
31430,1272,3
31430,446,3
31430,9083,3
31430,3761,5
31430,7257,3
31430,4331,4
31430,3564,2
31430,1392,4
31430,2494,1
31430,2441,4
31430,5625,4
31430,191,4
31430,365,3
31430,1315,5
31430,7543,4
31430,490,5
31430,3849,5
31430,5384,4
31430,753,4
31430,2129,4
31430,2760,3
31430,2766,4
31430,4,4
31430,322,3
31430,2678,4
31430,5980,3
31430,765,4
31430,1494,4
31430,3417,5
31430,6105,3
31430,1645,3
31430,2011,4
31430,4369,4
31430,5482,3
31430,6750,2
31430,8654,3
31430,1873,4
31430,4139,4
31430,18,4
31430,23,4
31430,426,4
31430,102,5
31430,284,3
31430,538,4
31430,1365,4
31430,1393,5
31430,1598,5
31430,5354,4
31430,3106,5
31430,1106,3
31430,4605,4
31430,4443,4
31430,1318,3
31430,3387,5
31430,2344,4
31430,8873,4
31430,6895,4
31430,1462,3
29144,3337,5
22339,1,2
22339,17,2
22339,20,3
22339,6030,3
31685,4,2
31685,5,2
31685,8,2
31685,13,3
31685,129,3
31685,14,4
31685,2,5
31685,28,5
31685,22,5
31685,64,5
31685,169,5
31685,667,5
31685,4314,5
31685,1284,5
31685,46,5
31685,186,5
31685,32,5
31685,198,5
31685,357,5
31685,55,5
31685,48,5
31685,57,5
31685,3,5
31685,153,5
31685,384,5
31685,1540,5
31685,2662,5
31685,5803,5
31685,1805,5
31685,3842,5
31685,3967,5
31685,3095,5
31685,1227,5
31685,3473,5
31685,2593,5
31685,2038,5
31685,889,5
31685,31,5
31685,3484,3
31685,548,4
31685,51,5
31685,6986,5
31685,5391,5
31685,4092,5
31685,246,5
31685,803,5
31685,893,5
31685,810,5
31685,1352,3
31685,2894,5
31685,6378,5
31685,7680,5
12060,2814,4
13226,295,4
29144,340,4
22339,343,3
22339,123,4
29865,13,4
29865,2584,5
29865,8798,3
29865,4701,3
29865,9710,4
29865,97,3
29865,799,3
29865,1719,3
29865,5304,4
29865,4795,3
28563,9309,4
18707,216,5
18137,8,5
18137,353,3
18137,773,4
18137,225,4
18137,387,3
18137,349,4
18137,305,5
18137,243,3
18137,556,3
18137,205,5
18137,441,3
18137,944,4
18137,232,5
18137,1248,5
18137,986,3
18137,1360,3
18137,670,4
18137,168,4
18137,4538,3
18137,213,5
18137,9540,4
18137,118,5
18137,287,4
18137,1175,4
18137,382,4
18137,189,5
18137,464,4
18137,439,5
18137,19,5
15729,2516,4
15729,8163,4
29144,6,5
31430,2334,5
9178,57,3
1418,2305,5
18365,1281,5
29865,5999,4
29865,191,5
29865,365,5
29865,1864,4
29865,2478,4
1418,2644,5
22339,196,3
28563,421,3
31430,1195,4
1640,1440,4
1640,3501,3
1640,119,3
15965,2833,5
29144,577,5
12060,8910,3
4235,5734,2
15965,3960,4
15965,6887,4
15965,7817,4
24764,1951,3
16330,1164,3
4434,1602,4
4434,1690,2
4434,2407,3
4434,2448,3
4434,1654,3
4434,188,3
4434,7,5
4434,189,4
4434,611,3
4434,192,5
4434,307,4
4434,3820,3
4434,4931,3
4434,3817,3
4434,3,1
4434,70,5
4434,760,4
4434,1646,4
4434,2312,4
4434,2564,3
4434,167,5
4434,312,3
4434,6321,1
4434,4633,2
4434,1086,2
4434,1553,3
4434,2090,3
4434,2224,3
4434,2303,2
4434,2341,2
4434,2550,1
4434,2605,1
4434,2549,2
4434,109,4
4434,1628,5
4434,53,4
4434,345,3
4434,447,2
4434,648,1
4434,13,3
4434,54,5
4434,400,4
4434,442,5
4434,1142,3
4434,24,4
31430,5033,3
22339,9801,3
22339,614,3
22339,9810,2
8162,320,3
8162,694,3
8162,1640,3
8162,455,3
8162,1190,4
8162,801,5
8162,6406,4
8162,8405,4
8162,5942,3
8162,8385,4
8162,1030,3
8162,1268,4
8162,3861,4
8162,2350,4
8162,1439,3
8162,689,4
8162,8230,3
8162,414,4
8162,295,4
8162,6,3
8162,993,4
8162,2598,5
8162,4362,3
8162,5711,4
8162,4098,2
8162,7856,5
8162,226,3
8162,2704,4
8162,6090,4
8162,4122,4
8162,3845,3
8162,1011,5
8162,2057,3
8162,482,4
8162,2114,5
8162,1,4
8162,31,4
8162,208,2
8162,924,3
8162,34,4
8162,771,3
8162,636,4
8162,2449,4
8162,46,4
8162,2679,3
8162,1300,4
8162,4,4
8162,15,5
8162,2,4
8162,87,5
8162,11,5
8162,25,5
8162,42,4
8162,47,5
8162,18,5
8162,24,5
8162,33,4
8162,27,5
8162,114,3
8162,90,4
22339,1156,2
18365,4602,4
29865,7143,4
29865,1360,2
29865,1339,4
29865,1900,3
29865,1987,5
29865,2155,4
29865,2979,3
29865,3205,3
29865,5903,2
29865,3937,4
29865,6323,5
29865,739,5
29865,305,4
15965,6,5
15965,8,5
22339,1630,4
22339,1602,4
22339,1690,4
22339,3309,4
22339,1654,3
14803,298,5
14803,432,4
14803,897,4
14803,503,5
14803,693,4
14803,104,5
14803,1003,4
14803,239,4
14803,929,4
14803,191,4
14803,6188,4
14803,168,5
14803,176,5
14803,232,4
14803,731,5
14803,243,4
14803,305,5
14803,237,5
14803,349,5
14803,556,4
14803,553,4
14803,578,5
14803,609,3
14803,675,4
14803,865,5
14803,967,3
14803,703,3
14803,1123,5
14803,915,3
14803,1208,4
14803,818,2
14803,944,2
14803,911,3
14803,1900,4
14803,1075,3
14803,1423,2
14803,1248,4
14803,986,3
14803,1576,3
14803,1339,5
14803,2155,4
14803,2041,1
14803,2979,3
14803,1288,5
14803,1498,3
14803,4772,4
14803,1987,4
14803,4931,5
14803,7257,5
14803,9716,3
14803,966,3
14803,2125,5
14803,1419,5
14803,1698,5
12060,9831,3
14803,155,4
14803,161,5
14803,502,5
14803,809,4
14803,3360,5
14803,7884,5
14803,1719,4
14803,6171,4
14803,129,5
22339,288,3
22339,628,3
22339,1643,3
22339,1972,3
22339,2730,3
22339,2242,3
22339,5655,3
22339,2859,3
14803,4955,3
14803,5695,4
14803,7226,5
14803,7118,4
14803,7253,3
14803,628,3
14803,785,3
14803,1643,3
14803,1972,2
14803,2242,4
14803,2666,3
14803,2730,2
14803,2859,3
14803,97,4
14803,705,3
14803,1589,4
14803,488,5
14803,739,5
14803,612,4
14803,725,3
14803,3205,4
14803,806,3
14803,1261,4
14803,1795,2
14803,5903,4
14803,1520,5
14803,1235,5
14803,4661,5
14803,7080,2
14803,429,3
14803,799,3
14803,8996,4
14803,441,4
14803,1055,1
14803,94,1
31430,822,5
29865,4859,3
29865,5134,4
29865,7092,3
29865,1974,3
29865,2481,4
29865,5188,4
5102,3442,4
31430,5150,4
29865,866,4
4235,899,4
1640,1310,4
32953,39,5
32953,188,3
32953,165,4
32953,135,5
32953,110,5
32953,1346,5
32953,6246,4
32953,1731,5
32953,3174,5
32953,1356,5
32953,1200,5
32953,1254,4
32953,917,5
32953,1674,5
32953,562,5
32953,307,5
32953,2606,3
32953,192,5
32953,389,5
32953,598,5
32953,1230,4
32953,960,3
32953,1049,4
32953,603,3
32953,6797,4
32953,3578,4
32953,2871,5
32953,8568,5
32953,1479,4
32953,1018,5
32953,1528,5
32953,746,5
32953,2006,4
32953,1880,4
32953,2416,4
32953,2654,4
32953,2808,4
32953,3393,3
32953,3500,4
32953,4257,3
32953,4914,3
32953,5168,3
32953,6744,3
32953,6581,3
32953,6380,4
32953,7030,3
32953,7747,3
32953,7578,3
32953,7464,3
32953,9133,3
32953,9480,3
32953,2825,4
32953,3601,4
32953,4571,4
32953,4806,4
32953,5672,4
32953,5951,4
32953,565,5
32953,1665,4
32953,330,4
32953,510,4
32953,528,4
32953,722,4
32953,949,4
32953,1023,4
32953,1119,4
32953,988,4
32953,1249,4
32953,1362,3
32953,1278,3
32953,1525,3
32953,2056,3
32953,1801,4
32953,1918,4
32953,3182,4
32953,3137,3
32953,4588,4
32953,4101,3
32953,4459,2
32953,4608,3
32953,4944,3
32953,8491,2
32953,8185,2
32953,9216,3
32953,9911,3
32953,9622,2
32953,9330,2
32953,168,5
32953,232,4
32953,612,4
32953,725,4
32953,806,4
32953,3360,3
32953,5695,3
32953,4955,3
32953,4215,3
32953,1396,4
32953,2239,3
32953,8317,3
32953,7,4
32953,964,5
32953,1374,2
32953,2682,5
32953,3483,4
28563,4685,5
22339,8150,3
31430,665,3
14803,2536,4
14803,5470,3
14803,6509,3
14803,547,3
14803,1204,4
29865,5795,3
14803,325,4
14803,476,4
28563,1928,4
28563,1664,5
28563,154,4
28563,2103,4
28563,4584,4
28563,1580,4
28563,1521,4
28563,248,4
28563,6430,4
28563,4974,4
32953,7095,4
15965,3540,4
32710,17,3
32710,20,3
32710,21,3
32710,24,3
32710,18,3
32710,23,3
32710,63,3
32710,282,3
32710,66,2
32710,89,4
32710,161,4
32710,155,4
32710,8,4
32710,114,3
32710,118,3
32710,289,3
32710,337,3
32710,26,3
32710,2021,2
32710,98,5
32710,189,4
32710,44,1
32710,5,4
32710,80,4
32710,93,3
32710,179,3
32710,145,3
32710,646,2
32710,650,3
32710,48,3
32710,72,3
32710,306,3
32710,1161,3
32710,883,3
32710,653,4
32710,237,2
32710,71,2
32710,1649,3
32710,354,3
32710,696,3
32710,95,3
32710,561,3
32710,6383,3
32710,896,3
32710,2671,3
32710,3767,3
32710,350,2
32710,659,4
32710,361,4
32710,994,3
32710,540,3
32710,243,3
32710,1506,1
32710,903,2
32710,209,3
32710,818,2
32710,1310,3
32710,8109,4
32710,301,3
32710,937,4
32710,1477,2
32710,257,3
32710,2718,4
32710,157,4
32710,4282,2
32710,597,3
32710,565,3
29865,32,4
1640,60,4
21163,522,4
21163,8826,5
21163,4213,5
21163,6171,5
29144,178,5
32710,3469,4
33464,205,2
33464,114,3
33464,25,5
33464,54,4
33464,8,3
33464,104,4
33464,2,5
33464,28,3
33464,14,4
33464,95,4
33464,102,4
33464,48,3
33464,157,4
33464,289,2
33464,4,5
33464,15,3
33464,229,3
33464,251,3
33464,18,4
33464,24,3
33464,27,4
33464,444,5
33464,339,2
33464,130,4
33464,6654,4
22339,547,3
28563,3898,4
32710,2160,4
32710,603,3
32710,2225,2
32710,2043,4
32710,2470,4
32710,3036,3
32710,3883,3
32710,4979,3
32710,1121,3
32710,1005,4
32710,480,3
32710,495,3
32710,25,3
32710,27,3
32710,56,2
32710,52,2
32710,49,2
32710,135,3
5102,2742,4
33638,524,3
33638,4967,1
33638,1141,2
33638,13,5
33638,5,3
33638,664,4
33638,1561,4
33638,5881,3
33638,28,3
33638,131,3
33638,60,1
33638,33,4
33638,150,2
33638,65,4
33638,104,2
33638,3,1
33638,115,1
33638,113,3
33638,943,5
33638,316,5
33638,75,2
33638,6453,4
33638,3024,5
33638,8977,4
33638,50,5
33638,2035,4
33638,549,5
33638,1923,5
33638,4155,3
33638,7186,5
33638,1976,5
33638,2044,4
33638,6157,4
33638,3555,2
33638,1460,4
33638,1579,1
33638,278,5
33638,1272,3
33638,2897,4
33638,3023,5
33638,2250,4
33638,591,4
33638,8791,3
33638,9253,2
33638,758,3
33638,4418,3
33638,2321,5
33638,8789,4
33638,9921,4
33638,576,5
33638,1449,5
33638,2279,5
33638,2063,5
33638,82,3
33638,4080,5
33638,1927,4
33638,1710,3
33638,2841,2
33638,5274,5
33638,6351,2
33638,8073,1
33638,256,3
33638,2117,2
33638,1441,4
33638,7205,4
33638,2455,3
33638,87,4
33638,472,5
33638,698,3
33638,127,2
33638,973,4
33638,193,3
33638,2946,4
33638,4071,3
33638,1069,5
1640,45,4
1640,2746,2
31430,6125,5
12060,7642,4
12060,6722,5
33954,7,5
33954,2,5
33954,960,5
33954,19,5
33954,39,5
33954,62,3
33954,192,5
33954,223,5
33954,1686,4
33954,1396,5
33954,593,2
33954,2453,5
33954,408,5
33954,1969,5
33954,403,5
33954,2727,5
33954,79,3
33954,3349,5
33954,341,3
33954,1314,5
33954,374,4
33954,92,4
33954,6065,5
33954,70,5
33954,126,5
33954,276,5
33954,729,4
33954,371,5
33954,1105,4
33954,1262,5
33954,2045,4
33954,2491,5
33954,2817,5
33954,3247,3
33954,2196,5
33954,1294,5
33954,464,3
33954,720,3
33954,1510,4
33954,1321,3
33954,835,4
33954,1446,4
33954,260,5
33954,188,5
33954,135,5
33954,307,5
33954,27,5
33954,21,5
33954,167,2
33954,24,5
33954,165,5
33954,2262,5
33954,4044,5
33954,4440,5
33954,7127,5
33954,7986,5
33954,8592,5
33954,25,5
33954,1918,4
33954,1801,3
33954,3182,2
33954,789,5
33954,890,5
33954,1223,5
33954,2646,5
33954,1812,5
33954,1593,5
33954,2285,5
33954,2269,5
33954,2947,5
33954,2239,5
33954,4215,5
33954,4891,5
33954,4941,5
33954,5329,3
33954,6284,3
33954,6554,3
33954,7274,3
33954,7347,3
33954,8388,3
33954,8317,3
33954,6407,5
33954,6845,3
33954,4190,1
33954,528,5
33954,722,5
33954,330,5
33954,1023,5
33954,1362,5
33954,1278,5
33954,1525,5
33954,949,5
33954,1119,5
33954,1249,5
33954,2056,5
33954,988,5
33954,1374,4
32710,5012,4
32710,1969,3
32710,158,3
32710,2170,3
32710,2674,4
32710,3396,4
32710,3660,4
32710,7906,4
32710,3086,4
32710,2937,4
32710,1572,4
32710,5630,3
32710,2616,3
32710,556,3
32710,488,3
32710,1139,3
32710,897,2
32710,3200,4
32710,2677,4
32710,2271,4
32710,3395,4
32710,1895,4
32710,5923,4
32710,3082,4
32710,2353,4
32710,365,4
29144,2122,5
29865,511,3
29865,2150,3
29865,2351,3
29865,2074,3
29865,2745,3
1640,7414,2
1640,689,4
29144,149,5
25652,115,4
25652,33,5
25652,98,3
25652,10,5
25652,43,3
25652,63,4
25652,177,4
25652,116,5
25652,248,5
25652,130,5
25652,133,5
25652,65,3
25652,113,3
25652,19,5
25652,559,4
25652,11,4
25652,16,4
25652,28,5
25652,58,5
25652,94,5
25652,100,3
25652,122,3
25652,140,3
25652,138,3
25652,95,4
25652,36,4
25652,173,3
25652,178,4
25652,89,5
25652,180,5
25652,289,4
25652,225,5
25652,21,4
25652,24,4
25652,18,4
25652,29,5
25652,2,5
25652,70,4
25652,59,4
25652,117,5
25652,125,5
25652,102,5
25652,32,4
25652,55,4
25652,913,5
25652,7,5
25652,23,4
25652,25,5
25652,219,5
25652,1313,5
25652,916,4
25652,3077,4
25652,316,3
25652,40,4
22339,95,4
1640,30,3
4235,1738,3
29144,47,5
25652,2627,5
34472,54,5
34472,897,3
34472,247,3
34472,2548,3
34472,78,4
34472,108,3
34472,136,5
34472,120,4
34472,102,4
34472,469,5
34472,157,3
34472,158,4
34472,2,4
34472,868,5
34472,1253,3
34472,1823,4
34472,2446,3
34472,2892,4
34472,4375,4
34472,2877,5
34472,4271,4
34472,1108,4
34472,1717,4
34472,792,4
34472,2168,2
34472,1320,4
34472,1907,3
34472,2397,4
34472,3752,3
34472,133,3
34472,416,4
34472,93,3
34472,1497,4
34472,639,3
34472,497,5
34472,184,4
34472,37,4
34472,1772,5
34472,7829,4
34472,1327,4
34472,1207,3
34472,7524,5
34472,10,2
34472,14,4
34472,63,2
34472,76,2
34472,177,3
34472,71,3
34472,58,4
34472,28,3
34472,13,5
34472,131,3
34472,337,5
34472,547,3
34472,972,4
34472,9019,5
34472,293,4
34472,413,4
34472,529,4
34472,478,5
34472,590,3
34472,1605,3
34472,1434,4
34472,3833,4
34472,706,3
34472,8726,4
34472,79,4
34472,7,4
34472,97,3
34472,194,3
34472,341,4
34472,766,4
34472,1077,4
34472,1886,3
34472,4484,4
34472,11,4
34472,16,5
34472,5624,4
34472,268,4
34472,1,5
34472,322,4
34472,223,5
34472,205,4
34472,429,4
34472,1727,3
34472,3325,3
34472,9,3
34472,398,3
34472,179,4
34472,635,5
34472,3370,5
34472,7039,5
34472,1432,3
34472,403,3
34472,576,4
34472,531,3
34472,3022,4
34472,260,3
34472,680,2
34472,573,1
5102,135,5
12060,73,3
14893,281,4
14893,227,5
14893,343,5
14893,596,5
14893,473,5
14893,1037,5
14893,833,5
14893,1138,5
14893,1057,5
14893,5080,4
14893,3277,5
14893,963,5
14893,1245,5
14893,2055,5
14893,7733,3
14893,4636,5
14893,9805,5
14893,1733,5
14893,8883,5
14893,1301,5
14893,1407,5
14893,2849,5
14893,9358,5
14893,6549,5
14893,3940,4
14893,9507,4
14893,9987,4
14893,1260,5
14893,1902,5
14893,1388,5
14893,5121,5
14893,3394,5
14893,2607,5
14893,123,5
14893,1934,3
14893,237,3
14893,1922,1
14893,200,5
14893,1829,5
14893,731,5
14893,866,5
14893,1292,4
14893,982,5
14893,341,2
14893,8383,5
14893,531,1
14893,59,5
14893,679,5
14893,601,5
14893,545,5
14893,364,5
14893,544,5
14893,87,5
14893,7297,5
14893,512,5
14893,271,4
14893,321,5
14893,1373,5
14893,1742,5
14893,1825,5
14893,2215,5
14893,456,5
4235,5447,4
34607,38,3
34607,46,5
34607,2404,5
34607,3765,5
34607,11,4
34607,8,1
34607,28,2
34607,16,1
34607,10,5
34607,1112,3
34607,32,1
34607,48,1
34607,43,5
34607,113,1
34607,63,3
34607,36,5
34607,707,5
34607,64,3
34607,199,5
34607,169,3
34607,29,3
34607,402,4
34607,2370,3
34607,172,5
34607,225,1
34607,410,2
34607,44,3
34607,269,2
34607,476,1
34607,216,5
34607,133,3
34607,34,5
34607,77,4
34607,137,5
34607,4210,5
34607,433,5
34607,3839,3
34607,6513,3
34607,3001,3
34607,5566,5
34607,5064,4
34607,107,3
34607,152,3
34607,2591,5
34607,1680,5
34607,1209,2
34607,5375,2
34607,3935,5
34607,1813,5
34607,271,3
34607,14,1
34607,117,3
34607,5062,4
34607,8351,4
34607,9358,4
34607,2519,5
34607,1841,4
34607,3578,3
34607,233,1
34607,468,3
34607,401,1
34607,125,1
34607,613,4
34607,2949,4
34607,3909,4
34607,270,4
34607,18,5
34607,21,5
34607,27,5
34607,25,5
34607,23,5
34607,24,5
34607,4,2
34607,13,1
34607,15,3
34607,219,4
34607,157,5
34607,189,5
34607,85,5
34607,251,5
34607,50,5
34607,102,3
34607,391,5
34607,321,5
34607,422,5
34607,608,5
34607,245,4
34607,161,4
34607,248,1
34607,155,5
34607,52,4
34607,56,4
34607,17,5
34607,20,4
34607,49,4
34607,386,4
34607,7960,4
28563,4635,5
29144,4311,5
15965,837,4
15965,39,4
4235,472,5
21163,400,4
15965,3070,3
15965,5364,4
15965,5108,3
24764,713,4
32710,358,4
32710,251,4
32710,375,3
32710,364,3
32710,964,4
32710,317,4
32710,304,3
32710,538,3
32710,225,4
32710,391,4
28563,6105,5
29144,995,3
5102,1685,4
15965,74,4
32710,642,3
15965,699,3
32710,579,4
15965,285,5
5102,8230,5
4235,4691,5
32710,1546,4
22339,13,3
15965,284,4
15729,9235,4
15729,2527,5
1640,244,3
1640,5680,3
1640,2704,4
32710,5506,2
15965,1700,3
15965,164,3
29144,254,4
15965,80,5
4235,4750,4
12060,1177,3
34607,4148,5
34607,99,5
34607,96,5
34607,2699,2
34607,311,3
34607,7637,5
34607,889,5
34607,841,5
34607,1513,5
34607,6067,3
34607,4693,5
25652,190,5
32710,140,4
32710,1085,3
32710,1100,3
5102,342,4
32710,630,4
15965,397,4
28563,7228,4
24764,2778,2
7696,30,3
7696,128,4
7696,225,5
7696,172,4
29144,475,5
5102,4879,4
35866,15,4
35866,106,2
35866,208,1
35866,1656,5
35866,179,3
35866,767,4
35866,994,5
35866,81,3
35866,3546,2
35866,659,4
35866,40,2
35866,1441,5
35866,1494,4
35866,2925,2
35866,256,1
35866,9,4
35866,5,2
35866,13,3
35866,14,3
35866,11,5
35866,150,5
35866,231,2
35866,273,2
35866,1171,3
35866,129,2
35866,337,4
35866,1687,2
35866,16,4
35866,45,5
35866,28,2
35866,38,2
35866,10,5
35866,7,1
35866,2,5
35866,60,4
35866,22,3
35866,111,2
35866,515,5
35866,311,4
35866,1202,2
35866,757,5
35866,734,4
35866,840,4
35866,1237,3
35866,1581,5
35866,3465,3
35866,9545,4
35866,8464,3
35866,3410,4
35866,2973,4
35866,8090,3
35866,2595,3
35866,6139,3
35866,3028,5
35866,5561,3
35866,3091,5
35866,2411,4
35866,3143,4
35866,3003,3
35866,7357,3
35866,8360,3
35866,46,3
35866,33,3
35866,148,2
35866,848,3
35866,31,3
35866,67,3
35866,186,5
35866,195,5
35866,216,4
35866,1471,3
35866,5454,3
35866,7609,2
35866,906,3
35866,7541,4
35866,396,4
35866,55,4
35866,57,4
35866,136,3
35866,2644,3
35866,261,3
35866,63,3
35866,230,4
35866,42,3
35866,121,2
35866,122,3
35866,2359,2
35866,76,4
35866,118,3
35866,198,4
35866,1435,2
35866,5648,3
35866,84,4
35866,171,4
35866,255,4
35866,194,1
35866,142,3
35866,75,4
35866,30,3
35866,66,3
35866,185,3
35866,289,2
35866,287,3
35866,116,3
35866,132,2
35866,522,4
35866,417,3
35866,126,2
35866,168,4
35866,410,3
35866,271,3
35866,72,4
35866,283,2
35866,424,1
35866,476,3
35866,59,3
35866,270,3
35866,145,3
35866,123,3
35866,414,2
35866,86,3
35866,78,3
35866,471,3
35866,883,2
35866,451,3
35866,174,1
35866,295,4
35866,700,3
35866,137,3
35866,764,3
35866,4,3
35866,496,3
35866,440,3
35866,4385,3
35866,825,4
35866,54,5
35866,316,4
35866,113,2
35866,501,5
35866,473,3
35866,902,4
35866,823,5
35866,982,2
35866,281,4
35866,521,3
35866,227,3
35866,3240,3
35866,3406,1
35866,445,2
35866,596,3
35866,367,2
35866,200,4
35866,1138,4
35866,3280,3
35866,8719,1
35866,799,3
35866,963,3
35866,1292,3
35866,866,4
35866,6280,3
35866,1245,3
35866,575,4
35866,660,4
35866,2213,5
35866,176,3
35866,1719,3
35866,882,5
35866,2066,2
35866,170,3
35866,487,5
35866,1003,2
35866,237,3
35866,1449,3
35866,2279,3
35866,2321,5
35866,1976,3
35866,2063,3
4434,3899,4
4434,37,4
4434,8686,3
28563,3861,3
25652,5286,5
35918,451,3
35918,3139,4
35918,2982,3
35918,2131,5
35918,6916,3
35918,47,5
35918,485,4
35918,121,3
35918,4783,3
35918,5065,3
35918,8298,3
35918,1940,5
35918,1074,2
35918,2552,5
35918,297,4
35918,4517,5
35918,1403,4
35918,3283,2
35918,8540,2
35918,2340,3
35918,28,5
35918,5808,3
35918,4238,5
35918,326,5
35918,368,5
35918,480,5
35918,1448,4
35918,4627,3
35918,5337,3
35918,4700,5
35918,3076,3
35918,3131,5
35918,484,2
35918,854,4
35918,129,4
35918,672,3
35918,4240,3
35918,6684,3
35918,200,5
35918,718,4
35944,989,3
35944,200,5
35944,1461,4
35944,16,4
35944,2,5
35944,53,5
35944,41,5
35944,3,1
35944,89,3
35944,1,3
35944,370,5
35944,19,4
35944,67,5
35944,42,5
35918,1318,4
35918,1555,3
35918,13,4
35918,2934,4
35918,1491,3
35918,2155,3
35918,6323,3
35918,5188,4
35918,606,4
35918,323,3
35918,8456,3
35918,881,3
35918,1613,5
35918,1624,4
35918,727,4
18707,12,4
18707,69,4
35918,5763,2
35918,9320,4
35918,350,2
35918,49,2
35918,3,3
35918,1015,3
35918,708,2
35918,1206,2
35918,48,4
35918,63,4
35918,3452,3
35918,3583,3
35918,4345,3
35918,5402,3
35918,6201,3
35918,7759,3
35918,4669,3
35918,7880,3
35918,7558,3
35918,2075,4
35918,228,3
1640,111,3
33638,8,3
33638,284,3
33638,1999,4
33638,1329,5
33638,14,4
33638,38,1
33638,46,2
33638,162,5
33638,167,5
33638,249,5
33638,195,3
33638,1011,3
33638,3187,5
33638,268,1
33638,196,3
33638,350,5
33638,180,5
33638,80,5
33638,516,3
33638,9990,3
33638,64,1
33638,70,4
33638,3954,2
33638,212,2
33638,29,3
33638,1887,5
33638,906,4
33638,2914,2
1418,291,5
21163,1403,5
29144,51,3
28563,1957,5
12060,1413,4
32710,239,4
29144,64,5
4235,250,5
4235,320,4
22339,6397,3
22339,9397,3
22339,5293,4
1640,1894,3
1640,59,4
29144,425,5
21163,22,4
29144,645,3
35944,1125,3
35944,1409,3
35944,1116,4
35944,1085,2
35944,1443,4
35944,2749,3
35944,4809,3
35944,5335,4
35944,2171,4
35944,26,4
28563,190,5
22339,2,4
22339,25,4
22339,18,4
22339,24,4
22339,27,4
22339,23,4
22339,21,4
29144,172,4
29144,760,5
21163,1427,4
21163,1574,5
21163,488,4
21163,1248,3
21163,1075,2
21163,986,3
21163,944,2
21163,911,3
21163,1123,4
21163,1053,3
21163,1288,5
21163,1339,3
21163,1900,4
21163,1795,3
21163,2352,3
21163,5188,3
36779,672,4
36779,768,4
36779,367,3
36779,2209,4
36779,1492,3
36779,2960,2
36779,5100,3
36779,1871,2
36779,2668,4
36779,699,2
36779,119,5
36779,560,2
36779,531,2
36779,171,3
36779,707,3
36779,496,3
36779,1521,2
28563,1009,4
36779,514,4
1418,9482,4
1418,1,4
36779,618,4
36779,272,4
36779,879,4
13226,1081,4
36779,139,4
36779,557,4
36779,8726,2
36779,499,3
4235,7233,5
36779,2722,3
36779,2163,2
36779,65,3
36779,1179,3
36779,353,3
12060,842,2
32710,3708,4
1418,359,5
36779,2479,4
36779,3477,4
1640,80,4
1640,2523,4
1640,606,4
1640,317,3
1640,545,4
1640,57,4
1640,4,4
1640,5,3
1640,29,3
1640,157,4
1640,32,3
1640,1,3
1640,47,4
1640,251,4
1640,18,3
1640,198,4
1640,358,4
1640,339,3
1640,19,2
1640,265,3
1640,6,3
1640,621,4
1640,350,4
1640,664,3
1640,1234,3
1640,293,3
12060,2377,4
12060,4226,3
36779,4708,5
18797,3300,4
18797,1006,4
28563,2449,3
15729,5563,1
15729,1967,4
15729,79,4
15729,341,4
15729,375,3
15729,3239,4
15729,4864,3
3059,3134,5
36779,1182,5
15965,13,4
18797,58,4
18797,130,5
18797,65,4
18797,131,5
18797,194,4
18797,116,4
18797,129,4
18797,395,5
18797,819,4
18797,1161,4
3455,1357,3
3455,4643,5
3455,747,3
3455,1350,4
3455,4346,4
22339,638,3
4235,836,1
4235,6710,3
4235,973,4
4235,4767,3
32710,277,4
29144,1054,5
29144,2628,5
37829,907,3
37829,1612,3
37829,2858,3
37829,2882,3
37829,3097,5
37829,4259,5
37829,107,5
37829,169,5
37829,152,4
37829,286,5
37829,420,4
37829,302,4
37829,571,5
37829,552,5
37829,716,5
37829,1414,5
37829,1459,4
37829,371,2
37829,432,4
37829,7,5
37829,14,4
37829,48,4
37829,28,3
37829,70,5
37829,26,5
37829,39,3
37829,1858,3
37829,1379,3
37829,511,3
37829,16,3
37829,446,5
37829,1631,5
28563,4856,4
28563,1136,5
25652,82,4
25652,236,5
22339,8539,4
22339,3340,4
22339,3477,4
22339,7214,3
22339,5290,4
24764,1523,3
24764,4158,3
24764,1505,5
24764,4203,3
24764,5262,3
24764,8,5
24764,5,4
24764,4,4
24764,238,4
24764,130,4
24764,121,4
24764,29,3
24764,13,4
24764,151,3
24764,2684,3
24764,1745,3
24764,67,4
24764,41,3
24764,80,5
24764,857,2
24764,2711,3
24764,206,2
24764,7334,4
22339,3484,4
35918,5595,4
35944,359,3
35944,151,5
35944,175,5
35944,214,5
35944,159,5
35944,294,4
35944,6674,1
35944,667,3
35944,4357,1
35944,3196,3
35944,64,3
35944,281,3
35944,2278,3
35944,2684,4
35944,2075,3
35944,4234,4
35944,5194,3
35944,5048,4
35944,5372,3
35944,5383,4
35944,672,5
35944,1741,5
35944,3229,3
35944,5041,2
35944,5861,3
35944,5115,1
35944,7635,1
35944,6684,3
35944,9469,3
35944,9400,3
35944,4815,3
22339,121,3
24764,2884,4
32710,219,3
37829,2506,5
37829,6529,5
12060,5262,2
7041,277,4
7041,8705,4
36779,492,4
36779,838,4
24764,423,2
22339,524,3
38408,2,3
38408,7,5
38408,1018,5
38408,307,5
38408,988,3
38408,603,5
38408,2299,4
38408,6797,4
38408,5951,3
38408,3291,4
38408,2825,4
38408,9525,5
38408,1418,4
38408,510,3
38408,192,5
38408,41,3
38408,167,5
38408,5047,5
38408,1368,5
38408,3325,5
38408,1727,4
38408,2469,5
38408,5298,4
38408,5439,4
38408,1332,4
38408,3858,5
38408,1,3
38408,429,5
38408,6982,5
38408,3317,5
38408,1496,4
38408,450,4
38408,389,5
38408,122,5
38408,562,3
38408,1322,5
38408,1884,3
38408,4044,4
38408,9397,5
38408,682,4
38408,2471,3
38408,5067,3
38408,598,3
38408,197,3
38408,2306,3
38408,1553,4
38408,89,5
38408,877,3
38408,817,4
38408,283,5
38408,593,4
38408,620,4
38408,747,4
38408,232,5
38408,666,5
38408,894,5
38408,1686,4
38408,7258,4
38408,1049,5
38408,2493,4
38408,9609,4
38408,4806,3
38408,565,5
38408,3174,3
38408,1869,3
38408,2385,3
38408,1964,3
38408,2669,4
38408,2170,3
38408,3521,4
38408,755,5
38408,1342,5
38408,1337,5
38408,1089,5
38408,1343,5
38408,1722,5
38408,72,3
38408,176,4
38408,168,5
38408,7143,4
38408,3735,4
38408,1719,4
38408,2485,3
38408,4528,3
38408,5570,3
38408,6186,4
38408,8686,4
38408,3684,3
38408,9139,5
38408,8798,3
38408,4795,4
38408,6557,5
38408,209,4
38408,367,5
38408,71,4
38408,237,3
38408,3804,4
38408,553,5
38408,556,3
38408,239,3
38408,578,3
38408,670,3
38408,675,3
38408,609,4
38408,967,4
38408,705,3
38408,865,4
38408,703,3
38408,915,4
38408,929,4
38408,944,3
38408,1123,4
38408,1208,3
38408,1086,3
38408,2887,3
38408,2225,3
38408,1075,2
38408,739,4
38408,986,4
38408,1339,3
38408,799,4
38408,1039,3
38408,1248,5
38408,1288,3
38408,2155,3
38408,6833,4
38408,802,4
38408,1498,4
38408,3205,5
38408,1261,5
38408,3282,3
38408,2954,3
38408,1419,3
38408,1698,3
24764,8844,4
37829,1,5
37829,20,4
37829,17,3
37829,41,3
37829,151,3
37829,159,3
37829,52,2
37829,56,1
35944,4481,4
35944,5952,5
38408,96,1
28563,5932,4
28563,5335,3
24764,962,4
22339,916,1
12060,2928,2
37829,8322,3
24764,9218,3
24764,8941,2
24764,947,4
24764,3783,2
20590,252,5
20590,581,5
32710,7256,3
24764,517,2
24764,589,3
24764,541,3
15965,3773,3
17139,277,4
17139,3727,4
17139,1381,4
17139,1374,3
17139,240,4
17139,551,4
17139,1474,3
17139,239,4
17139,1832,3
32710,194,3
32710,464,3
32710,172,3
38793,803,1
38793,3981,1
38793,810,3
38793,1126,5
38793,9457,1
38793,8172,2
38793,835,5
38793,3651,4
38793,2585,5
38793,6362,1
38793,2434,3
38793,3944,5
38793,2656,5
38793,6378,5
38793,5291,5
38793,8004,5
38793,3,2
38793,38,3
38793,34,5
38793,334,5
38793,1036,1
38793,796,5
38793,1981,1
38793,3081,5
38793,2330,3
38793,64,3
38793,218,5
38793,6,5
38793,254,3
38793,166,5
38793,525,5
38793,259,3
38793,327,3
38793,1523,3
38793,2217,5
38793,1251,5
38793,434,5
38793,600,3
38793,1147,1
38793,3473,5
38793,280,5
38793,12,5
38793,203,5
38793,938,5
38793,51,5
38793,9,5
38793,2,5
38793,159,5
38793,1456,1
38793,1626,2
38793,2909,2
38793,45,5
38793,7,5
38793,845,3
38793,241,2
38793,1860,4
38793,300,5
38793,72,4
38793,209,4
38793,243,5
38793,200,5
38793,183,5
38793,182,2
38793,644,5
9178,546,4
9178,290,3
24764,1773,3
28563,4671,4
1418,440,5
1418,1081,5
1418,882,4
1418,142,5
1418,689,4
17139,1988,4
29144,280,4
34330,290,4
34330,12,4
34330,69,4
34330,1,4
34330,17,4
34330,20,3
34330,1403,4
34330,484,4
34330,854,4
34330,951,4
34330,1124,5
34330,1389,5
34330,1236,3
34330,1645,4
34330,2011,3
34330,297,5
34330,742,4
34330,1837,4
34330,495,5
34330,1238,4
34330,1500,4
34330,1915,4
34330,5453,5
34330,677,4
34330,140,4
34330,8617,5
34330,380,4
34330,211,3
34330,341,3
34330,561,5
34330,85,5
34330,90,3
34330,37,4
34330,54,4
34330,5,2
34330,21,4
34330,23,4
34330,27,4
34330,24,4
34330,18,4
34330,25,4
34330,2,4
34330,284,4
34330,236,5
34330,249,5
34330,70,4
34330,98,4
34330,16,4
34330,587,5
34330,1392,5
34330,3598,4
34330,7257,4
34330,8489,3
34330,68,4
34330,124,4
34330,106,5
34330,239,4
34330,213,2
34330,934,3
34330,177,3
34330,97,4
34330,7711,4
34330,178,4
34330,323,5
34330,357,2
34330,131,2
34330,138,2
34330,405,4
34330,55,4
34330,13,4
34330,48,4
34330,3,1
34330,15,4
34330,28,3
34330,58,3
34330,42,4
34330,65,4
34330,32,3
34330,14,3
34330,50,4
34330,4,3
34330,8,4
34330,217,5
34330,408,5
34330,474,4
34330,6919,4
34330,193,3
34330,113,5
34330,523,4
34330,38,3
34330,22,3
34330,278,3
34330,350,3
34330,745,4
34330,4334,3
34330,7248,3
34330,1969,5
34330,688,5
34330,238,3
34330,1102,3
34330,1856,3
34330,2233,3
34330,4137,3
34330,758,4
34330,2661,4
34330,3545,5
34330,316,4
34330,1460,4
34330,1976,4
34330,1710,5
34330,8789,5
34330,5155,5
34330,819,5
34330,208,5
14893,7178,4
24764,965,4
36779,240,4
24764,2008,4
38793,1165,5
38793,539,5
38793,5172,5
38793,4448,5
38793,3297,5
38793,2153,5
38793,1769,5
38793,1702,3
38793,1219,5
29865,19,1
29865,155,1
29865,161,1
36779,30,5
17139,357,4
12060,8462,3
13226,1791,3
38793,4450,4
38793,6343,5
28563,4100,4
13226,409,4
13226,306,3
38793,2665,5
38793,5096,5
38793,2826,5
38793,2443,3
38793,6176,5
17139,2305,4
7041,126,5
7041,362,4
7041,372,3
35918,1770,4
35918,1182,5
28563,3570,4
17139,1868,4
39445,568,4
39445,532,5
39445,2111,5
39445,4012,5
39445,2515,5
39445,2059,5
39445,2622,5
39445,2830,5
39445,2920,5
39445,3449,5
39445,3190,5
39445,3167,5
39445,3470,5
39445,3214,5
39445,2964,5
39445,3786,5
39445,4056,5
39445,288,5
39445,628,5
39445,785,5
39445,1643,5
39445,1972,5
39445,2242,5
39445,2673,5
39445,2666,5
39445,2730,5
39445,2859,5
39445,5144,5
39445,5655,5
39445,5876,4
39445,8727,4
39445,9640,4
39445,9879,4
39445,8751,4
39445,1693,5
39445,1686,3
39445,1931,5
39445,2198,5
39445,2811,5
39445,3096,5
39445,3530,5
39445,3492,5
39445,3938,5
39445,3771,5
39445,9609,4
39445,9525,4
39445,6919,5
39445,7186,5
39445,9550,5
39445,1138,5
39445,2055,4
39445,3394,4
39445,2849,4
39445,3161,4
39445,3277,5
39445,3355,5
39445,4636,4
39445,3906,5
39445,5121,4
39445,5758,5
39445,5781,4
39445,5770,5
39445,6174,5
39445,7053,5
39445,6660,5
39445,7158,5
39445,7348,5
39445,8431,5
39445,8608,5
39445,1153,5
39445,17,5
39445,18,5
39445,25,4
39445,24,5
39445,27,5
39445,23,5
39445,21,5
39445,477,5
39445,1358,5
39445,1617,5
39445,1424,5
39445,1838,5
39445,1870,5
39445,2016,5
39445,2135,5
39445,1600,5
39445,1876,5
39445,2121,5
39445,2245,5
39445,2522,5
39445,2429,5
39445,2393,5
39445,3144,5
39445,2525,5
39445,3690,5
39445,7219,5
39445,2989,5
39445,3851,5
39445,4915,5
39445,4209,5
39445,5013,5
39445,6851,5
39445,6573,4
39445,9248,4
39445,1934,5
39445,6529,5
39445,8322,5
39445,110,5
39445,135,5
39445,165,5
39445,188,5
39445,1623,5
39445,450,4
39445,1552,5
39445,687,4
39445,274,5
39445,7293,5
39445,6259,4
39445,8150,4
39445,1379,5
39445,1858,5
39445,1763,5
39445,2261,5
39445,2568,5
39445,2737,4
39445,86,5
39445,123,5
39445,227,5
39445,281,5
39445,343,5
39445,596,5
39445,833,4
39445,1037,4
39445,1057,4
39445,963,4
39445,1245,5
39445,1301,4
39445,1388,4
39445,1573,2
39445,1407,4
39445,1733,4
39445,1902,3
39445,2607,3
39445,2212,4
39445,2057,4
39445,1543,4
39445,2375,5
39445,2517,4
39445,222,5
39445,1963,5
21163,277,5
21163,1381,4
21163,3524,3
21163,4683,3
17139,731,5
24764,539,3
28563,3122,4
28563,7066,3
22700,1040,5
24764,3444,4
24764,1285,3
15965,2322,3
37829,1848,5
17139,1405,3
12060,210,3
24764,750,2
17706,5022,5
17139,87,5
17139,2471,5
12060,384,3
12060,394,3
12060,419,3
12060,418,3
12060,543,3
12060,759,2
17916,220,4
17916,636,4
17916,4170,4
17916,222,4
17916,4771,4
17916,7741,4
17916,7287,4
15965,1555,3
32953,1546,5
32953,3282,4
37829,5559,5
37829,6254,5
37829,7164,5
37829,7691,5
37829,422,5
37829,399,5
5102,1899,2
17139,215,5
24764,1702,4
24764,938,3
24764,1036,4
24764,3004,4
24764,861,3
1640,2708,3
15965,4388,4
9178,5346,3
29144,903,4
9178,706,3
36779,186,5
36779,700,4
36779,764,5
36779,1501,5
36779,1537,5
36779,2510,5
36779,3354,5
36779,4243,5
36779,4532,5
36779,227,4
36779,544,4
36779,416,4
36779,8210,3
36779,86,4
36779,266,3
36779,639,3
36779,785,3
36779,1348,4
36779,738,4
36779,905,3
36779,1373,3
36779,1555,4
36779,451,3
36779,4196,3
36779,3580,4
36779,1742,3
36779,1207,3
36779,788,1
36779,3759,3
36779,526,3
36779,876,3
36779,3755,4
36779,839,4
36779,388,4
21163,1868,5
29865,295,4
15965,3828,5
15965,1703,4
31685,2722,5
29144,67,5
15965,746,5
17139,457,4
9178,972,3
32710,1262,4
15965,32,4
12060,1022,4
24764,2153,4
24764,3649,2
24764,9242,4
32710,1105,3
33954,6218,5
33954,5227,5
33954,346,4
33954,792,3
33954,1910,4
33954,1528,4
33954,2828,4
33954,5671,4
33954,5110,5
33954,3915,2
33954,189,5
33954,5996,5
33954,7578,2
33954,7464,2
33954,6603,5
24764,4652,3
24764,1219,3
13133,72,4
13133,675,5
13133,609,4
13133,2155,5
13133,8976,4
13133,5735,5
13133,322,4
13133,135,5
13133,39,5
13133,110,5
13133,165,5
13133,188,5
13133,1,4
13133,17,4
13133,20,4
13133,15,4
13133,157,4
13133,4454,4
24764,2826,3
24764,6343,3
24764,796,2
24764,1807,3
35918,474,5
32710,2045,2
32710,1246,5
32710,2669,3
32710,3278,3
24764,2972,3
9178,171,3
9178,293,4
32710,240,4
1640,1098,3
1640,1379,2
15965,664,3
15965,7919,3
15965,223,4
15965,918,4
15965,5444,4
38793,6657,5
38793,3748,5
32953,1905,5
24764,7870,3
24764,2542,3
17139,370,4
38793,5584,4
38793,2567,5
38793,2542,5
38793,99,5
38793,2183,4
24764,2185,4
32710,892,3
17139,794,4
35918,4827,4
35944,133,4
35944,9974,3
15965,8818,4
29144,837,5
29144,237,4
24764,942,1
38793,1983,4
38793,6499,5
38793,9256,5
29865,986,4
38793,105,5
38793,2099,1
9178,514,3
36779,1770,2
36779,5086,4
36779,6518,4
36779,2101,2
5102,320,4
24764,1769,3
22339,43,3
37829,12,5
37829,69,4
37829,105,4
36779,5568,4
37829,1480,4
32710,3247,5
32710,3246,5
18917,320,3
18917,559,3
5102,4767,5
29144,22,5
36779,2173,4
36779,3074,3
35918,324,5
38793,14,5
9178,71,4
29144,234,5
21163,17,3
21163,1,3
21163,20,3
29144,187,5
28563,146,5
29144,519,3
36779,4,5
29144,525,5
5102,5,5
38793,9467,4
13133,26,4
13133,9,5
13133,239,5
13133,391,4
32953,7105,4
17139,1001,3
36779,115,5
37829,1863,5
37829,1857,4
37829,2623,4
37829,2608,4
29144,1118,5
24764,3434,4
24764,9101,2
36779,941,3
36779,1204,2
5102,12,4
32710,2102,4
37829,214,3
37829,163,4
37829,294,3
37829,428,4
29144,8842,5
17139,2666,3
17139,47,4
36779,9689,2
29144,3160,5
4235,5,3
36779,977,3
21163,1029,4
21163,2244,4
21163,1138,5
21163,103,5
21163,413,4
5102,3525,4
36779,2415,2
36779,1287,2
36779,6850,3
36779,794,4
16330,112,3
16330,1242,2
16330,253,4
16330,1271,3
16330,7954,4
16330,3667,1
16330,3193,3
16330,359,3
16330,2281,3
16330,2088,3
16330,1182,4
16330,4837,3
16330,2048,3
16330,5656,4
16330,551,3
16330,277,4
16330,5,5
16330,13,5
16330,33,2
16330,28,4
16330,83,2
16330,48,3
16330,115,1
16330,128,2
16330,101,3
16330,73,1
16330,32,3
16330,82,5
16330,194,3
16330,36,4
16330,178,3
16330,225,4
16330,58,4
16330,181,5
16330,97,3
16330,119,3
16330,78,3
16330,142,5
16330,256,1
16330,522,3
16330,313,4
16330,261,5
16330,649,2
16330,195,3
16330,290,3
16330,148,2
16330,317,5
16330,441,4
16330,682,2
16330,993,3
16330,608,5
16330,8691,4
16330,754,4
16330,273,4
16330,2863,4
16330,584,3
16330,966,5
16330,4066,5
16330,9115,5
15965,1546,4
4235,8324,4
32953,189,4
36779,239,4
36779,104,3
36779,1961,4
36779,241,4
36779,296,3
36779,278,4
36779,1545,4
36779,681,5
36779,792,5
36779,70,4
36779,31,4
36779,339,3
17139,6769,4
15965,2933,4
32710,807,4
28563,494,4
35944,8380,3
6144,324,4
6144,1268,4
6144,164,4
6144,30,3
6144,698,4
35918,6559,4
32710,57,4
36779,1108,4
1418,2804,5
1418,190,5
24764,1165,1
24764,6001,3
17139,816,2
36779,572,4
29144,6839,4
24764,7220,4
24764,3718,3
24764,812,2
24764,1295,2
38793,756,5
4235,112,3
4235,1670,3
21163,1770,4
36779,1405,4
29144,2980,5
18917,809,4
18917,220,3
18917,6101,4
18917,681,3
18917,1590,2
35944,4771,5
35944,1210,3
35944,1112,3
35944,2924,3
35944,4490,4
35944,5894,2
35944,7570,4
35944,6742,3
21163,7072,4
33954,1546,4
33954,37,1
35944,5607,5
29144,5636,5
17139,2889,4
28563,673,4
29144,6051,5
32710,1057,3
32710,6,5
24764,2333,2
8890,253,4
4463,1494,4
24764,6339,2
29865,1498,1
29865,1292,4
29865,1491,2
29865,4863,4
29144,196,5
4235,12,4
29144,435,3
35918,911,4
29144,12,5
31430,1281,4
38793,7712,5
17139,6599,4
29865,1659,3
12060,9591,4
15965,1254,5
17139,584,3
35944,440,4
15965,2006,5
15965,192,4
36779,1796,3
7041,1,2
7041,20,1
7041,17,3
7041,155,5
7041,161,5
7041,1800,4
7041,489,5
7041,276,3
7041,2228,4
15965,217,4
36779,1241,3
36779,782,3
22339,413,4
31430,1001,4
14893,1610,5
14893,146,1
17139,862,5
29144,617,5
15729,1770,4
36779,2524,3
17139,1682,4
36779,3397,4
36779,2710,4
36779,3729,4
4235,91,2
11846,542,4
11846,602,2
11846,641,3
11846,1090,3
11846,337,5
11846,478,4
11846,1910,5
11846,499,4
11846,1666,4
11846,255,1
11846,178,4
11846,618,3
11846,1878,5
11846,293,4
11846,485,5
11846,650,3
11846,1367,4
11846,189,4
36779,617,4
13133,1451,5
13133,7865,4
13133,1698,4
13133,998,4
13133,627,5
13133,1707,5
13133,1383,5
13133,1469,3
13133,1373,4
13133,2415,5
13133,2311,4
13133,2741,5
13133,8031,5
13726,437,4
12060,595,1
31430,551,5
32710,389,4
32710,1200,3
9178,520,3
9178,1204,4
7041,215,4
17139,5179,4
18917,69,3
18917,105,3
18917,858,3
18917,12,3
9178,146,4
9178,2855,3
15965,2160,5
28563,961,5
36779,4774,4
36779,1327,2
36779,1887,3
28563,2316,4
12060,2629,3
24764,5153,3
15965,5819,3
11846,646,4
11846,1086,1
11846,335,4
11846,620,3
11846,102,4
11846,219,3
11846,301,4
11846,8686,4
11846,972,3
11846,6788,5
11846,2385,3
11846,2225,3
11846,1693,3
11846,7143,3
11846,1931,3
11846,1463,2
11846,1418,3
11846,2198,2
11846,6669,5
11846,5260,5
11846,131,3
11846,188,3
11846,5283,4
11846,1907,4
36779,3356,4
36779,715,4
36779,1677,3
6144,6098,3
6144,4879,3
6144,974,2
6144,5226,4
6144,6949,3
6144,106,1
6144,31,3
38793,234,5
9178,547,3
9178,95,4
5102,6,5
13726,47,4
13726,3394,3
13726,3355,4
13726,3906,3
24764,709,4
24764,1753,2
44260,198,5
44260,8,4
44260,13,5
44260,337,5
44260,547,4
44260,113,5
44260,14,5
44260,32,4
44260,456,4
44260,7,4
44260,97,4
44260,1354,4
44260,55,4
44260,2651,5
44260,3142,5
44260,403,4
44260,54,5
44260,50,5
44260,627,5
44260,339,5
44260,454,5
44260,549,5
44260,661,5
44260,876,4
44260,1211,5
44260,1984,5
44260,1469,5
44260,1765,4
44260,1648,4
44260,4053,4
44260,6345,4
44260,9230,4
44260,75,4
44260,255,5
44260,7086,5
44260,3720,5
44260,472,4
44260,287,5
44260,2660,4
44260,2505,4
44260,4262,4
44260,9275,4
44260,573,4
44260,1330,4
44260,9,4
44260,785,5
44260,448,4
44260,474,1
44260,315,3
44260,2442,4
44260,1,5
44260,86,5
44260,227,4
44260,628,5
44260,243,5
44260,1138,5
44260,606,5
44260,1847,5
44260,59,5
44260,102,5
44260,157,5
44260,579,4
44260,2512,5
44260,544,5
44260,1305,5
44260,4112,5
44260,3100,5
44260,85,5
44260,158,5
44260,868,5
44260,608,5
44260,998,5
44260,251,5
44260,364,5
44260,358,5
44260,278,5
44260,545,4
44260,798,5
44260,124,5
44260,104,4
44260,176,5
44260,237,5
44260,168,5
44260,1132,4
44260,556,5
44260,553,5
44260,578,3
44260,705,4
44260,967,4
44260,915,5
44260,786,5
44260,2466,5
44260,298,4
44260,767,4
44260,660,4
44260,2859,5
44260,1864,4
44260,693,4
44260,1972,5
44260,1643,5
44260,1438,4
44260,6758,3
44260,7611,5
4235,9137,3
4235,69,4
35918,68,4
5487,1833,4
17139,390,3
15729,742,5
15965,121,3
24764,2183,1
17139,850,4
24764,2450,4
31430,8334,1
21163,6642,5
21163,8663,5
21163,8686,3
21163,5849,5
11846,862,5
11846,474,4
11846,408,4
14803,5254,4
32710,862,5
32710,2889,4
12060,1997,4
12060,2941,1
44314,15,3
44314,767,3
44314,4,5
44314,50,3
44314,160,4
44314,7,4
44314,93,5
44314,1305,5
44314,9383,3
44314,361,3
44314,478,2
44314,540,5
44314,289,4
44314,1431,3
44314,601,3
44314,997,4
44314,1477,4
44314,89,3
44314,826,4
44314,497,3
44314,321,1
44314,200,4
44314,46,4
44314,273,5
44314,33,4
44314,195,5
44314,57,3
44314,409,5
44314,116,3
44314,1120,3
44314,44,5
44314,446,4
44314,501,3
44314,281,3
44314,2988,4
44314,8228,3
44314,31,5
44314,7345,5
44314,8111,3
44314,8830,4
44314,133,4
44314,6426,3
44314,412,4
44314,219,4
44314,43,4
44314,59,3
44314,83,1
44314,544,3
44314,103,3
44314,681,4
44314,2961,5
31430,7462,2
11846,1862,3
28563,2952,5
18917,584,3
9178,2769,3
4235,997,5
7041,180,4
15965,275,3
15965,9927,4
6144,438,4
6144,235,3
6144,2800,3
6144,2502,2
6144,4623,4
17139,1404,4
9178,6,4
4434,389,5
4434,565,3
4434,603,3
4434,562,4
4434,970,2
4434,862,4
4434,258,5
4434,89,4
4434,503,4
4434,3960,2
4434,322,3
4434,746,3
4434,215,1
4434,274,4
4434,8753,4
4434,371,4
4434,1881,4
4434,6558,4
4434,5356,3
4434,4266,3
4434,2156,3
31430,2496,3
14803,1403,4
14803,7143,3
4235,105,3
6144,673,4
6144,6090,4
6144,630,4
12060,149,3
11846,2640,3
11846,1991,4
29144,148,5
29144,5890,3
29144,46,5
45110,154,4
45110,3934,5
45110,531,4
45110,301,3
45110,959,4
45110,3002,5
45110,714,4
45110,773,4
45110,782,5
45110,16,4
45110,1024,4
45110,197,3
45110,139,4
45110,2430,4
45110,2211,3
45110,2988,4
45110,1293,3
45110,185,3
45110,62,4
45110,41,4
45110,51,2
45110,122,3
45110,312,4
45110,314,3
45110,817,3
45110,232,3
45110,1857,3
45110,53,3
45110,1335,4
45110,3244,4
45110,183,2
45110,584,4
45110,1128,4
45110,586,2
45110,379,4
45110,355,5
45110,370,3
45110,219,4
45110,1088,5
45110,17,4
45110,20,3
45110,933,5
45110,1766,5
45110,2921,4
45110,3381,4
45110,2076,3
45110,8609,3
45110,8899,4
45110,870,4
45110,1691,5
45110,3419,5
45110,1,4
45110,2376,3
45110,3805,4
45110,4970,4
45110,5895,4
45110,5641,4
17916,7834,5
45110,330,4
45110,937,4
45110,5415,4
45110,354,4
45110,1255,4
45110,3739,3
45110,612,4
45110,3676,3
45110,1465,4
45110,2508,5
45110,763,5
45110,1526,4
45110,378,4
45110,5315,5
20590,423,5
20590,1118,4
20590,3337,5
20590,1170,4
20590,6515,5
15965,88,4
45110,24,5
45110,319,2
45110,351,2
45110,875,1
45110,3702,4
45110,2850,4
45110,2623,3
45110,3497,3
45110,25,4
45110,748,3
45110,3648,4
45110,2783,4
45110,3177,4
45110,3974,4
45110,3663,3
45110,542,3
45110,2577,2
45110,9433,3
45110,4712,3
45110,480,4
45110,3414,3
45110,309,2
45110,1362,3
45110,3611,2
45110,175,3
45110,652,2
45110,5499,3
45110,8332,4
45110,368,4
45110,722,3
45110,37,4
45110,6374,4
45110,345,2
45110,6534,3
45110,6368,3
1640,12,3
1640,617,2
36779,1988,3
29144,39,5
36779,3504,3
45110,558,3
45110,153,2
45110,527,3
45110,563,2
45110,134,2
45110,8085,3
45110,7505,3
45110,2366,4
45110,2286,4
45110,125,3
45110,7353,3
45110,3700,4
45110,5386,4
45110,5237,4
45110,6045,4
45110,4942,5
45110,18,4
45110,23,4
45110,21,4
45110,27,4
45110,214,3
45110,332,2
45110,140,4
45110,2600,5
45110,1236,4
45110,2197,5
45110,4582,5
45110,8154,3
45110,8460,3
45110,1681,4
28563,5709,5
17139,146,3
15965,1252,4
4235,537,3
40160,1,5
40160,1857,3
40160,750,5
31430,217,4
40160,995,5
40160,1951,5
5102,2173,4
11846,2977,3
32710,8142,3
32710,6578,3
32710,5067,4
32710,6830,4
32710,9234,3
28563,143,5
24764,4742,3
7123,1102,4
7123,2379,3
7123,4347,3
7123,767,5
7123,494,5
7123,801,4
7123,1030,3
7123,9054,3
7123,104,4
7123,212,4
7123,727,4
7123,1970,4
7123,8469,4
7123,6335,4
7123,47,4
7123,380,5
7123,1813,3
7123,320,4
7123,1,5
7123,484,5
7123,146,5
7123,822,4
7123,100,5
7123,430,5
7123,2,5
7123,185,4
7123,122,3
7123,551,3
7123,84,4
7123,239,4
7123,426,4
7123,520,4
7123,306,5
7123,1806,4
7123,883,3
7123,869,4
7123,930,4
7123,272,4
7123,453,4
7123,919,4
7123,733,4
7123,311,5
7123,948,3
7123,1361,4
7123,3791,5
7123,2107,4
7123,106,4
7123,745,4
7123,495,5
7123,1252,4
7123,574,4
7123,1068,5
7123,1021,3
7123,236,5
7123,1048,3
7123,1734,3
7123,5035,4
7123,4704,4
7123,4932,3
7123,9759,4
7123,1613,4
7123,1856,4
7123,2004,3
7123,1487,3
7123,114,3
7123,144,5
7123,771,4
7123,2804,4
7123,508,4
7123,208,4
7123,217,5
7123,1888,5
7123,211,3
7123,688,4
7123,677,4
7123,538,4
7123,2950,5
7123,4115,4
7123,1205,4
7123,1915,4
7123,854,3
7123,951,4
7123,1124,3
7123,1236,3
7123,1389,3
7123,2494,4
7123,2011,3
11846,6,5
11846,2081,5
29144,4770,5
25652,131,4
25652,129,4
25652,395,5
25652,707,4
17139,6,4
21163,2678,4
15965,1575,3
12060,2194,3
12060,381,3
12060,505,3
17139,9202,3
4434,2081,4
4434,2509,2
4434,2154,1
4434,3309,4
5102,801,4
22339,211,4
11846,1917,5
12060,475,3
24764,3816,4
15965,307,4
18797,1158,5
18797,1581,5
5102,311,3
9178,1040,2
29865,623,3
17139,1462,3
31430,6114,4
33954,14,5
33954,180,5
33954,5310,5
33954,611,4
33954,3989,4
33954,5867,4
33954,877,5
12060,5475,4
33464,919,4
28563,7133,4
7123,46,4
7123,836,4
7123,7426,3
7123,1790,4
7123,4162,4
7123,74,3
7123,5719,2
7123,359,4
7123,3193,4
7123,2088,2
7123,3299,2
7123,2204,4
7123,190,4
7123,2747,4
7123,5091,3
7123,4438,3
7123,1195,5
7123,2664,4
7123,4037,2
7123,9059,2
7123,23,5
7123,2449,3
7123,1660,4
7123,8230,2
7123,1334,2
7123,3742,3
7123,1209,2
7123,96,2
7123,99,2
7123,34,2
7123,5051,3
7123,924,4
7123,3566,5
7123,2720,4
7123,3333,3
7123,697,4
7123,20,5
7123,17,5
7123,421,4
7123,1552,3
7123,2445,3
7123,372,3
7123,5254,3
7123,1097,2
7123,25,5
7123,7794,3
7123,2013,3
7123,268,2
7123,70,3
7123,383,5
7123,595,3
7123,4237,3
7123,7379,3
7123,3250,3
7123,501,3
7123,4671,4
7123,21,5
7123,5456,4
7123,653,4
7123,4793,3
7123,2101,5
7123,8439,2
7123,1597,5
7123,4609,3
5102,2046,5
5102,4137,3
17139,3267,4
35918,4467,4
31430,3074,5
35944,13,4
35944,98,3
4434,2609,4
4434,4498,4
4434,4922,4
4434,5956,4
4434,2721,1
4434,3996,3
45110,58,4
45110,6891,3
16330,6,2
16330,12,3
16330,60,3
16330,29,3
16330,122,1
16330,107,2
16330,152,2
16330,150,1
16330,84,4
16330,320,2
16330,333,1
16330,186,3
16330,232,1
16330,299,1
16330,271,3
16330,437,3
16330,1009,2
16330,318,4
16330,874,3
16330,896,3
16330,1152,2
16330,357,2
16330,1474,3
16330,243,3
16330,569,3
16330,2498,2
16330,242,5
16330,336,5
16330,1595,3
16330,372,1
16330,686,2
16330,414,2
16330,622,2
16330,1455,2
16330,477,4
16330,106,4
16330,1016,3
16330,832,4
17139,379,4
11846,794,4
11846,5034,4
16330,149,4
16330,7634,3
16330,4420,5
16330,678,4
12060,6,1
12060,163,2
28563,7486,2
15965,1468,4
12060,9364,2
4235,144,5
19082,2757,4
19082,6520,3
19082,146,5
19082,494,5
19082,1462,5
19082,342,4
19082,4029,5
19082,421,5
19082,295,5
19082,901,5
19082,291,5
19082,2133,5
19082,426,5
19082,359,5
19082,7077,3
19082,253,4
19082,235,3
19082,1012,3
19082,3507,5
19082,440,5
19082,1081,5
19082,6871,4
19082,3866,4
19082,30,4
19082,313,5
19082,1543,4
19082,2893,5
19082,5688,4
19082,3467,5
19082,2207,5
19082,473,5
19082,1325,4
19082,1911,5
19082,698,5
19082,516,4
19082,119,4
19082,404,4
19082,1455,3
19082,5461,3
19082,143,3
19082,67,5
19082,2524,3
19082,695,3
19082,3851,5
19082,5969,4
19082,1512,4
28563,6707,4
19082,1009,5
19082,1411,4
17139,142,5
19082,2048,3
19082,1867,4
19082,7129,3
19082,6933,3
19082,7958,2
19082,17,5
19082,20,5
19082,8366,4
18917,30,3
18917,76,4
18917,146,2
4434,8339,3
4434,41,2
4434,159,2
4434,151,2
4434,175,2
4434,214,2
19082,654,5
21163,5980,4
28563,6474,3
33464,2321,4
33464,6273,3
33464,4116,5
33464,4996,4
33464,6184,3
33464,268,3
33464,4865,4
33464,6382,4
33464,5084,5
33464,410,5
33464,1084,4
17139,450,4
33464,8092,5
21163,623,4
15965,382,3
36779,4843,5
47138,5,2
47138,63,2
47138,13,3
47138,395,2
47138,298,3
47138,29,4
47138,42,3
47138,2556,3
47138,1887,3
47138,1454,3
47138,555,3
47138,1320,4
47138,2168,4
47138,2877,4
47138,2490,3
47138,3344,4
47138,1650,3
47138,1695,3
47138,1120,3
47138,1910,4
47138,1823,4
47138,2078,3
47138,2446,2
47138,2260,2
47138,2892,3
47138,8665,3
47138,5864,3
47138,5003,3
47138,3936,3
47138,7395,3
47138,9151,3
47138,1907,3
47138,4333,3
47138,8558,3
47138,1327,3
47138,1207,3
47138,4535,3
47138,6311,4
47138,6495,3
47138,2361,4
47138,4003,3
47138,5717,4
47138,1158,3
47138,3056,3
47138,7714,4
47138,2387,4
47138,8324,3
47138,7833,3
47138,3465,4
47138,5561,3
47138,6951,3
47138,4774,4
47138,2023,4
47138,3410,3
47138,2973,4
47138,4062,3
47138,5052,3
47138,76,4
47138,530,4
47138,83,4
47138,194,4
47138,413,4
47138,997,3
47138,706,3
47138,103,4
47138,48,4
47138,125,3
47138,109,4
47138,154,3
47138,204,4
47138,66,2
47138,116,4
47138,15,3
47138,9,3
47138,588,4
47138,446,4
47138,16,3
47138,501,3
47138,60,3
47138,857,3
47138,270,3
47138,832,4
47138,922,3
47138,4802,3
47138,8254,3
47138,4447,3
47138,227,3
47138,38,3
47138,150,2
47138,75,3
47138,136,3
47138,465,3
47138,515,3
47138,261,3
47138,311,2
47138,1237,3
47138,1185,2
47138,86,3
47138,123,3
47138,538,3
47138,343,3
47138,148,3
47138,137,4
47138,4328,4
47138,6210,4
47138,7671,3
47138,1466,4
47138,1581,3
47138,33,2
47138,840,3
47138,453,3
47138,138,2
47138,357,3
47138,496,4
47138,3109,4
47138,265,3
47138,704,3
47138,4544,3
47138,1639,3
47138,386,3
47138,681,3
47138,2786,3
47138,5500,3
47138,4476,2
47138,4196,4
47138,3724,3
47138,734,3
47138,6372,4
47138,8872,4
47138,89,4
47138,2238,3
47138,7156,3
47138,907,3
47138,2949,3
47138,3909,3
47138,4959,4
47138,4259,4
47138,7132,4
47138,44,3
47138,1966,3
47138,1751,3
47138,1680,3
47138,6585,4
47138,2159,4
47138,3153,4
33464,1133,4
36779,2945,4
17139,603,4
17139,565,4
17139,389,4
14893,642,5
14893,1081,5
14893,7634,2
14893,318,5
14893,4499,5
14893,1306,2
4434,9677,3
4434,2969,4
4434,5591,4
4434,5630,4
4434,7603,4
36779,404,5
20590,36,5
31430,7,4
15965,1082,4
35944,4380,5
4235,89,4
11846,532,5
11846,735,5
11846,191,5
11846,1077,5
11846,5398,5
11846,412,5
11846,3532,5
11846,1254,4
11846,3444,5
12060,4277,3
47471,1,4
47471,151,5
47471,153,4
47471,21,4
47471,347,3
47471,12,5
47471,581,5
47471,713,4
47471,319,4
47471,3,4
47471,6,5
47471,2,4
47471,1476,5
47471,175,5
47471,2447,4
47471,1359,5
47471,3420,4
47471,51,4
47471,47,4
47471,41,5
47471,1634,2
47471,91,4
47471,252,5
47471,327,4
47471,452,5
47471,369,3
47471,340,5
47471,163,4
47471,2120,3
47471,909,4
47471,245,4
47471,486,5
47471,386,4
47471,4525,4
47471,36,5
47471,469,5
47471,370,4
47471,37,5
47471,923,3
47471,607,4
47471,3039,5
47471,69,4
47471,17,4
47471,25,5
47471,27,4
47471,18,4
47471,20,4
47471,52,4
47471,56,5
47471,774,5
47471,1045,4
47471,214,5
47471,159,4
47471,356,4
47471,873,4
47471,1033,4
47471,1163,5
47471,1225,4
47471,1289,5
47471,1233,4
47471,1549,4
47471,1774,4
47471,1827,4
47471,1977,4
47471,1975,4
47471,134,4
47471,309,4
47471,3084,3
47471,5890,3
47471,6901,4
47471,49,3
47471,2017,4
47471,332,4
47471,292,5
47471,641,4
47471,602,4
47471,542,3
47471,259,4
47471,376,4
47471,946,5
47471,4998,4
47471,8487,4
47471,294,4
47471,428,5
47471,684,5
47471,1027,3
47471,4449,4
47471,2420,4
47471,1008,5
47471,1716,4
47471,2599,4
47471,4002,5
47471,8459,4
47471,105,4
47471,1002,5
47471,1965,3
28563,6114,3
15729,104,5
15729,2819,3
15729,1,4
15729,2485,1
15729,17,4
15729,1517,4
15729,1917,4
15729,20,4
15729,4279,4
15729,5338,4
36779,124,4
11846,623,5
13726,6907,4
13726,16,4
14893,5242,4
11846,6407,5
47471,475,5
47471,149,5
47471,23,4
47471,24,4
47471,1286,4
47471,685,3
36779,226,4
36779,2044,3
47471,5380,3
29144,470,5
36779,1161,4
19082,658,5
17139,1798,5
31685,182,4
31685,1,5
31685,224,5
31685,5501,5
31685,7357,3
31685,4158,5
31685,9218,5
31685,8453,5
31685,5457,5
31685,6,5
31685,423,5
31685,206,5
31685,506,5
31685,750,5
31685,1169,5
31685,1556,5
31685,3607,5
31685,379,5
31685,978,5
31685,1400,5
31685,253,5
31685,17,5
31685,20,5
31685,12,5
31685,149,5
28563,3638,5
14803,4827,4
13726,768,4
13726,811,4
13726,1,3
13726,123,5
13726,521,4
13726,227,4
13726,1592,3
13726,596,4
13726,1301,4
19082,924,4
11846,6054,5
31685,4625,5
31685,846,5
31685,3252,5
31685,809,5
31685,187,5
31685,1944,5
31685,4343,5
31685,9341,5
28563,1796,5
17139,665,5
13726,4846,3
13726,2878,4
13726,3058,4
13726,4837,4
13726,3945,3
13726,4040,3
13726,7645,3
13726,26,4
13726,9,4
13726,222,4
13726,86,4
13726,1176,3
13726,1826,3
13726,244,2
13726,4513,4
13726,8649,4
13726,1854,3
13726,226,2
21163,30,4
12060,1264,4
28563,1462,5
29865,902,2
17139,9183,4
4235,610,3
13726,3671,3
13726,1150,4
13726,966,4
13726,1543,5
13726,726,3
13726,733,5
13726,22,3
13726,453,4
20590,9882,5
6144,348,4
6144,1307,2
6144,5127,4
6144,6358,4
17139,91,3
33464,458,5
13726,2128,4
22339,2701,2
22339,4989,3
22339,30,4
22339,526,3
13726,1596,2
13726,281,4
13726,4335,2
17139,746,4
20590,34,2
6144,215,4
48295,2,5
48295,257,5
48295,346,4
48295,561,5
48295,36,5
48295,77,3
48295,549,5
48295,608,5
48295,321,3
48295,1742,5
48295,999,3
48295,223,4
48295,1305,5
48295,2750,4
48295,792,5
48295,1120,4
48295,388,5
48295,3886,3
48295,877,5
48295,289,4
48295,486,5
48295,5,3
48295,5870,5
48295,8,1
48295,13,5
48295,14,4
48295,4765,3
48295,173,2
48295,48,3
48295,204,3
48295,518,5
48295,65,5
48295,298,4
48295,1240,4
48295,595,5
48295,446,4
48295,1204,4
48295,1090,5
48295,2915,5
48295,54,5
48295,365,5
48295,191,3
48295,70,5
48295,4827,4
48295,1427,3
48295,584,4
48295,90,5
48295,731,4
48295,4613,4
48295,196,4
48295,854,5
48295,1940,3
48295,1236,3
48295,3960,4
48295,244,5
48295,226,5
48295,30,4
48295,68,5
48295,1847,5
48295,606,3
48295,9,5
48295,26,4
48295,145,3
48295,201,3
48295,170,4
48295,240,3
48295,3131,5
48295,322,4
48295,377,5
48295,209,5
48295,431,3
48295,1802,4
48295,526,4
48295,72,4
48295,176,5
48295,1247,4
48295,349,3
48295,237,4
48295,799,5
48295,768,5
48295,4,5
48295,9022,5
48295,4772,5
48295,16,3
48295,429,5
48295,1343,5
48295,1,4
48295,305,4
48295,556,5
48295,1132,4
48295,1868,5
48295,866,3
48295,2722,5
48295,5733,3
48295,6755,4
48295,5455,4
48295,1193,4
48295,856,4
48295,1290,4
48295,3084,4
48295,28,3
48295,9965,3
48295,698,4
48295,84,3
48295,234,4
19082,801,4
11846,6926,5
13726,143,4
13726,3357,4
13726,3449,5
13726,2048,4
13726,2849,4
13726,8608,3
13726,7348,4
13726,7053,3
13726,6174,4
17139,642,5
25652,39,5
25652,110,5
25652,135,5
25652,165,5
25652,188,5
33464,1462,5
25652,1565,4
17139,30,4
15965,1511,4
7123,843,3
7123,143,4
9178,1009,2
13726,4523,4
13726,3851,5
13726,5103,4
13726,142,4
21163,141,5
47471,206,4
47471,423,4
47471,506,5
47471,166,4
33464,87,3
48295,80,5
11846,632,3
17139,226,4
3687,1,4
3687,175,4
3687,11,5
3687,5,3
3687,476,4
3687,363,4
3687,156,2
3687,4655,5
3687,5887,5
3687,8780,5
3687,120,3
3687,7880,2
3687,541,4
3687,667,4
3687,443,5
3687,615,4
3687,831,4
3687,6388,3
3687,328,5
3687,1667,4
3687,517,4
3687,830,5
3687,2435,3
3687,2,5
3687,159,4
3687,368,3
3687,2391,4
3687,2019,4
3687,2200,4
3687,2477,4
3687,2531,4
3687,2427,4
3687,2756,4
3687,2891,4
3687,3624,4
3687,29,4
3687,555,5
3687,2052,4
3687,4149,4
3687,2168,5
3687,325,5
3687,401,2
3687,41,5
3687,73,5
3687,134,4
3687,736,4
3687,595,4
3687,931,3
3687,106,5
3687,211,5
3687,82,4
3687,1926,5
3687,408,4
3687,290,5
3687,630,5
3687,128,4
3687,2498,5
3687,51,4
3687,162,4
3687,127,5
3687,1344,5
3687,6765,4
3687,3071,3
3687,903,3
3687,1186,2
3687,79,4
3687,160,2
3687,3595,5
31430,6054,4
22339,8943,4
33464,160,5
33464,172,4
19082,1708,5
19082,3494,3
19082,623,4
19082,9444,4
19082,1092,3
19082,6872,4
19082,7752,3
19082,45,4
19082,2791,3
19082,1195,3
19082,2522,3
19082,207,3
19082,1011,4
19082,2418,4
19082,4392,4
19082,7828,3
19082,2057,4
19082,139,3
19082,1312,4
33464,113,4
17139,7300,4
12060,3704,2
12060,2533,5
7041,442,5
11846,1347,5
31430,458,4
4235,143,3
11846,8612,5
17139,225,4
29865,141,2
31430,6827,3
11846,1770,5
22339,4820,3
4434,666,4
4434,3111,2
29865,7591,2
29865,1016,4
21163,4184,4
33464,1347,5
33464,92,4
33464,2002,5
33464,329,4
33464,454,4
33464,9100,4
33464,401,4
33464,359,4
33464,1497,3
19082,1798,4
22339,2305,2
17139,143,5
25652,143,5
33464,70,4
25652,1503,5
25652,466,5
25652,2655,4
25652,76,5
33464,94,4
17139,469,4
12060,2906,4
17139,1517,5
11846,1974,4
19082,9232,4
15965,4516,4
25652,1,4
11846,598,4
13226,1798,3
21163,253,3
25652,20,3
32710,1511,4
28563,4225,4
28563,6317,5
11846,522,5
11846,5515,4
11846,6673,5
11846,9975,4
25652,7356,4
49393,15,3
49393,128,5
49393,144,2
49393,5,5
49393,8,5
49393,13,3
49393,532,5
49393,3827,5
49393,735,5
49393,6890,4
49393,4855,5
49393,3959,5
49393,2111,4
49393,7608,5
49393,4951,5
49393,163,4
49393,2,5
49393,155,5
49393,873,3
49393,918,4
49393,2861,5
49393,5490,2
49393,1137,3
49393,1504,5
49393,3089,5
49393,542,3
49393,53,5
49393,3154,5
49393,2164,5
49393,1391,4
49393,2619,1
49393,1397,3
49393,41,5
49393,1,4
49393,62,3
49393,7,5
49393,292,3
49393,175,5
49393,37,4
49393,364,5
49393,626,3
49393,1274,5
49393,5683,1
49393,117,3
49393,561,5
49393,223,5
49393,3044,1
49393,2389,5
49393,232,3
49393,257,4
49393,346,4
49393,1662,5
49393,370,4
49393,2200,3
49393,2531,4
49393,2909,3
49393,5622,2
49393,3624,2
49393,2891,2
49393,2756,3
49393,2427,3
49393,4,4
49393,45,5
49393,48,2
49393,47,3
49393,116,4
49393,19,5
49393,466,5
49393,4410,5
49393,236,4
49393,72,5
49393,168,4
49393,176,5
49393,237,5
49393,295,5
49393,305,4
49393,349,5
49393,488,4
49393,441,4
49393,556,5
49393,670,3
49393,609,4
49393,865,4
49393,915,4
49393,794,5
49393,1292,5
49393,159,4
49393,151,4
49393,294,4
49393,214,4
49393,684,3
49393,428,4
49393,2019,4
49393,1027,5
49393,4449,3
49393,9093,4
49393,3222,5
49393,6543,5
49393,9307,5
49393,4907,4
49393,10,4
49393,80,4
49393,29,3
49393,189,5
49393,219,3
49393,28,4
49393,85,5
49393,25,5
49393,59,4
49393,36,5
49393,229,3
49393,32,5
49393,464,4
49393,58,4
49393,18,5
49393,54,5
49393,24,5
49393,27,5
49393,109,4
49393,251,4
49393,102,5
49393,50,5
49393,204,5
49393,70,5
49393,444,4
49393,357,3
25652,2509,4
9178,2703,4
9178,408,4
18797,3178,5
29144,9725,5
29144,6616,5
29144,5939,2
29144,138,5
29865,1347,3
33464,9743,4
17139,2218,3
25652,4903,4
49543,203,5
49543,1769,4
49543,1036,4
49543,3081,5
49543,4833,5
49543,3649,3
49543,1773,4
49543,3576,5
49543,6044,4
49543,2437,5
49543,5768,5
49543,4841,5
49543,4662,5
49543,2040,5
49543,5172,4
49543,6268,4
49543,9825,3
49543,8494,4
49543,7303,5
49543,2665,5
49543,1994,5
49543,6415,5
49543,6803,5
49543,962,5
49543,3434,5
49543,6525,2
49543,2776,5
49543,9713,3
49543,2562,5
49543,3040,5
49543,2450,5
49543,2141,5
49543,589,3
49543,3666,5
49543,3297,3
49543,938,5
49543,2542,3
49543,4442,5
49543,435,5
49543,539,5
49543,3004,5
49543,1110,5
49543,644,5
49543,812,5
49543,44,5
49543,107,5
49543,965,5
49543,2699,3
49543,3,4
49543,558,5
49543,169,5
49543,2364,5
49543,152,4
49543,1,5
49543,166,4
49543,280,5
49543,2294,3
49543,69,5
49543,1753,5
49543,1983,5
49543,3405,5
49543,3554,5
49543,4373,5
49543,7252,5
49543,9284,5
49543,7194,5
49543,6286,5
49543,3231,5
49543,9258,5
49543,9046,5
49543,34,5
49543,99,5
49543,2868,5
49543,861,5
49543,4409,5
49543,796,5
49543,2692,5
49543,5246,5
49543,904,5
49543,2183,5
49543,218,5
49543,334,5
49543,942,5
49543,96,5
49543,20,4
49543,17,4
49543,197,4
49543,1134,5
49543,52,4
49543,1209,3
49543,724,4
49543,1285,3
49543,5426,4
49543,748,4
49543,1295,5
49543,3589,4
49543,12,5
49543,676,5
49543,56,5
49543,286,4
49543,302,5
49543,686,4
49543,683,4
49543,821,3
49543,1414,4
49543,871,5
49543,1459,4
49543,5190,5
49543,5466,4
49543,7847,5
49543,7510,5
47471,88,5
33464,8523,5
33464,1031,5
49543,105,3
49543,525,4
49543,1118,4
49543,552,5
49543,571,5
49543,716,5
18797,311,4
33464,341,4
28563,3961,5
18797,144,5
18917,1341,4
25652,6015,4
4434,6926,3
25652,2839,4
49393,446,4
49393,1631,4
17139,244,4
33464,6012,5
8162,61,4
8162,2551,3
8162,5050,4
8162,1587,3
8162,9294,2
8162,8938,3
8162,1834,4
8162,1482,3
8162,2065,4
8162,2700,3
8162,2653,4
8162,3604,3
8162,4307,4
8162,668,5
8162,874,5
8162,1596,2
8162,617,3
8162,437,5
8162,1708,3
8162,250,4
8162,2137,4
8162,1819,3
8162,811,4
8162,1017,4
8162,475,1
8162,4499,4
8162,1804,2
8162,262,4
8162,143,4
8162,4547,2
8162,1866,4
8162,940,4
8162,348,4
8162,8346,1
8162,164,3
8162,2583,3
8162,2046,1
8162,2856,1
8162,2918,3
8162,146,4
8162,1242,4
8162,2088,3
8162,149,2
8162,1462,3
8162,3253,3
8162,551,3
8162,4283,1
8162,4254,3
8162,4629,3
8162,2204,4
8162,359,4
8162,939,4
8162,1009,4
8162,2359,3
8162,3259,4
8162,1455,4
8162,5236,4
8162,112,4
8162,4635,1
8162,6623,2
8162,8828,3
8162,106,4
8162,318,5
8162,235,4
8162,2281,3
8162,2496,1
17139,141,5
37430,2008,5
33464,2071,4
25652,3826,4
25652,626,5
25652,6860,4
25652,1274,4
17139,61,4
37430,2185,3
37430,327,4
37430,713,5
37430,1505,5
37430,2884,5
17139,192,3
11846,8636,3
37829,1022,5
37829,393,5
37829,752,5
11846,970,5
18797,3091,5
47471,74,5
32710,6228,5
32710,458,5
18797,293,4
18797,401,5
4235,438,4
37430,1651,4
37430,1965,4
12060,830,3
33464,3587,2
33464,2250,4
33464,158,3
33464,1392,3
37829,7064,5
37829,6689,5
37829,6269,5
37829,3265,4
37829,7718,4
35918,226,4
37829,7536,4
40160,4135,4
40160,74,4
40160,147,5
40160,234,3
40160,88,3
40160,280,4
40160,535,4
40160,830,3
40160,685,3
40160,23,5
40160,2,5
40160,18,5
40160,21,5
40160,27,5
40160,24,5
40160,25,5
40160,149,4
40160,475,3
40160,327,4
40160,2410,4
40160,947,4
40160,517,4
40160,1080,5
40160,2092,4
40160,2227,5
18797,9407,5
17139,333,5
35918,5822,4
35918,115,5
40160,6705,5
11846,442,4
31430,2316,4
17139,891,3
28563,4706,4
4235,771,2
33954,7551,5
22339,352,3
22339,1960,2
19082,4304,2
33464,10,4
33464,2832,4
25652,7004,4
35944,209,4
25652,2918,4
25652,807,5
40160,5,4
13226,74,3
13226,146,3
7696,2717,3
19082,4209,4
47471,382,5
31430,7649,5
37430,51,2
37430,183,4
37430,309,5
37430,319,5
37430,351,4
37430,460,5
37430,153,4
37430,134,3
37430,752,3
37430,393,4
37430,210,5
37430,3185,5
37430,384,5
37430,394,5
37430,419,5
37430,418,5
37430,543,5
37430,2369,5
37430,3852,5
37430,7160,4
37430,4817,5
37430,8642,4
37430,2410,5
37430,995,5
37430,1951,5
37430,4135,5
37430,632,4
37430,3057,4
37430,1170,4
37430,6478,5
37430,252,5
37430,581,5
37430,774,5
37430,1997,5
37430,7657,3
37430,2542,3
37430,3245,4
37430,3783,3
37430,8493,2
37430,535,4
37430,1000,1
37430,837,5
37430,928,4
37430,1637,4
37430,2983,3
37430,2916,5
17139,232,3
37430,6515,1
13726,61,4
37430,1302,3
19082,638,5
40160,348,5
40160,68,5
33464,37,5
40160,713,3
37430,6301,4
4235,1378,3
37829,7533,4
37829,3180,3
19082,467,5
13226,610,5
9178,352,4
12799,446,5
12799,274,5
12799,1160,4
12799,618,4
12799,514,5
12799,431,5
12799,1410,5
12799,1741,5
12799,1598,5
12799,123,3
12799,975,2
12799,769,5
12799,2609,4
12799,424,4
12799,1176,5
12799,3109,5
12799,95,3
12799,4922,4
12799,4498,5
12799,8970,3
12799,1980,4
12799,637,5
12799,5429,5
12799,8796,5
12799,2768,4
12799,5656,4
12799,892,3
12799,2641,5
12799,8299,5
12799,8467,5
12799,6936,5
12799,8468,5
12799,7219,5
12799,1876,5
12799,7179,3
12799,3690,5
17139,1326,4
40160,333,5
37430,355,2
37430,1608,2
47471,655,4
9178,5280,4
13226,2046,3
40160,921,5
13726,2401,3
25652,2652,4
25652,6251,5
37430,34,1
37430,56,4
37430,49,3
37430,3,3
37430,202,1
37430,224,1
37430,415,1
37430,203,2
37430,1169,2
29144,13,5
29144,5,5
29144,2334,5
19082,2079,4
14803,2248,4
14803,742,4
14803,141,5
37829,894,4
37829,2676,3
37430,875,2
8162,7482,4
8162,3962,4
8162,267,3
8162,333,3
8162,4491,4
8162,1442,2
8162,3955,4
8162,7441,3
8162,285,3
8162,1136,4
37829,1426,4
37829,5952,3
37829,1209,4
37829,271,4
37829,336,3
37829,1464,3
37829,378,3
37829,1068,3
4235,5977,2
37430,3706,5
37430,1335,3
13726,3190,4
28563,6413,5
28563,4607,5
14803,1182,5
14803,9743,3
47471,1054,4
21163,3833,4
9178,775,4
47471,1575,4
19082,4100,4
35918,6879,3
11846,691,5
17139,8499,4
47471,3704,5
40160,2876,4
25652,3109,5
25652,141,5
19082,1538,4
40160,139,2
40160,1375,5
9178,1500,4
14893,143,5
14893,61,5
40160,644,5
9178,664,4
14803,3937,5
25652,7501,4
40160,1130,5
25652,8687,5
4235,1061,4
1418,143,5
1418,61,3
1418,146,5
5102,688,4
17139,2637,5
33464,7424,5
33464,6809,5
5102,3908,4
17139,4628,4
7696,61,3
7696,1877,5
7696,59,5
7696,7676,3
7696,2813,2
7696,3155,2
7696,1474,4
7696,2888,3
7696,7899,5
7696,8258,3
7696,9613,3
7696,8129,3
7696,2251,2
7696,9396,3
7696,939,4
7696,2396,3
7696,874,4
7696,117,5
7696,404,5
7696,1796,5
7696,924,3
9178,94,5
11846,12,3
11846,1859,5
25652,9998,5
19082,61,3
51602,15,5
51602,287,5
5102,226,4
51602,177,5
51602,1041,5
51602,723,5
51602,1896,5
51602,95,4
51602,4465,4
51602,3048,4
40160,1767,4
51602,80,4
51602,247,4
51602,303,5
51602,4518,5
51602,5008,5
51602,257,4
51602,9700,4
51602,5009,5
51602,2982,5
51602,10,5
51602,76,4
51602,1973,4
51602,34,3
51602,43,4
51602,52,3
51602,213,3
51602,614,4
51602,13,4
51602,323,4
51602,56,4
51602,3586,5
51602,479,4
51602,193,4
51602,260,5
51602,1750,5
51602,35,4
51602,1915,4
19082,3703,4
51602,3156,4
44314,1,4
44314,17,4
44314,5251,3
44314,396,4
51602,680,4
51602,582,4
44314,6544,3
44314,567,3
51602,9884,5
51602,3139,5
44314,47,4
44314,5,2
44314,42,4
44314,37,4
44314,13,1
44314,5830,3
44314,769,4
44314,964,3
44314,1910,2
20590,1062,5
20590,506,5
51602,8865,5
51602,4908,4
51602,9762,3
51602,4744,5
44314,20,4
9178,225,5
37430,6952,2
37430,6266,1
33464,721,5
17139,5453,5
13726,8434,5
37430,6270,3
22339,430,4
37430,7801,3
37430,6874,3
37430,947,4
37430,3816,5
37430,5513,4
37430,5644,2
11846,2118,5
5102,115,5
51602,560,2
51602,3495,5
12060,1308,3
40160,206,4
40160,962,5
40160,539,4
40160,1110,4
37430,9242,2
28563,7140,4
9178,467,4
51602,490,5
18797,6264,5
18797,7360,4
18797,3465,5
18797,5669,4
18797,1877,5
12799,6650,5
12799,6340,4
12799,7113,4
12799,7336,4
12799,7589,5
12799,8495,5
12799,9848,5
51602,1078,4
7696,2617,3
7696,8421,3
7696,995,2
33464,828,4
33464,2451,4
19082,5977,3
9178,3202,4
9178,1331,4
51602,1188,4
17139,1730,3
6144,38,4
6144,93,4
6144,16,3
6144,1485,3
6144,123,4
6144,227,4
6144,168,3
6144,818,3
6144,464,2
6144,573,3
6144,3196,3
6144,84,3
6144,343,4
6144,596,4
6144,833,3
6144,99,3
6144,96,3
33464,80,5
33464,90,5
5487,551,5
5487,333,5
5487,137,5
5487,144,4
5487,438,5
5487,2551,3
5487,3134,1
5487,143,4
5487,1942,2
5487,1275,5
5487,1026,5
5487,864,5
5487,712,5
5487,554,5
5487,463,5
5487,32,3
5487,235,3
5487,617,3
5487,2563,5
5487,2301,5
5487,318,4
5487,978,5
5487,379,5
5487,1400,5
5487,34,3
5487,1050,5
5487,258,2
5487,1467,2
5487,105,4
5487,398,4
5487,6047,3
5487,3420,5
17139,886,5
22339,1188,3
22339,951,3
40160,423,3
40160,30,5
35944,47,4
35944,4290,3
35944,2026,3
7696,1178,3
7696,6934,3
7696,7227,4
7696,98,3
7696,768,4
7696,445,2
7696,140,3
7696,123,3
7696,85,4
7696,157,4
7696,102,3
13726,3155,4
35918,244,5
9178,1046,4
51602,499,3
12060,536,4
51602,5831,4
15965,277,5
17139,11,4
21163,6419,5
33464,374,3
52044,117,5
52044,12,3
52044,897,3
52044,572,5
52044,33,4
52044,142,4
52044,148,4
52044,195,4
52044,906,3
52044,4970,5
52044,4295,5
52044,3352,4
52044,150,2
52044,137,1
52044,2848,5
52044,11,5
52044,291,4
52044,140,5
52044,212,5
52044,941,4
52044,1458,4
52044,31,4
52044,453,5
52044,840,4
52044,733,5
52044,704,4
52044,1133,5
52044,625,4
52044,488,4
17139,1508,3
17139,481,2
9178,430,4
40160,506,5
40160,7915,3
19082,4220,5
40160,536,2
13133,6982,5
13133,1286,4
22339,2554,3
37430,5360,5
4235,920,4
4235,37,4
40160,1062,3
22339,920,2
22339,268,2
28563,2288,4
33464,41,4
17139,4122,5
12060,1737,1
25908,43,5
25908,1509,2
25908,320,4
25908,44,2
25908,32,4
25908,58,4
25908,736,3
25908,1094,5
25908,8276,5
25908,1518,5
25908,100,5
25908,1202,4
25908,515,4
25908,3889,4
25908,35,3
25908,111,4
25908,381,4
25908,409,5
25908,1237,4
25908,3136,4
25908,6050,2
25908,3557,5
25908,1649,4
25908,2087,4
25908,733,4
25908,453,4
25908,704,4
25908,669,4
25908,1161,4
25908,417,5
25908,613,5
25908,1587,5
25908,63,5
25908,118,4
25908,272,5
25908,1131,4
25908,3767,4
25908,1689,5
25908,6579,5
25908,75,3
25908,136,3
25908,54,3
25908,3978,3
25908,19,3
25908,198,5
25908,66,4
25908,311,3
25908,958,3
25908,740,5
25908,6429,5
25908,1896,3
25908,5972,4
25908,28,2
25908,171,3
25908,2499,5
25908,328,3
25908,567,5
25908,72,3
25908,129,5
25908,107,3
25908,2456,5
25908,131,4
25908,468,5
25908,29,4
25908,42,3
25908,1717,5
25908,3344,4
25908,6455,4
25908,9784,4
25908,8221,4
25908,6736,4
25908,8168,5
25908,3853,3
25908,697,5
25908,1481,5
25908,331,3
25908,84,4
25908,557,5
25908,604,4
25908,4598,5
25908,9808,5
25908,616,4
25908,3386,5
25908,162,4
25908,265,5
25908,225,5
25908,461,3
25908,174,3
25908,801,5
25908,1164,4
25908,116,4
25908,444,3
25908,3306,4
25908,80,3
25908,4902,3
25908,93,5
25908,74,4
25908,88,5
25908,275,4
25908,229,3
25908,341,3
25908,375,4
25908,935,3
25908,7345,4
25908,8111,5
25908,187,4
25908,519,4
25908,781,4
25908,1398,3
37430,1776,5
37430,4946,5
37430,942,4
37430,750,1
12060,1668,4
17139,67,4
13133,670,2
13133,8630,3
40160,2933,3
11846,1490,4
35944,4068,5
17139,691,5
25908,9752,3
5102,1866,2
19082,2067,2
8162,7914,5
18917,39,4
18917,110,4
18917,333,3
17139,682,5
17139,3604,4
22339,414,3
22339,1710,2
25652,5201,2
19082,4116,4
40160,2161,5
11846,2487,3
51602,1415,3
9178,2652,4
1418,678,4
1418,141,5
1418,673,5
21163,3733,5
40160,2110,5
37829,1200,5
17139,243,4
22339,702,3
9178,931,3
51602,1330,4
17139,2313,5
32710,678,5
19082,1005,4
35918,61,3
7696,7251,3
7696,7836,4
37829,1665,5
7696,1845,4
7696,966,3
37829,2978,5
7696,623,3
7696,262,3
37829,1049,4
35918,1088,4
44314,825,3
44314,300,4
44314,91,3
44314,231,3
29865,274,5
12060,4299,3
12060,6423,4
40160,363,5
13726,1558,3
40160,2104,5
40160,1004,4
17139,3103,3
37430,5584,4
52684,34,4
52684,164,4
52684,324,4
52684,163,5
52684,159,5
52684,151,5
52684,175,5
52684,214,5
52684,294,5
52684,428,5
52684,684,5
52684,1027,5
52684,2420,5
52684,4449,5
52684,1104,3
52684,68,4
52684,88,3
52684,1767,4
52684,950,3
52684,74,4
52684,921,4
52684,827,5
52684,2112,4
51602,695,3
17139,1173,3
37430,921,5
52684,8270,5
52684,99,4
52684,96,4
52684,784,4
52684,6493,3
37430,517,1
37430,1850,1
22339,132,3
40160,3932,5
8162,566,5
1418,437,5
1418,352,5
37829,352,4
19082,3064,4
9178,4,4
37829,139,3
40160,842,4
37829,2792,5
37829,3032,3
29865,3158,3
52869,127,5
52869,92,5
52869,385,5
52869,193,5
52869,211,4
52869,1078,4
52869,630,5
52869,75,3
52869,78,4
52869,310,4
52869,269,4
52869,465,5
52869,44,5
52869,120,4
52869,40,4
52869,38,4
52869,101,2
52869,31,4
52869,64,4
52869,199,5
52869,404,4
52869,216,5
52869,231,5
52869,195,4
52869,107,3
52869,3894,4
52869,331,5
52869,2378,4
52869,4089,3
52869,1879,3
52869,10,5
52869,16,4
52869,30,5
52869,9,5
52869,431,3
52869,22,2
52869,242,3
52869,477,4
52869,1872,3
52869,2418,3
52869,86,3
52869,1150,4
52869,5839,3
52869,3240,4
52869,3945,3
52869,266,3
52869,123,4
52869,966,3
52869,521,4
52869,538,4
52869,2939,5
52869,8186,4
52869,982,4
52869,227,4
52869,145,4
52869,170,3
52869,124,4
52869,333,4
52869,438,4
52869,2539,3
52869,5,4
52869,4,4
52869,265,5
52869,733,3
52869,8,4
52869,14,4
52869,1704,1
52869,375,4
52869,1493,3
52869,289,3
52869,11,4
52869,212,2
52869,28,3
52869,32,4
52869,736,2
52869,58,2
52869,65,2
52869,47,5
52869,33,3
52869,6,4
52869,459,5
52869,116,3
52869,63,4
52869,130,3
52869,131,4
52869,149,4
29865,360,3
9178,5553,3
37829,4488,4
52684,2626,5
52684,2161,5
33464,164,5
33464,1328,4
33464,295,5
33464,143,5
33464,200,5
33464,215,5
25652,267,5
15965,1613,4
25652,2221,5
9178,6229,4
40160,4061,5
25652,6621,2
4235,3164,3
4235,857,4
4235,7641,3
4235,561,4
4235,4831,3
4235,63,3
51602,255,4
52684,5405,5
29865,1490,2
25652,5230,5
35918,2653,4
17139,1952,3
44314,1112,4
7696,185,3
37430,6525,3
9178,2013,3
9178,1570,3
9178,6787,4
9178,5747,4
9178,1120,3
9178,204,4
9178,361,3
9178,10,4
9178,76,3
53144,146,4
53144,494,5
53144,3219,2
53144,8,4
53144,11,4
53144,212,4
53144,1198,2
53144,258,3
53144,143,4
53144,1708,3
53144,101,4
53144,610,4
53144,495,4
53144,208,4
53144,1515,4
53144,179,4
53144,1942,3
53144,3561,2
53144,33,4
53144,1309,3
53144,3528,2
53144,40,2
53144,81,3
53144,4171,4
53144,372,4
53144,421,4
53144,31,2
53144,100,4
53144,1216,4
53144,2062,4
53144,1874,4
53144,30,4
53144,445,3
53144,811,2
53144,437,3
48295,8521,5
37430,7702,5
9178,83,4
9178,413,3
9178,257,3
44314,61,2
52684,1453,4
44314,2857,3
11846,3756,3
52684,1004,3
35944,2203,4
28563,5161,5
52684,2104,4
52684,1130,3
53144,1912,3
7696,1490,3
7696,2401,3
52044,886,5
52044,5844,4
52044,584,4
52044,1682,4
52044,2313,4
52044,144,5
52044,143,5
52044,438,4
52044,522,5
52044,4268,4
52044,638,4
52044,5043,4
52044,7179,4
52044,4212,4
52044,5289,4
52044,34,1
52044,3371,4
52044,742,4
52044,2945,4
52044,3043,4
52044,9451,5
52044,8802,4
52044,9329,4
52044,6740,5
52044,1248,5
52044,235,3
52044,9602,4
52044,239,5
52044,1040,3
52044,5641,5
52044,4751,3
52044,5895,5
52044,3805,5
52044,1024,5
52044,3380,4
52044,2431,4
52044,5,4
52044,8271,3
52044,3777,3
52044,5149,4
52044,2149,5
52044,20,4
52044,17,4
52044,521,3
52044,2639,3
52044,337,5
52044,6875,5
52044,2265,3
52044,498,5
52044,177,5
52044,172,5
5102,141,5
53144,723,5
53144,5777,5
53144,3791,5
53144,217,5
53144,6921,4
53144,5,4
53144,4,4
53144,60,3
53144,9,3
53144,15,4
53144,144,5
53144,8933,4
53144,3685,3
53144,318,3
53144,982,5
53144,7407,4
51602,141,3
37829,970,4
52684,6964,3
35944,1100,3
12799,146,5
1418,106,4
7696,226,2
7696,244,2
7696,281,3
7696,20,3
7696,176,2
7696,494,3
7696,274,2
7696,811,3
7696,4067,3
7696,17,3
7696,227,3
7696,124,2
7696,276,4
7696,432,3
7696,1003,3
7696,1204,5
11846,264,4
52684,210,3
18917,135,4
53144,5616,2
53144,3338,1
52684,384,4
52684,394,4
52684,419,4
52684,418,5
52684,543,5
35944,9810,3
35944,2144,2
17139,1286,4
52684,363,4
29144,354,5
29144,887,5
29144,427,5
29144,468,5
29144,76,5
29144,14,4
37829,4745,3
37829,2118,5
37829,1472,3
52684,1952,4
52684,1110,3
40160,355,4
40160,8119,5
52684,1542,3
52684,5854,4
52684,112,4
9178,141,4
19082,1832,4
19082,5013,4
19082,9072,3
19082,4385,5
19082,2888,3
37829,355,4
33954,606,5
33954,80,4
33954,386,3
40160,4093,4
37829,933,3
37430,858,5
52684,1562,4
17139,6431,4
13226,2943,3
13226,2652,5
9178,61,3
52684,2628,3
52684,6993,4
52684,5503,3
35918,623,4
40160,3045,4
33464,61,4
11846,9595,2
33464,192,5
9178,533,2
52684,2395,4
52684,3778,4
4235,9406,3
4235,8435,2
4235,7,3
52684,2331,5
43879,18,5
43879,23,5
43879,25,5
43879,21,5
43879,3,5
43879,52,5
43879,49,5
43879,56,5
43879,834,5
43879,99,5
43879,96,5
43879,12,5
43879,218,5
43879,206,5
43879,334,5
43879,1776,5
43879,535,4
43879,1502,4
43879,2814,4
43879,889,5
43879,433,5
43879,841,5
43879,1291,5
43879,1336,5
43879,1483,5
43879,1513,5
43879,1473,5
43879,1932,5
43879,2237,5
43879,2955,5
43879,506,5
43879,1209,4
43879,1143,5
43879,1257,5
43879,1818,5
43879,2287,5
43879,2275,5
43879,3496,5
43879,3514,5
43879,3527,5
43879,4816,5
43879,4857,5
43879,5710,5
43879,8909,5
43879,9811,5
43879,1070,5
43879,3150,5
43879,2083,5
43879,4210,5
43879,3231,5
43879,1901,5
43879,5324,5
43879,1945,5
43879,1891,5
43879,1946,5
43879,2591,5
43879,5323,5
43879,4539,5
43879,5912,5
43879,6970,5
43879,7346,5
43879,942,5
43879,8288,5
43879,3183,5
43879,4241,5
43879,7252,5
43879,8351,5
43879,9377,5
43879,9031,5
43879,9284,5
43879,9845,5
43879,6930,5
43879,8769,5
43879,4224,5
43879,4077,5
43879,4023,5
43879,5021,5
43879,5137,5
43879,5638,5
43879,5896,5
43879,6208,5
43879,6641,5
43879,6739,5
43879,7005,5
43879,7203,5
43879,7445,5
43879,7321,5
43879,8110,5
43879,8058,5
43879,8918,5
43879,9027,5
43879,9950,5
43879,6874,5
43879,423,5
17139,8291,3
9178,55,5
52044,665,5
52044,1514,4
52044,924,4
52044,4706,4
52044,122,4
43879,3887,5
43879,6210,5
43879,5886,5
43879,9368,5
37430,1341,5
33464,71,5
33464,3237,4
9178,522,5
8162,1220,4
8162,3466,5
35944,340,4
14893,533,3
14893,140,5
14893,425,5
14893,608,5
14893,538,5
14893,727,5
14893,851,2
14893,868,5
14893,1131,5
14893,860,5
14893,626,5
14893,238,1
14893,1068,5
14893,3767,4
12060,452,3
43879,1780,5
43879,7101,5
43879,8005,5
43879,7857,4
43879,7280,4
52684,4896,4
32953,8887,3
32953,4472,5
32953,3771,4
32953,1593,3
32953,4378,5
32953,2160,5
32953,3534,5
32953,2828,4
32953,3697,3
32953,3532,4
32953,4543,5
32953,441,3
32953,970,3
32953,862,5
32953,2118,3
19082,1164,4
9178,405,5
37829,138,2
37829,3341,5
44314,217,2
44314,143,4
44314,252,4
44314,581,4
44314,774,4
44314,1353,4
44314,265,4
17139,3756,4
52684,4306,4
33464,257,4
33464,1784,4
35918,4854,4
4235,4068,4
7696,1325,4
17139,854,4
40160,6565,3
40160,1720,4
37829,3249,5
35944,1194,3
8162,625,5
1418,267,5
1418,215,5
35918,551,4
8162,5519,5
11846,4063,5
40160,141,4
13726,3619,4
52044,51,2
17139,3953,4
52684,2726,4
52684,114,5
52684,3770,4
40160,452,5
52684,67,4
11846,1119,4
11846,9282,3
11846,2792,5
13726,5196,4
9178,1270,2
13726,2251,3
17139,2867,4
52684,4350,4
53144,1220,4
53144,4413,3
17139,4006,4
33464,1192,5
52684,5279,4
34607,6,4
34607,68,3
34607,105,2
34607,12,4
34607,5677,4
34607,1291,4
34607,1336,4
34607,1483,4
34607,2237,3
34607,379,5
34607,2955,3
34607,1932,4
34607,1473,4
34607,9618,2
34607,4849,5
34607,6075,2
34607,3927,4
34607,6703,5
34607,978,4
34607,4801,3
34607,9148,5
34607,554,5
34607,463,4
34607,712,5
34607,864,5
34607,1026,5
34607,1275,5
40160,3770,5
11846,2915,4
35918,173,4
17139,6517,3
19082,930,3
44314,1061,3
13726,8628,3
13726,5365,4
13726,4437,3
4235,2961,3
4235,386,4
35918,55,3
29865,1538,1
13726,285,3
13726,318,2
13726,3262,4
19082,2221,4
4235,1193,5
40160,1366,3
11846,3341,5
11846,742,5
40160,2331,5
35918,1671,5
52044,1187,4
52044,1220,4
13726,112,4
17139,9571,4
19082,3560,4
35944,3533,4
35944,257,4
29865,1182,1
11846,2569,3
5102,1592,4
21163,9208,5
40160,987,4
35944,69,3
11846,2676,5
11846,9172,5
32710,3733,5
32710,215,4
4463,1859,4
52684,1737,3
52684,5842,5
52684,3526,5
52684,4143,4
52684,11,4
17139,1867,4
52869,144,3
52869,2927,3
52869,8228,3
52869,3204,3
52869,7678,4
52869,2708,3
52869,5220,4
52869,136,5
52869,409,4
52869,515,5
52869,1237,4
52869,381,5
52869,1649,4
52869,2820,4
52869,1675,4
52869,1317,3
52869,1806,3
52869,885,4
52869,1567,4
52869,2087,3
52869,1145,4
52869,304,3
52869,261,4
52869,228,4
52869,6360,4
52869,8536,4
52869,2454,4
52869,3038,4
52869,7508,4
52869,3450,3
52869,3102,4
52869,7665,4
9178,3103,3
8162,1198,4
35918,6008,5
17139,9595,4
12060,1366,2
12060,4060,1
17139,4041,5
8162,1076,4
14893,4122,5
44314,994,3
44314,1024,3
40160,5532,4
17139,858,3
22339,1007,3
9178,494,4
9178,2464,3
40160,2533,4
29865,39,5
32710,9210,5
35918,2235,4
9178,2903,5
9178,119,5
40160,1244,5
40160,112,5
53144,7310,2
13726,3178,4
52044,6446,4
11846,1018,4
11846,1246,4
29865,110,5
11846,457,1
53144,267,3
53144,231,3
53144,235,3
35944,4045,1
40160,4060,4
52684,3823,4
33464,1182,5
53144,473,2
35944,2690,4
21163,371,4
25652,8582,5
52044,1886,4
52044,5921,3
52044,623,3
52044,1490,4
52044,2422,4
44314,749,4
44314,267,4
37829,267,5
33464,4106,5
33464,60,4
40160,8268,4
33464,6024,5
13726,920,4
40160,1671,4
9178,4734,3
52044,1078,4
52684,2962,3
44088,598,5
44088,1018,5
44088,1246,5
44088,1964,5
44088,2382,5
44088,2299,5
44088,389,4
44088,565,4
44088,603,4
44088,1200,3
44088,8113,3
44088,562,2
44088,41,4
44088,163,3
44088,151,3
44088,294,3
44088,214,3
44088,428,3
44088,159,3
44088,684,3
44088,175,3
44088,370,3
44088,909,3
44088,1027,4
44088,1359,3
44088,1952,3
44088,7230,4
44088,9662,4
44088,9135,4
44088,70,5
44088,2900,3
44088,492,3
44088,838,2
44088,5288,4
44088,9643,3
44088,8448,3
44088,167,4
44088,746,2
44088,7315,3
44088,192,5
44088,307,5
44088,4118,4
44088,6079,4
44088,6838,4
44088,223,4
44088,918,4
44088,1137,3
44088,1172,3
44088,1397,3
44088,1764,3
44088,3339,3
44088,3968,3
44088,802,4
44088,5560,4
33464,357,5
12060,2167,3
40160,435,5
12060,1472,3
12060,2734,3
52684,2,4
19082,1076,4
19082,445,5
44088,16,4
44088,205,4
44088,696,5
44088,898,4
44088,1217,5
44088,1533,3
44088,1633,3
44088,2347,4
44088,2604,2
44088,1880,5
44088,2416,5
44088,2654,4
44088,2808,4
44088,3500,4
44088,3393,4
44088,4257,4
44088,4914,4
44088,5168,4
44088,6581,4
44088,6744,4
44088,7464,4
44088,7578,4
44088,6380,4
44088,7030,4
44088,7747,4
44088,9480,4
44088,371,5
44088,1179,5
44088,5381,4
44088,6318,4
44088,633,4
44088,330,5
44088,510,5
44088,528,5
44088,722,5
44088,949,4
44088,1023,5
44088,1119,4
44088,1249,3
44088,1362,3
44088,1525,3
44088,1693,4
44088,2198,4
44088,1418,4
44088,1931,4
44088,1463,4
44088,3096,4
44088,2811,4
44088,3938,4
44088,3530,4
44088,3492,4
44088,5232,5
44088,1686,4
25652,1662,5
47471,2179,5
47471,275,4
44314,3805,3
35918,7368,5
52044,2418,4
52044,5461,4
52044,6872,5
12060,4255,4
14893,112,1
19082,6381,5
35918,8641,5
28563,5738,5
1418,2221,3
1418,119,4
1418,6,4
1418,886,3
1418,931,3
52684,6289,4
40160,8043,4
33464,5101,5
12799,2246,5
53144,1786,2
53144,1174,3
40160,4739,5
53144,1978,4
52684,2672,4
21163,2143,5
21163,1462,4
13726,1786,5
44314,259,4
44314,376,2
44314,139,3
44314,4970,3
18917,277,4
9178,1031,4
9178,268,4
52684,23,4
17139,623,4
40160,61,5
18917,279,4
53144,3021,3
37829,842,5
52684,18,5
25652,279,4
37829,279,4
33464,181,5
33464,2775,5
33464,4856,3
19082,3293,3
44314,856,3
52684,1568,4
52684,8200,4
12060,7535,1
51316,189,3
51316,219,3
51316,28,3
51316,25,5
51316,11,4
51316,59,4
51316,157,4
51316,229,3
51316,18,5
51316,24,5
51316,54,4
51316,27,5
51316,809,4
51316,35,4
51316,251,4
51316,93,4
51316,37,3
51316,102,4
51316,45,3
51316,133,3
51316,358,4
51316,444,3
51316,114,3
51316,113,3
51316,19,3
51316,38,3
51316,119,3
51316,23,5
51316,117,3
51316,184,4
51316,391,4
51316,17,3
51316,257,3
51316,158,4
51316,397,3
51316,16,4
51316,245,3
51316,155,3
51316,364,4
51316,606,3
51316,57,4
51316,1569,3
51316,301,4
51316,40,3
51316,258,4
51316,7910,5
51316,1120,4
51316,635,4
51316,191,3
51316,298,3
51316,601,3
51316,335,3
51316,561,4
51316,1168,4
51316,52,4
51316,49,3
51316,56,4
51316,73,4
51316,474,3
51316,41,4
51316,247,4
51316,621,3
51316,260,4
51316,546,3
51316,122,3
51316,353,3
51316,98,4
51316,140,4
51316,790,4
51316,30,3
51316,292,3
51316,398,3
51316,629,3
51316,1469,4
51316,416,4
51316,127,3
51316,661,3
51316,1330,4
51316,744,5
51316,719,5
51316,21,5
51316,412,5
51316,503,4
51316,193,3
51316,373,4
51316,209,5
51316,542,3
51316,881,4
51316,294,4
51316,428,5
51316,61,3
51316,684,4
51316,151,4
51316,159,4
51316,175,4
51316,214,4
51316,370,4
51316,1027,4
51316,909,4
51316,1359,4
51316,1331,4
51316,452,3
51316,732,2
51316,34,4
51316,99,3
51316,96,2
51316,1802,5
51316,4422,5
51316,431,5
51316,511,3
51316,1091,3
51316,2150,3
51316,2351,3
51316,2074,3
51316,2031,3
51316,2296,3
51316,2745,3
51316,3108,3
51316,3680,3
51316,3443,3
51316,4127,3
51316,3876,3
51316,5166,3
51316,4797,3
51316,5282,3
51316,5007,3
51316,922,3
51316,2970,3
51316,4452,3
51316,4630,3
51316,5299,3
51316,5639,3
51316,5829,3
51316,5836,3
51316,6148,3
51316,7296,3
51316,3837,3
51316,6031,4
51316,572,3
51316,7433,3
19082,1174,2
33464,531,3
19082,9263,4
33464,1161,4
51316,8410,3
51316,1011,4
51316,88,3
51316,6,4
51316,277,5
51316,377,5
35428,213,5
35428,13,5
35428,14,5
35428,2024,5
35428,162,5
35428,8,5
35428,298,4
35428,283,5
35428,2494,3
35428,312,4
35428,8020,5
35428,1029,4
35428,2244,4
35428,2767,4
35428,3191,4
35428,1077,5
35428,5398,5
35428,5993,4
35428,4874,5
35428,7660,4
35428,6411,4
35428,9213,4
35428,8074,4
35428,8243,4
35428,8982,4
35428,6730,4
35428,466,4
35428,1089,5
35428,2782,5
35428,7377,5
35428,8117,5
35428,9626,5
35428,570,2
35428,755,5
35428,1924,5
35428,2501,5
35428,8367,4
35428,196,4
35428,753,4
35428,2110,4
35428,3932,4
35428,4061,4
35428,4739,4
35428,1664,5
35428,7,5
52684,24,5
35428,191,5
35428,5484,4
35428,3435,4
35428,3055,5
35428,4987,4
35428,4012,3
35428,6077,5
35428,4075,3
35428,2843,4
35428,28,5
35428,2678,4
35428,2504,4
35428,2,5
35428,23,5
35428,18,5
35428,21,5
35428,24,4
35428,27,5
35428,25,5
35428,37,4
35428,347,3
35428,542,2
35428,297,4
35428,68,2
35428,158,5
35428,377,4
35428,8157,3
35428,6,1
35428,157,5
35428,102,5
35428,39,3
35428,19,5
35428,380,4
35428,5227,2
35428,95,5
35428,531,5
35428,7106,5
9178,895,3
12060,61,3
35428,1422,4
35428,9378,3
35428,7784,3
35428,5213,3
35428,2759,3
35428,3577,3
35428,4132,3
35428,237,3
35428,1039,2
35428,62,2
35428,41,1
35428,1323,2
35428,2129,5
8890,3855,4
8890,695,4
52684,5649,4
52684,7815,3
35428,4184,3
9178,1411,4
28563,1187,5
37829,1527,4
25652,6589,1
51316,666,4
37829,197,3
51316,312,3
19082,1539,4
13226,1524,4
13226,4098,4
9178,233,3
33464,307,5
33464,4016,5
37829,527,3
40160,2112,5
49393,279,4
49393,23,4
49393,469,2
49393,1286,2
49393,623,4
49393,1182,2
49393,1490,3
49393,3756,4
49393,215,5
37829,563,3
53144,1551,3
11846,2422,4
11846,3249,4
11846,2592,5
53144,3952,4
53144,1190,2
53144,32,4
53144,271,4
17139,279,4
40160,566,3
11846,9216,3
29865,165,4
51316,200,4
51316,5288,4
9178,5556,3
11846,1729,4
52684,7801,3
51316,5140,4
35918,1410,3
13226,2037,5
13226,1076,4
4235,289,2
4235,639,3
4235,2173,3
4235,7305,4
51316,450,3
37829,558,4
33464,173,5
33464,595,3
51316,4470,3
51316,3514,2
53144,1076,4
53144,1028,2
53144,3228,4
53144,1433,3
51316,290,3
51316,3026,3
51316,7610,1
52044,9444,4
52044,8353,3
33464,4475,5
52684,8044,3
19082,2216,4
25652,9902,4
40160,7431,2
51316,2286,4
51316,7166,3
51316,4552,4
25652,6295,5
44314,1047,4
44314,2772,4
9178,5663,3
19082,1551,1
7696,216,4
44314,318,3
44314,4189,4
44314,7833,4
44314,40,2
13726,742,3
44314,677,3
44314,884,3
44314,9255,3
15965,215,5
9178,2098,4
53144,115,3
53144,404,3
53144,1806,3
51316,1782,2
52684,715,3
52684,2795,3
19082,4617,5
12799,4875,4
29865,188,3
51316,702,4
33464,2931,5
44314,6737,4
44314,1482,3
21163,279,5
33464,16,5
8162,4032,5
51602,2686,4
51602,4536,5
51602,11,4
51602,1189,5
51602,9260,5
33464,977,2
33464,1511,5
22339,7715,4
51602,1601,5
51602,3026,4
13226,1688,4
52684,21,5
11846,1668,5
11846,61,3
9178,8625,3
13226,8282,4
19082,3952,4
25652,1786,5
32953,859,3
53144,4176,3
53144,8839,3
8890,5131,5
8890,6900,5
19082,7455,5
35918,1203,4
44314,1300,2
44314,1948,2
35918,2334,5
51316,6737,4
13226,267,5
13226,1406,4
13226,692,4
53144,5578,3
17916,9162,3
17916,26,5
17916,912,5
17916,996,5
17916,1067,5
17916,240,4
17916,1151,5
17916,1181,5
17916,1226,5
17916,1232,5
17916,1267,5
17916,1606,5
17916,1390,5
17916,1627,5
17916,1694,5
17916,1821,5
17916,1959,5
17916,170,4
17916,75,4
17916,308,3
17916,411,3
17916,509,4
17916,1417,4
17916,169,4
17916,49,4
17916,42,3
17916,86,3
17916,4452,4
17916,5639,4
17916,18,5
17916,24,5
17916,23,5
17916,25,5
17916,27,5
17916,41,3
17916,1,3
17916,52,3
17916,17,3
17916,134,4
17916,20,3
17916,620,5
17916,309,4
17916,58,3
17916,3668,5
17916,8646,5
17916,980,5
17916,319,4
17916,1848,3
17916,1653,4
17916,1962,4
17916,600,3
17916,643,4
17916,2614,4
17916,5,3
17916,637,4
17916,337,4
17916,487,3
17916,693,3
17916,1117,3
17916,227,3
17916,2372,4
17916,3824,5
17916,4757,5
17916,4423,5
17916,1448,4
17916,660,3
17916,1296,3
17916,201,5
17916,5750,5
52684,4381,4
9178,920,3
35428,1950,5
51316,3228,4
51316,5726,4
35428,3110,4
52684,6127,3
44314,4576,4
44314,12,3
9178,113,4
51316,808,4
13226,185,5
35918,928,3
35918,3345,5
1418,1551,4
9178,2561,4
5487,2450,5
53144,61,4
53144,313,3
53144,185,3
53144,124,3
53144,190,4
53144,291,4
53144,396,3
53144,459,3
53144,417,4
53144,16,4
53144,262,3
53144,678,3
53144,139,3
53144,874,4
53144,591,3
53144,1462,4
53144,1242,3
53144,2496,3
53144,2775,3
53144,689,3
53144,106,3
53144,850,3
53144,1136,4
53144,34,1
53144,22,4
53144,1334,4
53144,702,3
52684,2178,3
52684,4082,4
52684,4918,4
13226,1326,5
44314,190,2
51316,48,3
19082,318,4
49543,1568,4
49543,1130,4
49543,1562,4
37829,8373,5
37829,3147,5
37829,458,4
44314,45,2
44314,7350,3
35918,177,5
13226,459,5
12060,87,4
53144,7467,4
35918,271,4
51602,4748,3
35918,1198,4
35918,5505,3
53144,4032,3
35918,348,4
7696,7154,3
7696,133,3
7696,1590,4
