user_id,movie_id,rating,timestamp
2,1198,4,978298124
2,1210,4,978298151
2,1217,3,978298151
2,2717,3,978298196
2,1293,5,978298261
2,2943,4,978298372
2,1225,5,978298391
2,1193,5,978298413
2,318,5,978298413
2,3030,4,978298434
2,2858,4,978298434
2,1945,5,978298458
2,1207,4,978298478
2,593,5,978298517
2,3095,4,978298517
2,3468,5,978298542
2,1873,4,978298542
2,515,5,978298542
2,2501,5,978298600
2,3035,4,978298625
2,110,5,978298625
2,2067,5,978298625
2,3147,5,978298652
2,1247,5,978298652
2,3105,4,978298673
2,1357,5,978298709
2,1196,5,978298730
2,1957,5,978298750
2,1953,4,978298775
2,920,5,978298775
2,1834,4,978298813
2,1084,3,978298813
2,1962,5,978298813
2,3471,5,978298814
2,3654,3,978298814
2,3735,3,978298814
2,1259,5,978298841
2,1954,5,978298841
2,1784,5,978298841
2,2728,3,978298881
2,1103,3,978298905
2,3451,4,978298924
2,3578,5,978298958
2,2852,3,978298958
2,3334,4,978298958
2,3068,4,978299000
2,265,4,978299026
2,2312,3,978299046
2,590,5,978299083
2,1253,3,978299120
2,3071,4,978299120
2,1244,3,978299143
2,1955,4,978299200
2,2236,5,978299220
2,3678,3,978299250
2,982,4,978299269
2,2194,4,978299297
2,2268,5,978299297
2,1442,4,978299297
2,3255,4,978299321
2,647,3,978299351
2,235,3,978299351
2,1096,4,978299386
2,1124,5,978299418
2,498,3,978299418
2,1246,5,978299418
2,1537,4,978299620
2,1188,4,978299620
2,2396,4,978299641
2,2359,3,978299666
2,2321,3,978299666
2,356,5,978299686
2,3108,3,978299712
2,1265,3,978299712
2,3809,3,978299712
2,589,4,978299773
2,2028,4,978299773
2,2571,4,978299773
2,457,4,978299773
2,2916,3,978299809
2,1610,5,978299809
2,480,5,978299809
2,163,4,978299809
2,380,5,978299809
2,3418,4,978299809
2,1408,3,978299839
2,349,4,978299839
2,1527,4,978299839
2,2353,4,978299861
2,2006,3,978299861
2,2278,3,978299889
2,1370,5,978299889
2,648,4,978299913
2,1792,3,978299941
2,1372,3,978299941
2,1552,3,978299941
2,2490,3,978299966
2,1385,3,978299966
2,780,3,978299966
2,2881,3,978300002
2,368,4,978300002
2,1801,3,978300002
2,165,3,978300002
2,459,3,978300002
2,442,3,978300025
2,1597,3,978300025
2,2628,3,978300051
2,1690,3,978300051
2,3257,3,978300073
2,736,4,978300100
2,2002,5,978300100
2,2126,3,978300123
2,292,3,978300123
2,1687,3,978300174
2,1544,4,978300174
2,1917,3,978300174
27,858,5,978128786
27,300,4,978128821
27,1722,3,978128865
27,1248,5,978128920
27,1250,5,978128920
27,2858,5,978128920
27,3730,5,978128920
27,1997,3,978128920
27,951,5,978128995
27,2948,4,978128995
27,1282,4,978129053
27,1252,5,978129176
27,3435,5,978129176
27,913,5,978129176
27,922,4,978129176
27,1617,4,978129176
27,541,5,978129176
27,2066,4,978129222
27,1267,5,978129222
27,930,5,978129222
27,3364,5,978129223
27,2186,5,978129223
27,3683,5,978129223
27,3030,5,978129302
27,910,5,978129302
27,947,5,978129302
27,2973,3,978129332
27,1188,3,978129368
27,1276,5,978129368
27,916,4,978129368
27,2289,4,978129368
27,1180,4,978129392
27,955,5,978129392
27,1136,5,978129392
27,2997,5,978129418
27,905,5,978129418
27,1394,5,978129418
27,898,5,978129478
27,1294,5,978129509
27,3037,4,978129527
27,3072,3,978129527
27,1265,3,978129566
27,260,5,978129642
27,2174,4,978129642
27,1097,5,978129642
27,1073,4,978129662
27,923,5,978129768
27,1237,5,978129795
27,912,5,978129836
27,1217,4,978129836
27,3469,5,978129930
27,908,5,978129930
27,1207,5,978129930
27,1225,3,978129956
27,318,4,978129982
27,971,5,978129982
27,926,5,978130018
27,1254,5,978130092
27,1262,5,978130092
27,1198,5,978130092
27,1204,5,978130092
87,1197,3,977694356
87,1198,4,977694508
87,2028,4,977694508
87,1196,5,977694541
87,1277,4,977694541
87,2571,5,977694541
87,260,5,977694541
87,1201,4,977694541
87,1240,4,977694541
87,2194,5,977694577
87,589,5,977694631
87,1387,5,977694631
87,110,5,977694631
87,1036,3,977694631
87,3578,5,977694631
87,457,5,977694631
87,1291,4,977694661
87,145,5,977694661
87,2947,5,977694661
87,1954,5,977694669
87,733,5,977694773
87,3178,5,977694773
87,3555,5,977694773
87,2006,5,977694773
87,3793,4,977694817
87,3639,5,977694817
87,2000,5,977694817
87,480,5,977694817
87,1610,5,977768358
87,1215,3,977768358
88,1968,4,977694098
88,480,3,977694128
88,1193,5,977694161
88,1284,4,977694225
88,110,4,977694225
88,1250,4,977694396
88,2324,5,977694531
88,1230,5,977694573
88,1446,5,977694880
88,1923,5,977694909
88,11,4,977695036
88,1747,4,977695095
88,2302,4,977695122
88,2321,4,977695150
88,858,5,977695215
88,923,5,977695270
88,1221,5,977695270
88,3788,5,977695304
88,912,5,977695338
88,954,5,977695338
88,1299,5,977695397
88,111,5,977695397
88,2927,5,977695397
88,1225,5,977695397
88,908,5,977695443
88,527,5,977695443
88,1207,5,977695443
88,608,5,977695443
88,1244,3,977695443
88,318,4,977695475
88,1945,5,977695555
88,1208,3,977695555
88,3067,4,977695581
88,1704,5,977695631
88,3359,4,977695631
88,1084,5,977695631
88,1231,5,977695631
88,3334,4,977695689
88,1203,5,977695689
88,2028,5,977695689
88,924,4,977695783
88,1228,4,977695783
88,1198,4,977696459
88,3068,4,977696459
88,1957,5,977696459
88,1962,4,977696459
88,541,3,977696459
88,1307,4,977696459
88,1090,3,977696459
88,1259,5,977696617
88,1293,4,977696617
88,1674,4,977696617
88,1956,5,977696617
88,1079,3,977696617
88,1300,5,977696617
88,1172,5,977696617
88,3210,4,977696618
88,3072,4,977696618
88,3361,4,977696618
88,1961,5,977696618
88,2915,5,977696618
88,2973,3,977696618
112,1293,4,977508385
112,913,5,977508385
112,1,5,977508486
112,2138,3,977508486
112,741,3,977508486
112,745,3,977508486
112,3429,3,977508486
112,2761,5,977508486
112,1024,3,977508486
112,1148,4,977508486
112,1223,3,977508486
112,3000,5,977508515
112,594,4,977508515
112,1282,5,977508515
112,3034,5,977508515
112,3114,5,977508515
112,3213,5,977508515
112,2687,5,977508515
112,2139,3,977508540
112,596,5,977508540
112,2096,4,977508540
112,1907,4,977508540
112,1022,4,977508540
112,2987,4,977508560
112,2080,5,977508560
112,2087,5,977508560
112,2355,5,977508560
112,588,4,977508599
112,2078,5,977508599
112,2085,5,977508599
112,2700,5,977508599
112,1032,5,977508599
112,364,4,977508599
112,2899,4,977508599
112,2102,3,977508599
112,1248,5,977508653
112,1252,5,977508653
112,1260,5,977508653
112,2066,5,977508653
112,1284,5,977508653
112,922,5,977508653
112,2186,4,977508653
112,3435,5,977508653
112,2203,5,977508683
112,930,3,977508683
112,1617,5,977508683
112,942,4,977508683
112,1069,4,977508683
112,3683,5,977508683
112,541,5,977508683
112,1179,5,977508731
112,1344,5,977508731
112,3334,5,977508731
112,2940,5,977508731
112,2182,3,977508756
112,3706,3,977508756
228,3535,4,976826810
228,1210,4,976826810
228,50,5,976826850
228,2355,5,976826894
228,32,4,976826894
228,1249,5,976826940
228,2858,5,976826940
228,551,5,976826965
228,3481,5,976827011
228,3917,4,976827011
228,3578,4,976827028
228,480,5,976827028
228,3555,4,976827063
228,3753,4,976827074
228,1544,4,976827150
228,3300,4,976827218
228,3513,4,976827279
228,3916,4,976827319
228,2710,4,976827774
228,3793,4,977765145
228,3717,4,977765273
228,3408,5,989594538
228,3510,4,989594652
228,3745,4,989594678
228,3409,5,989594737
228,3355,4,989595202
228,3952,5,993150525
247,1263,4,976727587
247,2470,3,976727587
247,475,5,976727587
247,2947,3,976727623
247,3753,3,976727623
247,2908,4,976727883
247,3420,5,976727946
247,1207,5,976727990
247,3095,3,976728055
247,1247,3,976728055
247,3251,4,976728104
247,318,5,976728104
247,527,5,976728163
247,2336,3,976728216
247,2501,4,976728216
247,1487,3,976728241
247,3871,3,976728303
247,3105,4,976728337
247,3386,5,976728337
247,3006,5,976728364
247,16,3,976728364
247,296,4,976728364
247,1203,5,976728364
247,1222,4,976728385
247,2020,4,976728442
247,34,5,976728462
247,778,3,976728500
247,2739,5,976728544
247,3198,5,976728574
247,1097,3,976728574
321,2359,3,976415299
321,1210,3,976415315
321,2496,3,976415327
321,1721,3,976415341
321,1617,5,976415358
321,2633,3,976415358
321,1563,5,976415419
321,590,3,976415461
321,3175,3,976415461
321,2617,3,976415461
321,2916,4,976415461
321,2628,3,976415479
321,349,4,976415479
321,1356,3,976415492
321,1049,4,976415492
321,107,4,976415510
321,2723,3,976415510
321,329,3,976415525
321,552,4,976415525
321,1552,3,976415540
321,648,3,976415558
321,168,3,976415558
321,2822,4,976415573
321,153,3,976415598
321,1917,3,976415598
321,1544,3,976415612
321,2858,5,976415737
321,296,4,976415746
321,1225,5,976415757
321,2607,5,976415773
321,318,4,976415783
321,3897,5,976415793
321,2908,4,976415813
321,1594,5,976415842
321,1699,4,976415842
321,1635,5,976415880
321,800,3,976415907
321,2333,5,976415917
321,32,4,976415934
321,2324,5,976415952
321,2329,5,976415981
321,778,5,976415999
321,1968,5,976416024
321,1222,4,976416024
321,3160,4,976416062
321,16,4,976416082
321,2890,4,976416100
321,1183,3,976416120
321,110,5,976416147
321,1961,4,976416159
321,1246,5,976416168
321,21,4,976416182
321,73,4,976416182
321,3566,5,976416195
321,2282,4,976416205
321,3176,5,976416256
321,1396,4,976416265
321,3556,4,976416283
321,1885,4,976416283
321,1542,3,976416299
321,3174,4,976416307
321,3578,3,976416353
321,1407,3,976416394
321,1645,5,976416394
321,3499,3,976416394
321,1339,5,976416416
321,842,3,976416416
321,2710,3,976416416
321,3476,5,976416416
321,2976,4,976416416
321,253,5,976416432
321,70,3,976416432
321,1717,4,976416450
321,1690,3,976416450
321,2279,3,976416469
321,1623,3,976416469
321,2826,4,976416469
321,1342,5,976416491
321,2719,3,976416512
321,188,4,976416512
321,2713,3,976416527
321,606,4,976416527
321,2995,3,976416541
321,2622,3,976416618
321,3438,3,976416631
321,2174,4,976416664
321,260,4,976416664
321,1073,5,976416664
321,2161,5,976416680
321,2872,4,976416680
321,2005,5,976416692
321,2143,4,976416704
321,2193,5,976416704
321,2021,3,976416704
321,1214,5,976416753
321,1997,5,976416763
321,1350,5,976416775
321,2644,3,976416775
321,3016,3,976416795
321,2003,3,976416821
321,3785,4,976416842
321,2513,4,976416875
321,1355,3,976416907
321,2789,5,976416918
321,1755,4,976417106
321,2058,4,976417126
321,588,4,976417149
321,595,4,976417163
321,364,5,976417163
321,1688,3,976417188
321,2709,3,976417188
321,2082,3,976417227
321,589,4,976417313
321,1196,5,976417313
321,1200,5,976417313
321,1206,5,976417313
321,1240,4,976417313
321,2571,3,976417324
321,3793,4,976417335
321,3527,4,976417350
321,2529,4,976417364
321,1921,5,976417364
321,1748,4,976417376
321,198,3,976417388
321,1527,3,976417403
321,1580,3,976417403
321,2985,3,976417414
321,3300,4,976417441
321,780,3,976417466
321,2699,4,976417466
321,2722,3,976417483
321,3697,4,976417483
321,2054,3,976417495
321,1590,4,976417550
321,2672,5,976417550
321,172,3,976417568
321,593,5,976417626
321,2762,5,976417626
321,50,5,976417626
321,1089,3,976417626
321,2542,4,976417636
321,47,3,976417649
321,2353,4,976417675
321,1732,5,976417675
321,2841,4,976417692
321,1573,3,976417729
321,2763,4,976417729
321,832,3,976417747
321,1608,3,976417767
321,1597,5,976417767
321,165,4,976417778
321,1647,3,976417794
321,2320,3,976417809
321,1616,3,976417818
321,1792,4,976417837
321,2505,3,976417848
321,1515,4,976417859
321,2126,3,976417884
321,2840,3,976417884
321,3275,4,981066749
321,1198,5,981066835
480,1210,3,976217270
480,1193,5,976217283
480,2028,3,976217302
480,2995,3,976217313
480,3897,5,976217400
480,3916,4,976217415
480,3948,4,976217432
480,3863,3,976217464
480,50,5,976217551
480,589,5,976217617
480,457,3,976217617
480,2571,4,976217617
480,1277,3,976217637
480,2058,3,976217670
480,480,5,976217670
480,1580,4,976217670
480,110,4,976217670
480,380,3,976217693
480,733,3,976217716
480,2273,3,976217764
480,780,4,976217778
480,1586,3,976217796
480,736,3,976217854
480,1876,3,976217854
480,3793,3,976234125
480,3481,5,976234125
480,3555,3,976234125
480,3578,4,976234125
480,3624,4,976234173
480,3510,4,976234173
480,3753,3,976234187
480,3409,4,976234199
480,750,4,976234334
480,260,3,976234334
480,1196,3,976234334
480,1206,4,976234351
480,1200,4,976234373
480,1097,4,976234373
480,1240,4,976234373
480,924,4,976234387
480,1584,4,976234426
480,1921,5,976234426
480,3527,3,976234426
480,3175,3,976234452
480,2046,4,976234532
480,3033,3,976234553
480,1320,4,976234573
480,1544,3,976234573
480,1917,3,976234612
480,318,4,976234779
480,593,5,976234798
480,296,3,976234798
480,527,4,976234798
480,2858,5,976234814
480,608,3,976234814
480,1704,4,976234831
480,2959,4,976234831
480,2329,5,976234847
480,3147,4,976234847
480,3178,3,976234878
480,337,5,976234921
480,1730,4,976234938
480,1784,4,976234938
480,1060,4,976234938
480,1393,5,976234956
480,1639,5,976234979
480,150,4,976234979
480,590,4,976235001
480,2596,3,976235032
480,1682,4,976235086
480,62,3,976235086
480,1059,5,976235096
480,3100,4,976235143
480,1721,5,976235153
480,524,3,976235178
480,1660,4,976235192
480,491,3,976235363
480,912,5,986353495
480,508,4,986353623
480,1673,3,986353640
480,3911,3,986353869
480,3554,3,986353887
480,3539,5,986353953
480,3785,3,986353995
480,3617,3,986354021
480,3717,3,986354047
480,3285,3,986354108
480,3452,3,986354108
480,3301,3,990162602
549,3082,3,976067748
549,3688,3,976067748
549,2413,4,976067772
549,1658,3,976067772
549,1186,5,976067772
549,1210,5,976067772
549,1248,3,976067854
549,908,5,976067854
549,1249,5,976067896
549,1259,5,976067896
549,1600,3,976067896
549,2948,5,976067896
549,3932,5,976067926
549,3947,4,976067926
549,2160,5,976067926
549,2291,5,976067949
549,2791,5,976067949
549,551,5,976067949
549,1129,4,976067974
549,110,3,976067974
549,3917,3,976067974
549,3920,5,976067974
549,1466,5,976067996
549,3624,3,976067996
549,661,5,976067996
549,2657,3,976068017
549,3627,4,976068017
549,3927,3,976068017
549,480,4,976068041
549,1035,4,976068041
549,70,4,976068041
549,2454,3,976068068
549,144,5,976068068
549,490,4,976068092
549,648,3,976068092
549,524,5,976068092
549,3510,5,976068123
549,3918,3,976068123
549,1286,3,976068141
549,266,3,976068141
549,2241,4,976068175
549,1970,3,976068175
549,2792,3,976068175
549,2456,4,976068212
549,3926,4,976068212
549,277,4,976068260
549,3793,5,976068359
549,3751,5,976068359
549,1812,5,976068439
549,296,5,976068462
549,608,5,976068483
549,1213,4,976068483
549,593,5,976068496
549,527,5,976068496
549,2289,5,976068512
549,1176,4,976068512
549,235,4,976068539
549,678,5,976068539
549,1245,5,976068539
549,994,5,976068562
549,1392,5,976068562
549,1358,5,976068581
549,32,5,976068581
549,25,3,976068602
549,34,4,976068602
549,36,4,976068602
549,2890,5,976068625
549,1719,3,976068625
549,529,4,976068625
549,1673,5,976068640
549,314,4,976068640
549,1060,5,976068640
549,2912,5,976068660
549,1834,5,976068690
549,800,5,976068690
549,1682,5,976068710
549,281,3,976068710
549,1357,3,976068710
549,1179,4,976068727
549,150,3,976068727
549,21,5,976068727
549,293,4,976068766
549,17,4,976068766
549,2024,5,976068796
549,2282,5,976068828
549,3418,4,976068828
549,2501,5,976068828
549,300,5,976068828
549,16,5,976068828
549,1542,5,976068845
549,1704,5,976068845
549,1094,5,976068845
549,1396,4,976068867
549,875,4,976068867
549,45,5,976068867
549,2071,5,976068894
549,3108,5,976068894
549,1747,5,976068894
549,3060,5,976068918
549,2329,5,976068918
549,509,4,976068918
549,1120,5,976068945
549,1190,3,976068945
549,1678,4,976068970
549,1884,4,976068970
549,508,3,976068970
549,2231,5,976068992
549,892,4,976068992
549,1584,4,976068992
549,3100,5,976069007
549,1268,4,976069067
549,431,5,976069067
549,2702,3,976069067
549,1589,5,976069085
549,1051,4,976069085
549,2975,3,976069102
549,628,5,976069114
549,590,3,976069134
549,3426,3,976069134
549,1840,3,976069134
549,3105,3,976069134
549,1306,5,976069161
549,159,3,976069161
549,507,3,976069161
549,2272,3,976069198
549,1480,5,976069198
549,3723,3,976069198
549,1093,5,976069198
549,1805,5,976069232
549,1183,5,976069232
549,1841,5,976069256
549,11,4,976069256
549,1061,5,976069256
549,94,5,976069271
549,1639,5,976069290
549,988,5,976069290
549,3107,3,976069290
549,1482,4,976069312
549,2112,5,976069332
549,22,3,976069332
549,253,3,976069351
549,43,5,976069351
549,372,3,976069351
549,224,4,976069372
549,805,4,976069372
549,3261,4,976069392
549,1810,4,976069392
549,454,4,976069392
549,2023,5,976069392
549,3272,4,976069425
549,2849,4,976069443
549,1404,4,976069464
549,1817,5,976069483
549,1836,4,976069483
549,1711,4,976069483
549,3141,5,976069501
549,100,4,976069501
549,1680,5,976069530
549,802,4,976069530
549,361,3,976069530
549,2297,4,976069587
549,3262,5,976069607
549,3477,3,976069607
549,1488,4,976069640
549,2429,4,976069678
549,1876,4,976069678
549,2688,4,976069696
549,436,4,976069696
549,351,3,976069709
549,24,5,976069726
549,2188,4,976069741
549,1801,4,976069770
549,2236,5,976069799
549,2269,3,976069894
549,3502,5,976069909
549,2997,4,976069964
549,745,5,976069964
549,1148,5,976069964
549,3114,5,976069964
549,2324,5,976069964
549,2599,5,976069981
549,1223,5,976069981
549,1,5,976070010
549,1265,5,976070010
549,2700,3,976070019
549,2395,5,976070034
549,700,4,976070034
549,1449,5,976070068
549,223,5,976070068
549,471,5,976070068
549,2108,5,976070068
549,2355,5,976070068
549,1923,4,976070068
549,1641,5,976070083
549,837,4,976070083
549,39,4,976070083
549,1845,4,976070104
549,497,5,976070104
549,2321,5,976070104
549,1732,5,976070104
549,799,5,976070122
549,588,4,976070139
549,1854,3,976070139
549,441,5,976070158
549,357,4,976070158
549,3466,4,976070549
549,492,3,976070549
549,2384,3,976070549
549,180,5,976070549
549,3052,5,976070586
549,2883,5,976070586
549,440,4,976070609
549,852,4,976070609
549,3358,5,976070609
549,1517,5,976070619
549,785,4,976070649
549,1476,5,976070649
549,3809,3,976070649
549,663,3,976070649
549,3253,4,976070674
549,367,4,976070674
549,1391,5,976070692
549,380,5,976070737
549,708,3,976070737
549,2302,5,976070786
549,1377,5,976070786
549,2706,5,976070786
549,2718,5,976070786
549,104,3,976070807
549,543,4,976070807
549,3712,5,976070826
549,2793,3,976070826
549,585,4,976070852
549,1919,5,976070852
549,339,4,976070852
549,2496,4,976070872
549,2860,4,976070872
549,2012,4,976070872
549,612,3,976070890
549,2567,4,976070890
549,725,5,976070925
549,2387,5,976070925
549,3243,3,976070947
549,2572,5,976070947
549,537,5,976070947
549,3254,3,976070969
549,1848,4,976070969
549,1513,3,976070969
549,2772,3,976070969
549,413,4,976071002
549,552,4,976071002
549,2805,5,976071039
549,468,5,976071039
549,513,5,976071039
549,788,3,976071058
549,231,3,976071058
549,2060,4,976071096
549,2385,3,976071096
549,1753,4,976071096
549,333,4,976071115
549,1057,4,976071126
549,3258,4,976071146
549,1677,4,976071146
549,2683,5,976071146
549,2266,4,976071167
549,157,3,976071167
549,1409,4,976071183
549,2485,3,976071203
549,2581,3,976071203
549,586,3,976071296
549,153,5,976071296
549,2587,3,976071296
549,1431,3,976071314
549,234,4,976071314
549,444,3,976071352
549,542,3,976071379
549,1167,3,976071399
549,429,3,976071426
549,2354,4,976071426
549,87,3,976071463
549,1887,3,976071496
549,1855,4,976071513
549,19,4,976071513
549,1853,3,976071524
549,2,3,976071572
549,2628,5,976071572
549,2253,3,976071588
549,589,5,976071633
549,741,5,976071633
549,2571,5,976071633
549,2916,5,976071633
549,1215,4,976071633
549,1356,4,976071656
549,1527,5,976071656
549,1573,5,976071656
549,1748,5,976071656
549,1909,5,976071656
549,1921,5,976071656
549,198,5,976071656
549,1676,5,976071686
549,1320,5,976071686
549,1372,4,976071686
549,329,4,976071686
549,3269,4,976071706
549,2393,4,976071706
549,748,4,976071728
549,2094,4,976071728
549,1603,4,976071728
549,1762,3,976071728
549,1917,3,976071755
549,1015,4,976115722
549,349,3,976115722
549,1049,3,976115722
549,2167,5,976115723
549,733,4,976115748
549,464,4,976115748
549,1552,4,976115748
549,362,4,976115748
549,434,3,976115768
549,10,5,976115768
549,316,5,976115781
549,761,5,976115813
549,836,3,976115833
549,1591,4,976115847
549,2720,3,976115847
549,1867,3,976115873
549,2153,5,976115873
549,1562,4,976115873
549,1617,5,976115953
549,707,4,976115953
549,904,5,976116006
549,1214,5,976116006
549,1219,5,976116006
549,1252,5,976116007
549,1260,4,976116007
549,1267,5,976116039
549,903,5,976116039
549,928,5,976116039
549,2186,5,976116039
549,111,4,976116039
549,50,5,976116039
549,1089,5,976116039
549,2210,5,976116072
549,929,4,976116072
549,930,5,976116072
549,3551,5,976116072
549,1953,5,976116072
549,2762,4,976116072
549,2983,5,976116072
549,457,5,976116098
549,3334,4,976116098
549,2917,3,976116098
549,1036,5,976116098
549,1227,5,976116098
549,47,5,976116129
549,561,4,976116129
549,2278,4,976116130
549,2871,4,976116130
549,2391,5,976116130
549,6,5,976116161
549,2227,5,976116161
549,1610,4,976116161
549,2288,5,976116161
549,1674,3,976116161
549,2553,3,976116161
549,1200,5,976116161
549,2208,5,976116186
549,2212,5,976116186
549,866,5,976116186
549,2554,3,976116186
549,3505,5,976116187
549,2206,5,976116220
549,3203,5,976116220
549,3403,3,976116220
549,3267,5,976116220
549,1344,4,976116220
549,2176,5,976116220
549,2550,4,976116220
549,933,5,976116247
549,3849,5,976116247
549,1343,5,976116247
549,2952,5,976116247
549,3763,5,976116247
549,1086,5,976116247
549,2202,5,976116273
549,1625,5,976116273
549,1127,5,976116273
549,373,4,976116273
549,3044,5,976116297
549,3204,5,976116297
549,3420,4,976116297
549,3476,5,976116297
549,2178,4,976116297
549,2764,5,976116297
549,1407,4,976116335
549,474,5,976116335
549,2118,3,976116335
549,2551,4,976116335
549,1994,4,976116335
549,931,5,976116360
549,1824,5,976116360
549,2183,5,976116360
549,377,5,976116382
549,906,5,976116383
549,1645,5,976116383
549,2110,4,976116383
549,3102,4,976116383
549,3015,4,976116414
549,3256,5,976116414
549,3101,5,976116414
549,1370,4,976116414
549,2182,4,976116414
549,2184,4,976116414
549,2353,5,976116414
549,2349,3,976116432
549,3706,5,976116432
549,2009,3,976116432
549,2273,4,976116473
549,1892,3,976116473
549,1003,4,976116473
549,353,3,976116473
549,3219,4,976116496
549,2527,3,976116496
549,3529,3,976116496
549,1092,5,976116496
549,3810,3,976116542
549,3686,4,976116542
549,3770,4,976116542
549,2841,5,976116567
549,481,4,976116567
549,2180,4,976116567
549,2753,4,976116567
549,2617,5,976116589
549,2177,4,976116589
549,2179,5,976116589
549,731,4,976116615
549,1647,4,976116615
549,3623,4,976116615
549,288,5,976116615
549,1518,5,976116615
549,3005,4,976116636
549,3063,3,976116636
549,1332,5,976116657
549,521,5,976116657
549,2267,3,976116675
549,165,5,976116675
549,2802,4,976116701
549,2956,5,976116701
549,3273,4,976116720
549,1754,5,976116720
549,95,3,976116720
549,2211,5,976116746
549,407,4,976116746
549,2181,4,976116746
549,1597,3,976116746
549,2263,4,976116769
549,1687,4,976116769
549,2126,5,976116769
549,1352,5,976116769
549,1717,4,976116803
549,1686,5,976116828
549,3355,5,976116828
549,338,4,976116828
549,3557,4,976116828
549,3764,4,976116828
549,1479,4,976116858
549,1831,4,976116882
549,423,4,976116882
549,2505,5,976116904
549,3584,4,976116904
549,2523,4,976116925
549,1055,3,976116925
549,132,4,976116946
549,540,3,976116946
549,880,4,976116963
549,427,4,976116984
549,3386,5,976117030
549,1270,5,976117102
549,1274,5,976117102
549,1196,5,976117102
549,1199,5,976117102
549,3703,3,976117102
549,541,5,976117102
549,2968,5,976117102
549,1240,5,976117102
549,610,5,976117128
549,2455,5,976117129
549,3699,3,976117129
549,1374,4,976117129
549,3576,4,976117129
549,1097,5,976117129
549,2985,4,976117129
549,2407,3,976117161
549,3070,5,976117161
549,2613,3,976117161
549,2641,5,976117161
549,2105,5,976117161
549,1376,4,976117161
549,2011,4,976117161
549,3033,3,976117191
549,2256,4,976117191
549,3698,4,976117191
549,1375,3,976117191
549,3701,4,976117191
549,2021,5,976117191
549,2054,4,976117218
549,2615,3,976117218
549,2642,3,976117218
549,2668,4,976117218
549,1373,5,976117218
549,2643,5,976117230
549,2580,5,976117254
549,1500,4,976117280
549,1729,5,976117280
549,1785,4,976117280
549,555,5,976117280
549,999,5,976117305
549,2616,4,976117321
549,259,5,976117321
549,2502,4,976117414
549,1408,3,976117440
549,3614,4,976117475
549,1722,4,976117475
549,7,3,976117529
549,2340,5,976117529
549,1475,3,976117558
549,2710,4,976117688
549,1339,4,976117707
549,724,4,976117722
549,188,4,976117722
549,2995,3,976117743
549,1619,5,976117883
549,780,5,976117910
549,465,4,976117921
549,1912,5,976117951
549,1833,3,976118003
549,533,5,976118017
549,3020,5,976118034
549,517,4,976118034
549,376,3,976118034
549,996,3,976118098
549,420,3,976118114
549,1882,4,976118135
549,3802,4,976118135
549,2701,3,976118135
549,544,3,976118158
549,2804,5,976118219
549,1197,5,976118219
549,1394,5,976118219
549,2064,5,976118258
549,1288,5,976118258
549,2248,4,976118258
549,3424,4,976118258
549,3613,5,976118258
549,3543,4,976118258
549,1079,4,976118258
549,921,5,976118289
549,3104,4,976118289
549,2352,4,976118289
549,2716,5,976118289
549,2915,4,976118289
549,1220,5,976118289
549,1285,5,976118324
549,3072,5,976118324
549,3608,5,976118324
549,2174,5,976118324
549,3361,4,976118324
549,3526,4,976118324
549,2795,4,976118324
549,2973,3,976118324
549,2065,4,976118359
549,3039,5,976118359
549,1297,5,976118359
549,2243,5,976118359
549,1663,5,976118359
549,3868,3,976118359
549,2926,5,976118359
549,2000,4,976118359
549,3210,5,976118386
549,3491,4,976118386
549,3685,4,976118386
549,2746,4,976118386
549,2750,5,976118386
549,2918,5,976118386
549,2797,4,976118386
549,2003,5,976118386
549,1211,5,976118386
549,2081,5,976118418
549,3087,3,976118418
549,2290,3,976118418
549,2867,4,976118418
549,2100,3,976118418
549,2144,5,976118418
549,3524,5,976118418
549,3552,5,976118418
549,1081,3,976118418
549,2406,4,976118451
549,3422,4,976118451
549,3448,3,976118451
549,2111,5,976118451
549,2371,5,976118451
549,3398,3,976118451
549,1958,3,976118451
549,3591,4,976118451
549,2073,4,976118479
549,2247,4,976118479
549,2145,3,976118479
549,2518,5,976118479
549,2736,5,976118479
549,3397,3,976118479
549,3740,4,976118479
549,2262,3,976118508
549,2416,3,976118508
549,2469,5,976118508
549,2470,3,976118508
549,3308,3,976118508
549,2001,3,976118508
549,2418,4,976118540
549,2457,4,976118540
549,3497,4,976118540
549,1135,4,976118540
549,2133,4,976118540
549,2134,5,976118540
549,2301,4,976118540
549,2286,3,976118563
549,3846,4,976118563
549,3525,5,976118563
549,3399,3,976118563
549,2369,4,976118593
549,2372,4,976118593
549,2375,3,976118593
549,2735,4,976118593
549,3395,4,976118593
549,2044,4,976118593
549,2405,3,976118618
549,2478,4,976118618
549,2378,4,976118618
549,2717,4,976118618
549,3385,4,976118642
549,3394,5,976118642
549,1091,5,976118642
549,1330,4,976118667
549,2088,5,976118668
549,2259,3,976118668
549,2473,3,976118668
549,3689,4,976118721
549,3690,3,976118721
549,1381,3,976118721
549,1291,5,976118895
549,2872,5,976118895
549,1198,5,976118895
549,2194,5,976118895
549,1218,5,976118895
549,1222,5,976118895
549,1242,5,976118895
549,2990,4,976118929
549,592,5,976118929
549,1275,5,976118929
549,2115,5,976118929
549,2193,4,976118929
549,3197,4,976118929
549,3527,4,976118929
549,2989,4,976118954
549,2414,5,976118954
549,1587,4,976118954
549,3441,4,976118978
549,2741,4,976118978
549,2403,4,976119002
549,2410,4,976119002
549,2411,4,976119002
549,3766,3,976119030
549,1193,5,976119076
549,858,5,976119076
549,3730,5,976119076
549,1221,5,976119076
549,3735,5,976119099
549,1208,5,976119099
549,1244,5,976119099
549,3152,4,976119114
549,3359,4,976119114
549,3655,5,976119141
549,2138,5,976119141
549,3363,4,976119141
549,1082,5,976119141
549,3471,5,976119162
549,3135,4,976119162
549,3198,5,976119162
549,3167,4,976119180
549,1954,5,976119180
549,2409,5,976119207
549,3194,5,976119207
549,2640,5,976119253
549,260,5,976119253
549,2116,5,976119253
549,3702,5,976119253
549,1206,5,976119253
549,3638,4,976119273
549,1371,4,976119273
549,2528,5,976119273
549,2034,5,976119273
549,1009,3,976119304
549,1073,5,976119304
549,1234,5,976119327
549,318,5,976119404
549,720,5,976119417
549,2761,5,976119439
549,1266,3,976119461
549,3728,5,976119526
549,3213,5,976119540
549,1095,5,976119573
549,1546,5,976119599
549,2310,3,976119631
549,337,3,976119631
549,1411,5,976119642
549,595,5,976119662
549,535,5,976119688
549,348,4,976119713
549,553,4,976119772
549,1401,4,976119786
549,3246,4,976119805
549,2687,5,976119831
549,851,4,976120920
549,783,3,976120977
549,187,4,976121080
549,1027,4,976121111
549,3263,3,976121125
549,2770,4,976121136
549,230,4,976121192
549,280,4,976121192
549,1442,4,976121209
549,112,3,976121209
549,838,3,976121227
549,1084,4,976121481
549,3468,3,976121503
549,3469,4,976121503
549,1207,4,976121503
549,750,5,976121520
549,1204,5,976121520
549,1247,4,976121520
549,924,5,976121540
549,1304,4,976121540
549,1949,4,976121540
549,2728,4,976121555
549,1952,5,976121555
549,2857,5,976121575
549,1333,5,976121575
549,3788,5,976121575
549,2529,4,976121592
549,2947,5,976121592
549,2949,5,976121604
549,2078,4,976121633
549,914,3,976121633
549,3653,4,976121633
549,2993,5,976121661
549,902,3,976121661
549,1017,3,976121661
549,1023,5,976121661
549,1028,5,976121661
549,2085,5,976121687
549,2870,4,976121687
549,2135,4,976121687
549,3168,4,976121687
549,1025,5,976121687
549,2136,4,976121718
549,1010,4,976121718
549,1013,4,976121718
549,1951,4,976121718
549,3600,3,976121733
549,3520,3,976121733
549,1237,5,976121766
549,1945,5,976121778
549,900,5,976121798
549,916,4,976121798
549,952,5,976121798
549,899,5,976121798
549,1203,5,976121798
549,3801,4,976121813
549,3871,4,976121813
549,3379,5,976121834
549,1012,4,976121834
549,969,5,976121853
549,1032,5,976121853
549,3088,4,976121854
549,2662,5,976121854
549,3549,4,976121870
549,1022,5,976121870
549,2087,5,976121898
549,2096,5,976121898
549,915,5,976121898
549,948,5,976121898
549,1103,4,976121898
549,2565,3,976121898
549,3516,4,976121898
549,1019,5,976121917
549,1016,4,976121929
549,913,5,976121999
549,923,5,976121999
549,1212,5,976121999
549,1254,5,976122000
549,2203,5,976122000
549,1284,5,976122000
549,912,5,976122014
549,3435,5,976122014
549,1068,5,976122014
549,1282,4,976122030
549,2102,3,976122030
549,2204,5,976122048
549,1269,4,976122048
549,3870,3,976122048
549,953,4,976122063
549,2201,4,976122084
549,2099,4,976122084
549,2430,3,976122084
549,2018,4,976122084
549,596,5,976122102
549,943,4,976122102
549,898,4,976122102
549,1029,5,976122102
549,1256,5,976122159
549,905,4,976122159
549,919,5,976122159
549,950,4,976122159
549,2899,5,976122159
549,954,5,976122179
549,3462,4,976122179
549,2366,4,976122179
549,920,4,976122202
549,944,5,976122202
549,965,5,976122202
549,2633,4,976122216
549,1099,4,976122216
549,1225,4,976122316
549,3090,4,976122331
549,1224,5,976122331
549,1228,5,976122331
549,2070,3,976122350
549,2859,5,976122350
549,1238,4,976122350
549,3068,4,976122372
549,2130,4,976122372
549,2313,4,976122372
549,2020,4,976122372
549,1231,5,976122372
549,1293,4,976122390
549,3098,5,976122390
549,1258,4,976122409
549,1090,4,976122409
549,2467,5,976122434
549,3360,3,976122434
549,1957,4,976122434
549,1960,5,976122434
549,1295,4,976122449
549,2987,4,976122468
549,2076,5,976122468
549,1321,4,976122486
549,3111,4,976122486
549,2312,4,976122486
549,1246,3,976122486
549,1298,4,976122516
549,2401,3,976122516
549,1130,4,976122516
549,3684,3,976122516
549,3734,4,976122516
549,1347,4,976122533
549,2745,5,976122533
549,3479,4,976122553
549,3550,3,976122553
549,2048,3,976122553
549,2420,3,976122572
549,1124,4,976122572
549,2114,4,976122572
549,2097,5,976122588
549,3142,5,976122588
549,3016,3,976122607
549,2734,3,976122607
549,2453,4,976122628
549,3478,4,976122628
549,2376,4,976122628
549,2749,4,976122628
549,1101,4,976122642
549,2846,4,976122642
549,3423,4,976122661
549,1346,3,976122661
549,3725,5,976122677
549,2143,3,976122703
549,2790,4,976122703
549,1974,3,976122722
549,3707,4,976122734
549,2639,3,976122751
549,3313,3,976122751
549,3331,3,976122751
549,2862,4,976122815
549,2902,3,976122846
549,1136,5,976122923
549,2819,4,976122937
549,1278,5,976122959
549,1294,4,976122959
549,3421,5,976122959
549,1080,5,976122959
549,1387,5,976122975
549,2971,4,976122975
549,3671,5,976122997
549,3396,4,976122997
549,3034,5,976123014
549,1997,5,976123014
549,2109,5,976123027
549,1077,3,976123040
549,2137,4,976123058
549,1350,5,976123058
549,3760,3,976123058
549,2991,5,976123081
549,3635,4,976123081
549,3639,5,976123081
549,1125,4,976123081
549,2779,4,976123081
549,3040,4,976123094
549,2090,4,976123112
549,1380,5,976123112
549,2789,4,976123132
549,2040,4,976123132
549,1030,3,976123149
549,2014,3,976123149
549,2367,4,976123161
549,3804,3,976123188
549,2037,3,976123188
549,1873,4,976123295
549,494,3,976470193
549,9,3,976470208
549,786,3,976470271
549,3911,4,991838680
549,3481,5,991838882
549,3882,4,991838930
549,3225,3,991838956
549,3534,4,991838956
549,3484,3,991839085
549,3755,5,991839151
549,3512,4,991839439
549,2763,4,1000951946
549,3189,4,1000952177
549,3536,4,1000952196
549,3324,4,1000952335
549,3744,4,1000952388
549,3717,4,1000952402
549,3300,4,1000952439
549,3897,5,1009314955
549,3893,5,1029336997
549,3952,4,1029337120
549,3798,3,1029337353
549,3863,4,1029337403
549,3754,3,1029337429
549,3354,4,1029337610
549,3578,3,1031856740
549,193,3,1033747544
549,3190,3,1043334030
549,3535,3,1043334084
549,3409,4,1043334126
586,908,4,975947646
586,2378,3,975947646
586,912,4,975947687
586,2470,3,975947687
586,1676,3,975947687
586,260,5,975947821
586,1196,5,975947821
586,2028,5,975947821
586,589,4,975947850
586,110,5,975947850
586,1200,4,975947850
586,1201,5,975947878
586,1240,5,975947899
586,1270,4,975948149
586,750,5,975948149
586,2287,4,975948149
586,2571,4,975948149
586,3703,3,975948149
586,1210,5,975948149
586,1214,5,975948149
586,541,5,975948149
586,924,5,975948187
586,3471,4,975948187
586,1199,5,975948187
586,2529,4,975948187
586,29,5,975948187
586,1206,5,975948187
586,745,5,975948707
586,1148,5,975948707
586,2761,4,975948707
586,1223,5,975948707
586,2858,5,975948794
586,2300,5,975949326
586,1235,5,975949326
586,1276,5,975949464
761,1917,3,975450661
761,2916,5,975450679
761,2105,4,975450721
761,2028,5,975450740
761,2582,5,975450755
761,3793,5,975451053
761,3745,4,975451083
761,3147,5,975451166
761,780,5,975451188
761,2571,5,975451206
761,924,5,975451234
761,1590,4,975451258
761,3948,4,975451290
761,2706,5,975451319
761,2325,5,975451333
761,3578,5,975451346
761,1,4,975451381
761,3114,5,975451381
761,589,5,975451405
761,1240,3,975451413
827,1302,5,975370416
827,912,5,975370440
827,2313,4,975370440
827,2023,3,1005006769
827,2455,5,1005006784
827,111,5,1005006784
827,593,4,1005006840
827,923,5,1005006840
827,858,5,1005006840
827,1206,5,1005006840
827,1221,4,1005006840
827,2936,5,1005006858
827,599,4,1005006884
827,1293,4,1005006884
827,1197,3,1005006884
827,1240,3,1005006884
827,1953,4,1005006912
827,1955,3,1005006912
827,1073,4,1005006912
827,1344,4,1005006931
847,1198,3,975353768
847,1541,3,975353768
847,338,3,975353768
847,2858,5,975353968
847,2355,4,975353968
847,909,4,975354003
847,1294,5,975354039
847,3363,4,975354039
847,3396,3,975354039
847,2918,5,975354039
847,1276,4,975354130
847,2396,5,975354130
847,1235,5,975354130
847,1259,5,975354176
847,3067,3,975354176
847,3671,5,975354176
847,1079,5,975354221
847,3072,5,975354259
847,232,3,975354259
847,3421,3,975354419
847,1197,5,975354419
847,1392,4,975354419
847,588,3,975354470
847,2997,3,975354524
847,1285,5,975354524
847,2289,3,975354524
847,2352,3,975354543
847,497,3,975354579
847,2324,5,975354579
847,2248,3,975354608
847,2174,5,975354608
847,2716,4,975354608
847,1265,5,975354643
847,2395,5,975354643
847,2064,3,975354692
847,235,4,975354720
847,21,3,975354720
847,1968,5,975354720
847,3210,3,975354767
847,2359,4,975354767
847,2915,3,975354767
847,2144,4,975354798
847,3108,3,975354798
847,2542,3,975354798
847,1073,5,975354798
847,1885,4,975354827
847,2065,3,975354854
847,2321,4,975354854
847,224,3,975354991
847,838,3,975354991
847,2747,5,975354991
847,3552,5,975354991
847,1269,3,975355080
847,1394,5,975355080
858,3897,4,975343464
858,2532,5,975343464
858,1198,5,975343481
858,2364,5,975343550
858,176,4,975343550
858,3893,4,975343649
858,3153,5,975343780
858,2797,5,975343780
858,1073,4,975343780
858,1097,5,975343780
858,2453,5,975343822
858,2872,5,975343822
858,2100,5,975343822
858,2174,3,975343822
858,1009,4,975343873
858,2005,5,975343886
858,1126,3,975343938
858,1564,4,975343965
858,3083,5,975343984
858,3072,5,975344010
858,2858,5,975344010
858,1392,4,975344156
858,3504,4,975344156
858,2997,3,975344169
858,2915,4,975344188
858,2918,4,975344188
858,2243,3,975344203
858,1307,3,975344203
858,1259,4,975344219
858,3099,3,975344219
858,1265,4,975344235
858,1923,4,975344235
858,2599,4,975344235
858,3421,4,975344251
858,2352,4,975344251
858,2359,3,975344251
858,2080,4,975344268
858,1641,5,975344268
858,1234,5,975344279
858,1,5,975344295
858,2248,3,975344295
858,3361,4,975344330
858,34,5,975344330
858,357,4,975344330
858,2064,3,975344355
858,3608,5,975344355
858,1125,4,975344377
858,3035,5,975344409
858,39,4,975344409
858,2369,3,975344427
858,1958,5,975344427
858,1247,5,975344462
858,2396,5,975344475
858,1947,5,975344475
858,1188,5,975344495
858,2291,5,975344513
858,1674,5,975344513
858,1094,3,975344513
858,2721,4,975344522
858,3699,4,975344533
858,1046,4,975344545
858,1183,3,975344546
858,2130,5,975344573
858,342,3,975344593
858,1219,5,975344617
858,1333,5,975344634
858,1387,5,975344634
858,1997,5,975344634
858,1214,5,975344634
858,3930,4,975344658
858,1258,5,975344658
858,2664,5,975344658
858,3837,4,975344658
858,2366,5,975344658
858,2554,5,975344658
858,2716,5,975344658
858,1623,3,975344731
858,2288,4,975344731
858,1350,5,975344731
858,1982,5,975344731
858,968,5,975344753
858,3499,5,975344753
858,2118,4,975344753
858,1321,5,975344753
858,2553,5,975344753
858,2746,4,975344753
858,1994,5,975344753
858,1261,3,975344772
858,1345,5,975344772
858,2377,4,975344772
858,3732,5,975344772
858,1407,5,975344795
858,2454,5,975344795
858,2657,5,975344795
858,2867,4,975344795
858,1331,5,975344795
858,2160,5,975344795
858,2279,3,975344820
858,2455,4,975344820
858,2459,5,975344820
858,1342,4,975344820
858,1974,3,975344820
858,1332,4,975344842
858,3081,4,975344870
858,426,4,975344870
858,3917,3,975344870
858,2710,3,975344901
858,2901,3,975344901
858,924,5,975344947
858,260,5,975344947
858,541,4,975344947
858,3471,5,975344959
858,1253,5,975344980
858,589,5,975344980
858,1270,3,975344980
858,3703,5,975344980
858,1200,5,975344980
858,2363,5,975345005
858,3702,5,975345005
858,1240,5,975345005
858,3793,4,975345029
858,3175,4,975345029
858,2529,5,975345029
858,2571,5,975345029
858,3704,3,975345029
858,2662,5,975345056
858,480,4,975345056
858,3527,5,975345056
858,32,5,975345056
858,2916,4,975345056
858,2287,5,975345080
858,1653,5,975345080
858,2640,5,975345080
858,2527,5,975345080
858,1127,4,975345103
858,1129,5,975345103
858,1356,5,975345103
858,1374,5,975345103
858,1019,5,975345103
858,3701,4,975345103
858,1334,4,975345120
858,2346,5,975345120
858,1376,3,975345128
858,2641,4,975345152
858,1580,3,975345152
858,1909,4,975345152
858,2046,3,975345152
858,2407,5,975345172
858,1573,3,975345172
858,2094,3,975345199
858,780,4,975345199
858,2428,3,975345218
858,3300,4,975345218
858,3024,3,975345270
858,1876,3,975345314
858,2533,5,975345314
858,24,4,975345314
858,3697,3,975345328
858,2530,3,975345328
858,2668,3,975345344
858,1371,3,975345344
858,332,3,975345344
858,2986,3,975345357
858,1590,3,975345371
858,1037,3,975345371
858,858,5,975345438
858,1248,4,975345454
858,1617,5,975345454
858,608,5,975345454
858,1213,4,975345454
858,1084,5,975345468
858,2580,4,975345490
858,2912,4,975345490
858,1201,5,975345517
858,3508,4,975345540
858,590,3,975345554
858,919,5,975345585
858,3545,5,975345585
858,73,4,975345599
858,1220,3,975345599
858,1951,4,975345631
858,1029,5,975345631
858,1035,5,975345631
858,2941,3,975345631
858,595,5,975345646
883,1198,5,975260272
883,1617,3,975260294
883,111,4,975260336
883,3088,5,975260361
883,1208,5,975260361
883,3916,4,975260424
883,3952,4,975260455
883,3893,3,975260455
883,3897,4,975260600
883,3911,4,975260600
883,3624,5,975260696
883,3578,3,975260696
883,3744,3,975260696
883,3755,3,975260696
883,3623,4,975260748
883,3827,3,975260748
883,3160,3,975730123
883,589,4,975730155
883,1171,4,975730155
883,3155,4,975730155
883,2160,4,975730171
883,3450,3,975730198
883,110,4,975730198
883,3512,4,975730198
883,3481,4,975730224
883,3555,4,975730224
883,3753,4,975730224
883,3124,4,975730321
883,3173,3,975730347
883,3325,4,975730347
909,260,3,975207067
909,3379,5,975207067
909,544,3,975207067
909,1224,5,975207067
909,1252,5,975207091
909,2012,3,975207091
909,190,4,975207159
909,2726,4,975207188
909,1207,4,975207213
909,923,5,975207229
909,1178,5,975207241
909,1147,3,975207261
909,3811,4,975207283
909,111,5,975207283
909,1104,5,975207304
909,2300,4,975207304
909,1206,5,975207304
909,1247,4,975207304
909,1362,4,975207334
909,2396,5,975207334
909,1230,5,975207334
909,1221,5,975207350
909,1617,4,975207368
909,1945,5,975207387
909,1084,3,975207387
909,1094,3,975207387
909,246,5,975207406
909,541,5,975207406
909,608,5,975207435
909,3893,3,975450586
909,3897,5,975450586
909,3911,5,975450586
909,3952,3,975450660
909,908,4,975450811
909,2858,5,975450811
909,3318,3,975450811
909,3929,5,975450811
909,1249,5,975450851
909,1250,3,975450851
909,3947,4,975450851
909,2160,5,975450851
909,2291,5,975450894
909,3481,4,975450894
909,3160,5,975450894
909,2791,5,975450894
909,2948,4,975450894
909,3925,3,975450894
909,3793,4,975450918
909,1466,5,975450918
909,1673,5,975450966
909,3566,4,975450966
909,1965,5,975450966
909,551,4,975450966
909,2454,4,975451002
909,1171,3,975451002
909,110,3,975451002
909,1129,3,975451066
909,1580,3,975451066
909,3578,4,975451066
909,144,3,975451107
909,2657,3,975451125
909,2792,3,975451153
909,3927,3,975451153
909,804,3,975451203
909,3755,4,975451393
974,1204,5,975106286
974,1221,3,975106286
974,110,3,975106312
974,523,3,975106312
974,1923,5,975106341
974,1210,4,975106341
974,3897,4,975106398
974,3911,5,975106398
974,3948,3,975106410
974,969,4,975106556
974,260,4,975106556
974,2692,3,975106556
974,1196,4,975106556
974,1198,4,975106556
974,858,4,975106556
974,1233,5,975106556
974,1912,4,975106573
974,1214,3,975106573
974,2028,3,975106573
974,1197,4,975106593
974,1240,5,975106593
974,3654,4,975106613
974,457,5,975106613
974,3366,4,975106613
974,21,3,975106613
974,589,5,975106636
974,1291,4,975106636
974,474,4,975106636
974,3702,4,975106636
974,3153,4,975106657
974,2000,4,975106657
974,3418,3,975106658
974,3159,4,975106775
974,3751,4,975106775
974,1148,5,975107070
974,2396,5,975107070
974,1537,3,975107091
974,3362,4,975107091
974,2997,3,975107109
974,298,4,975107109
974,1079,5,975107122
974,1276,3,975107138
974,1174,4,975107162
974,2599,4,975107162
974,1230,5,975107162
974,2973,5,975107162
974,1963,3,975107174
974,1270,5,975107193
974,1307,5,975107193
974,2359,4,975107193
974,1250,4,975107246
974,2624,4,975107246
992,593,4,975074318
992,3255,4,975074399
992,539,4,975074499
992,3409,3,975074789
992,3160,4,975074908
992,3515,4,975075058
992,3535,3,975075058
992,1203,5,975076432
992,344,3,975077410
992,1541,3,975077577
992,932,5,975077828
992,345,4,975077828
992,2439,3,975078066
992,969,5,975078066
992,3083,4,975078356
992,3007,5,975078832
992,2858,5,975078832
992,806,4,975078832
992,2706,4,975078832
992,1321,3,975079050
992,11,4,975079050
992,3599,5,975079242
992,150,4,975080065
1042,2662,4,974969070
1042,3629,4,974969070
1042,364,4,974969070
1042,260,5,974969180
1042,2100,3,974969180
1042,2140,3,974969180
1042,317,5,974969180
1042,367,3,974969180
1042,2797,3,974969180
1042,1097,4,974969180
1042,60,3,974969226
1042,2054,3,974969227
1042,788,4,974969227
1042,1848,3,974969227
1042,1967,4,974969227
1042,3479,3,974969263
1042,2399,4,974969263
1042,1750,3,974969263
1042,2015,3,974969263
1042,2,4,974969303
1042,2193,4,974969303
1042,2872,3,974969337
1042,3489,3,974969369
1042,2162,3,974969369
1042,3438,3,974969391
1060,2628,5,974949305
1060,3440,3,974949418
1060,1580,3,974949624
1060,589,4,975550231
1060,480,3,975550231
1060,2571,4,975550231
1060,780,4,975550298
1060,1573,5,975550328
1060,379,3,975550379
1060,2012,3,975550379
1060,1690,4,975550430
1060,1544,3,975550430
1060,2722,4,975550430
1060,788,4,975550490
1060,1603,5,975550542
1060,405,3,975550542
1060,1882,3,975550595
1060,3793,3,975550832
1060,3452,3,975550832
1060,3623,3,975550832
1060,3578,5,975550832
1060,3753,5,975550832
1060,3879,4,975550935
1060,3744,4,975550935
1060,3889,5,975550954
1060,110,5,975551031
1060,1912,3,975551031
1060,733,5,975551074
1060,1608,4,975551124
1060,2273,3,975551124
1060,648,5,975551172
1060,3107,4,975551213
1060,2167,4,975551213
1060,1552,4,975551251
1060,1918,4,975551281
1060,2617,4,975551331
1060,165,4,975551331
1060,95,5,975551353
1060,736,4,975551402
1060,434,5,975551402
1060,1377,3,975551497
1060,153,3,975551497
1060,3697,4,975551534
1060,44,4,975551534
1060,786,3,975551557
1060,1591,3,975551557
1060,990,3,975551658
1060,3916,5,975551755
1060,3617,5,975551953
1060,3177,4,975552035
1060,3755,4,975552035
1060,3798,4,975552068
1060,3821,3,975552068
1060,3863,3,975552068
1060,3301,4,975552093
1060,3825,5,975552194
1060,3752,5,975552194
1060,3864,3,975552221
1188,596,4,974850544
1188,1721,3,974850544
1188,2013,3,974850544
1188,902,4,974850567
1188,2268,5,974850567
1188,260,5,974850680
1188,1196,4,974850680
1188,1198,4,974850680
1188,1221,5,974850680
1188,1304,4,974850705
1188,2194,5,974850705
1188,1242,5,974850705
1188,1197,5,974850740
1188,110,5,974850740
1188,1036,5,974850740
1188,1210,4,974850740
1188,1214,4,974850740
1188,589,5,974850773
1188,1954,5,974850773
1188,1240,4,974850773
1188,1287,5,974850810
1188,1610,4,974850810
1188,457,5,974850810
1188,474,4,974850810
1188,2571,4,974850810
1188,1374,4,974850834
1188,733,3,974850867
1188,3753,5,974850867
1188,480,4,974850948
1254,1408,4,974822657
1254,1198,3,974822657
1254,367,3,974822657
1254,1270,4,974822684
1254,1242,3,974822684
1254,912,5,974822800
1254,969,4,974822800
1254,2080,4,974822820
1254,899,4,974822820
1254,2396,5,974822820
1254,1277,5,974822835
1254,3044,5,974822835
1254,2020,5,974822835
1254,1247,5,974822835
1254,1296,5,974822854
1254,265,4,974822854
1254,1554,5,974822854
1254,898,5,974822854
1254,1094,5,974822854
1254,902,5,974822867
1254,945,5,974822867
1254,446,5,974822867
1254,1188,5,974822867
1254,2243,4,974822884
1254,2248,5,974822884
1254,914,4,974822884
1254,1172,5,974822884
1254,1197,5,974822884
1254,1944,4,974822884
1254,2125,5,974822896
1254,931,5,974822917
1254,1674,4,974822917
1254,123,4,974822917
1254,1912,5,974822917
1254,58,5,974822917
1254,1183,5,974822933
1254,1066,4,974822933
1254,1683,5,974822948
1254,1307,5,974822948
1254,838,4,974822948
1254,25,4,974822948
1254,357,3,974822948
1254,915,5,974822959
1254,3046,4,974822979
1254,1498,5,974822979
1254,1733,4,974822979
1254,39,5,974822979
1254,3261,4,974822990
1254,249,5,974823002
1254,2340,4,974823002
1254,2943,5,974823002
1254,1639,5,974823015
1254,2671,4,974823015
1254,509,5,974823037
1254,1959,5,974823047
1254,1475,4,974823060
1254,289,4,974823060
1254,1290,5,974823166
1254,2406,5,974823166
1254,3436,4,974823166
1254,1721,5,974823166
1254,1380,4,974823183
1254,1393,5,974823183
1254,1777,5,974823183
1254,539,4,974823183
1254,3426,4,974823236
1254,1680,5,974823236
1254,2145,5,974823236
1254,377,4,974823249
1254,1210,5,974823249
1254,2424,3,974823266
1254,356,5,974823266
1254,361,4,974823266
1254,2469,4,974823280
1254,266,5,974823280
1254,380,3,974823280
1254,1441,4,974823297
1254,1353,3,974823297
1254,1722,4,974823297
1254,802,4,974823376
1254,1088,5,974823376
1254,2724,3,974823388
1254,2443,5,974823402
1254,605,3,974823402
1254,2316,4,974823402
1254,1821,3,974823459
1254,1593,3,974823459
1254,2062,5,974823478
1254,3155,3,974823501
1254,1735,5,974823501
1254,3528,5,974823501
1254,2581,5,974823501
1254,2405,3,974823518
1254,252,3,974823518
1254,378,4,974823518
1254,1496,3,974823528
1254,2146,4,974823528
1254,3257,3,974823543
1254,2485,4,974823543
1254,2497,3,974823543
1254,1888,5,974823543
1256,858,5,974821968
1256,1197,4,974821992
1256,593,5,974822009
1256,3011,4,974822009
1256,1131,4,1022010602
1256,3526,4,1022010602
1256,1968,3,1022010602
1256,2186,4,1022011217
1256,111,5,1022011217
1256,1248,5,1022011313
1256,1252,5,1022011313
1256,904,5,1022011313
1256,1617,5,1022011313
1256,608,5,1022011313
1256,50,5,1022011313
1256,2208,4,1022011341
1256,908,5,1022011341
1256,928,5,1022011341
1256,3728,5,1022011341
1256,1089,4,1022011341
1256,1249,5,1022011371
1256,924,4,1022011371
1256,678,5,1022011371
1256,1953,5,1022011371
1256,1267,5,1022011385
1256,965,4,1022011385
1256,1269,5,1022011405
1256,933,5,1022011405
1256,1358,5,1022011405
1279,3072,4,974793327
1279,2948,3,974793327
1279,3101,3,974793403
1279,2019,3,974793403
1279,2624,3,974793547
1279,2858,3,974793547
1279,2725,5,974793599
1279,2686,5,974793636
1279,1295,5,974793936
1279,1307,4,974794019
1279,2600,5,974794048
1279,1172,5,974794089
1279,1914,4,974794288
1279,194,5,974794288
1279,1784,3,974794469
1279,344,3,974794469
1279,157,4,974794512
1279,2797,4,974794586
1279,3385,4,974794820
1279,539,4,974794850
1279,912,3,974795138
1279,2396,4,974795138
1279,123,4,974795180
1279,1230,3,974795180
1279,764,3,974795244
1279,1674,4,974795244
1279,1183,4,974795244
1279,1094,3,974795273
1279,1959,4,974795301
1279,461,3,974795366
1279,1197,3,974795366
1279,17,3,974795366
1279,1066,4,974795366
1279,3160,3,974795472
1279,3565,3,974795513
1279,529,5,974795574
1279,3713,3,974795717
1279,1270,3,974795797
1279,260,4,974795797
1279,1196,4,974795797
1279,1097,3,974795797
1279,924,3,974795842
1279,1210,4,974795842
1279,541,3,974795842
1279,1372,3,974795900
1279,329,3,974795900
1279,1200,3,974795900
1279,1653,4,974795939
1279,2407,3,974795991
1279,2640,3,974795991
1279,1214,3,974795991
1279,1356,4,974796059
1279,1376,4,974796060
1279,3827,3,974796087
1279,1921,4,974796124
1279,3175,4,974796171
1279,1876,3,974796196
1279,2454,4,974796234
1279,1635,4,974796259
1279,2745,4,974796379
1279,2734,3,974796407
1279,412,3,974796481
1279,2609,4,974796637
1279,3307,4,974796637
1279,2175,4,974796695
1279,1176,5,974796736
1279,2544,3,974796736
1279,2682,4,974796766
1279,2610,5,974796986
1279,1193,3,974797016
1279,318,5,974797053
1279,1224,3,974797053
1279,306,5,974797217
1279,3471,3,974797299
1279,1893,3,974797299
1279,1228,4,974797299
1279,150,3,974797351
1279,1041,4,974797351
1279,3194,3,974797395
1279,1952,3,974797395
1279,919,3,974797433
1279,1660,3,974797459
1279,715,3,974797482
1279,3111,4,974797506
1279,3105,3,974797531
1279,1246,3,974797561
1279,3819,5,974797752
1279,3470,4,974797778
1279,608,3,974797800
1279,1198,4,974797872
1279,1617,3,974797908
1279,1231,3,974797908
1279,1234,4,974797908
1279,1446,3,974797939
1279,2442,4,974797971
1279,1960,3,974797971
1279,3091,3,974797994
1279,1262,4,974798062
1279,1250,3,974798092
1279,904,3,974798092
1279,1704,4,974798132
1279,448,4,974798221
1279,1721,3,974798363
1279,2762,4,974798389
1279,49,4,974798490
1279,1299,3,974798615
1279,1408,3,974798684
1279,266,4,974798790
1279,321,3,974799016
1279,2915,3,974799224
1279,1358,3,974799486
1279,2324,3,974799683
1279,2059,4,974799716
1279,1387,3,974799926
1279,36,3,974800007
1279,1584,4,974800400
1279,2571,3,974800400
1279,3252,3,974800718
1279,2046,4,974801504
1279,3412,4,974801564
1279,1730,4,974801621
1279,3783,3,974801770
1279,1814,5,974801837
1279,94,4,974801929
1279,2997,4,974802144
1279,3271,3,974802228
1279,1537,3,974802228
1279,2585,4,974802391
1279,2801,5,974802446
1279,475,4,974802486
1279,3079,4,974833921
1279,523,4,974834026
1279,2594,3,974834356
1279,2252,3,974844328
1279,3328,4,974845345
1279,1185,4,974845518
1279,1300,5,974845746
1279,440,3,974845871
1279,2400,5,974846154
1279,1957,4,974847490
1279,1923,4,974847684
1279,1961,3,974847822
1279,3060,3,974851711
1279,1641,3,974852035
1279,2391,3,974852078
1279,55,3,974852104
1279,307,3,974852141
1279,2333,4,974852203
1279,2908,4,974852203
1279,1678,3,974852225
1279,2599,4,974852248
1279,2693,3,974852339
1279,474,3,974852371
1279,2890,3,974852371
1279,2390,4,974852371
1279,2291,3,974852426
1279,417,3,974852426
1279,357,3,974852452
1279,1683,4,974852489
1279,803,4,974852579
1279,2276,4,974852602
1279,1396,4,974852643
1279,1542,3,974852669
1279,1897,3,974852702
1279,2321,4,974852702
1279,590,3,974852734
1279,2125,3,974852734
1279,1673,4,974852761
1279,2302,4,974852761
1279,778,4,974852799
1279,1354,3,974852855
1279,1916,3,974852855
1279,1500,3,974852881
1279,235,3,974852928
1279,2885,3,974852928
1279,1480,4,974852966
1279,1758,3,974852966
1279,838,3,974853109
1279,26,3,974853109
1279,508,3,974853109
1279,733,3,974853145
1279,339,4,974853236
1279,367,3,974853265
1279,3000,4,974853322
1279,2424,3,974853322
1279,1922,3,974853322
1279,381,4,974853396
1279,506,3,974853517
1279,3261,3,974853721
1279,2712,3,974853872
1279,708,3,974853928
1279,2340,4,974853979
1279,361,3,974854097
1279,1875,3,974854171
1279,597,3,974854312
1279,231,3,974854448
1279,1836,3,974854584
1279,2889,3,974854916
1279,2710,3,974854955
1279,236,3,974854989
1279,365,3,974855459
1279,3030,3,974856079
1279,3310,4,974856079
1279,593,3,974856268
1279,1219,3,974856268
1279,1204,3,974856350
1279,1272,3,974856507
1279,246,3,974856580
1279,914,3,974856611
1279,1962,4,974856611
1279,1247,3,974856657
1279,1287,3,974856784
1279,1217,3,974856784
1279,2728,3,974856810
1279,3098,3,974856858
1279,3871,3,974856880
1279,1079,4,974856903
1279,2064,3,974856961
1279,2662,3,974856961
1279,34,3,974857078
1279,3147,3,974857157
1279,3152,3,974857186
1279,595,3,974857222
1279,1947,3,974857222
1279,3751,3,974857247
1279,1265,3,974857267
1279,3521,4,974857310
1279,337,3,974857310
1279,949,3,974857393
1279,2130,3,974857441
1279,1393,3,974857482
1279,2243,3,974857515
1279,1096,3,974857515
1279,2248,3,974857870
1279,2080,3,974857893
1279,1028,3,974857893
1279,2872,3,974857910
1279,58,3,974857941
1279,2313,3,974857981
1279,1357,4,974858188
1279,300,4,974858188
1279,232,5,1006199196
1279,1545,3,1006199518
1279,1633,3,1006199639
1279,3148,4,1006199711
1279,987,3,1006199860
1279,272,4,1006199957
1319,415,4,974778350
1319,2145,4,974778372
1319,1270,3,974778395
1319,1617,3,974778408
1319,3948,5,974778489
1319,3418,3,974778714
1319,2000,4,974778714
1319,3189,3,974778848
1319,3515,4,974778878
1319,3510,3,974778954
1319,3408,5,974778980
1319,3555,3,974778980
1319,3534,3,974779025
1319,3752,4,974779025
1319,2858,4,974779159
1319,2791,3,974779159
1319,2961,5,974779271
1319,2706,5,974779308
1319,1777,5,974779457
1319,2724,5,974779478
1454,1475,3,974756291
1454,3098,4,974756291
1454,2477,3,974756291
1454,2628,3,974756291
1454,333,4,974756291
1454,15,3,974756291
1454,2997,5,974756371
1454,2890,5,974757024
1454,110,5,974757024
1454,527,5,974757024
1454,2028,5,974757024
1454,647,3,974757129
1454,161,3,974757129
1454,356,5,974757129
1454,1408,4,974757130
1454,1619,3,974757130
1454,2427,4,974757130
1454,1183,4,974757130
1454,780,4,974757181
1454,1488,3,974757181
1454,266,4,974757181
1454,1586,3,974757181
1514,785,4,974746533
1514,1968,3,974746533
1514,457,5,974746561
1514,1961,3,974746561
1514,3307,5,974746698
1514,3462,5,974746749
1514,3030,5,974746780
1514,923,4,974746780
1514,858,5,974746780
1514,2019,5,974746780
1514,3893,3,974747224
1514,3896,4,974747224
1514,3943,3,974747272
1514,2769,3,974747272
1514,3946,3,974747345
1514,3787,5,974747527
1514,2007,3,974747598
1514,101,4,974747621
1514,1136,5,974747651
1514,296,5,974747685
1514,1228,5,974747685
1514,1230,3,974747685
1514,2804,3,974747712
1514,1198,5,974747740
1514,50,5,974747770
1514,1217,4,974747770
1514,1260,4,974747791
1514,318,5,974747791
1514,1213,5,974747791
1514,2997,4,974747813
1514,1617,4,974747838
1514,111,5,974747838
1514,1089,5,974747838
1514,1256,4,974747866
1514,1196,5,974747866
1514,527,3,974747893
1514,1208,5,974747893
1514,541,4,974747893
1514,2076,3,974747923
1514,1278,5,974747923
1514,1199,5,974747923
1514,1233,3,974747923
1514,1276,4,974747943
1514,1348,5,974747943
1514,1197,5,974747985
1514,2599,4,974747985
1514,593,4,974748023
1514,2858,4,974748023
1514,1963,5,974748051
1514,2872,4,974748097
1514,1073,5,974748097
1514,2968,4,974748097
1514,1097,3,974748097
1514,1080,5,974748173
1514,1394,5,974748195
1514,2700,5,974748195
1514,2289,4,974748212
1514,1265,5,974748242
1514,223,5,974748242
1514,2300,4,974748242
1514,1923,5,974748242
1514,29,4,974748359
1514,1206,5,974748359
1514,2571,4,974748387
1514,32,5,974748387
1514,1240,3,974748387
1514,1235,4,974748469
1514,1449,4,974748494
1514,2064,5,974748549
1514,235,4,974748549
1514,3952,4,974748633
1514,3481,4,974748777
1514,3328,4,974748777
1514,3793,4,974748809
1514,3852,5,974748809
1514,3747,4,974748809
1514,3624,4,974748851
1514,3317,5,974748851
1514,3510,4,974748851
1514,3554,4,974748851
1514,3720,3,974748910
1514,3851,4,974749436
1514,3556,3,974749436
1514,3719,3,974749436
1514,589,5,974757218
1514,1215,4,974757218
1514,1653,3,974757253
1514,1527,5,974757253
1514,3175,5,974757253
1514,1573,4,974757253
1514,1748,4,974757253
1514,2916,5,974757253
1514,2628,4,974757281
1514,480,4,974757281
1514,1580,5,974757281
1514,1676,3,974757307
1514,1391,3,974757307
1514,316,3,974757307
1514,2012,3,974757307
1514,442,5,974757329
1514,3160,4,974757670
1514,3002,5,974757711
1514,3173,4,974757711
1514,3718,4,974757711
1514,1200,3,974758469
1570,2502,4,974737614
1570,110,3,974737614
1570,912,5,974737645
1570,858,5,974737792
1570,1213,4,974737792
1570,1299,4,974737812
1570,1221,5,974737812
1570,923,5,974737828
1570,1250,4,974737849
1570,3030,3,974737849
1570,3683,4,974737849
1570,919,4,974737871
1570,3196,4,974737871
1570,1233,4,974737871
1570,3006,4,974737897
1570,296,5,974737897
1570,306,4,974737897
1570,1252,5,974737958
1570,903,4,974737958
1570,904,5,974737958
1570,913,5,974737958
1570,1617,5,974737958
1570,942,3,974737958
1570,1212,4,974737958
1570,924,4,974737974
1570,800,5,974737974
1570,2206,3,974738013
1570,931,3,974738013
1570,3801,3,974738013
1570,1086,3,974738013
1570,164,4,974738033
1570,3386,4,974738033
1570,1589,3,974738093
1570,1909,3,974738093
1570,1625,3,974738120
1570,2414,4,974738138
1570,1645,3,974738138
1570,648,3,974738166
1570,1597,3,974738166
1570,517,3,974738166
1570,1805,3,974738189
1570,2413,3,974738210
1570,1248,4,974738281
1570,2203,4,974738281
1570,1260,4,974738281
1570,1267,5,974738281
1570,922,4,974738281
1570,930,5,974738281
1570,3435,5,974738281
1570,2186,5,974738281
1570,541,4,974738281
1570,1284,3,974738301
1570,3334,3,974738301
1570,2182,3,974738316
1570,1748,3,974738316
1611,1100,3,974729734
1611,3102,4,974729751
1611,1221,5,974729751
1611,902,4,974729793
1611,805,4,974729845
1611,527,3,974729845
1611,3948,4,974729997
1611,3936,4,974730038
1611,3937,3,974730038
1611,3930,4,974730071
1611,3932,4,974730071
1611,3917,5,974730099
1611,3918,4,974730099
1611,3919,3,974730099
1611,3911,5,974730129
1611,3897,4,974730149
1611,1101,4,974730240
1611,50,5,974730265
1611,2628,5,974730300
1611,260,5,974730300
1611,1196,5,974730331
1611,1210,4,974730350
1611,912,5,974730368
1611,2396,5,974730508
1611,2019,5,974730546
1611,104,5,974730571
1611,3147,5,974730603
1611,223,5,974730648
1611,2076,4,974730666
1611,1917,4,974730710
1611,2329,5,974730733
1611,1094,4,974730836
1611,2363,4,974730902
1611,2364,4,974730902
1611,2365,4,974730902
1611,110,5,974730925
1611,2857,5,974730976
1611,2946,5,974730993
1611,2065,4,974731026
1611,1387,5,974731074
1611,2366,4,974731074
1611,1214,5,974731074
1611,1219,5,974731074
1611,1258,5,974731097
1611,2288,4,974731122
1611,1350,4,974731122
1611,1997,5,974731122
1611,3499,4,974731149
1611,2118,4,974731149
1611,3476,4,974731183
1611,2867,4,974731183
1611,1321,3,974731183
1611,1347,5,974731183
1611,2003,3,974731183
1611,2377,3,974731218
1611,3535,3,974731218
1611,2617,4,974731237
1611,253,3,974731258
1611,1327,4,974731258
1611,2004,3,974731286
1611,3693,4,974731303
1611,2858,5,974731378
1611,1127,5,974731378
1611,2997,5,974731405
1611,2699,4,974731405
1611,3005,4,974731436
1611,3298,4,974731436
1611,2694,3,974731436
1611,2710,5,974731436
1611,2355,3,974731459
1611,3016,4,974731490
1611,2541,3,974731490
1611,2772,3,974731490
1611,2881,3,974731524
1611,1093,4,974731524
1611,1974,5,975827943
1611,1975,4,975827943
1611,1976,4,975827943
1611,1977,4,975827943
1611,1979,5,975827943
1611,1980,3,975827943
1611,147,4,975827999
1611,2060,3,975828027
1611,180,3,975828075
1611,1639,5,975828112
1611,29,3,980441679
1611,3826,3,980455479
1611,3512,5,980486251
1611,3000,4,980486293
1611,1361,5,980486333
1611,2762,4,980747806
1611,1198,5,980747921
1611,858,5,980747921
1611,2028,5,980747921
1611,2692,5,980747953
1611,1197,5,980747953
1611,2571,3,980747953
1611,1233,4,980747953
1611,1240,5,980747953
1611,1287,5,980747981
1611,1201,5,980747981
1611,6,4,980748009
1611,1610,5,980748009
1611,1036,4,980748009
1611,1222,4,980748009
1611,2194,4,980748039
1611,1261,5,980748071
1611,969,5,980748071
1611,1954,5,980748071
1611,3578,3,980748071
1611,522,5,980748071
1611,3527,4,980748091
1611,2000,4,980748091
1611,3793,4,980748119
1611,480,3,980748119
1611,377,3,980748119
1611,1374,4,980748145
1611,349,4,980748145
1611,3256,4,980748171
1611,3267,5,980748171
1611,2529,4,980748171
1611,3178,5,980748210
1611,2532,4,980748210
1611,145,4,980748210
1611,3555,3,980748211
1611,3107,4,980748231
1611,1573,4,980748231
1611,288,4,980748269
1611,648,4,980748295
1611,1049,3,980748295
1611,2023,4,980748295
1611,733,3,980748315
1611,3755,5,980748315
1611,2138,4,980748429
1611,2797,3,980748429
1611,1073,5,980748429
1611,2140,4,980748447
1611,2105,4,980748467
1611,2021,4,980748467
1611,913,5,980748506
1611,541,5,980748506
1611,1288,5,980748556
1611,903,5,980748601
1611,904,5,980748601
1611,928,5,980748632
1611,976,5,980748651
1611,1230,4,980748651
1611,2248,5,980748659
1611,17,3,980748659
1611,589,3,980748702
1611,1206,5,980748702
1611,608,5,980748736
1611,593,5,980748757
1611,1089,5,980748757
1611,1358,4,980748772
1611,318,5,980748888
1611,1213,5,980748907
1611,1,3,980748924
1611,296,5,980748941
1611,1673,4,980748960
1611,1041,3,980748992
1611,2804,5,980749074
1611,1394,5,980749074
1611,1231,4,980749089
1611,1285,4,980749103
1611,3703,4,980749212
1611,1200,5,980749212
1611,592,4,980749231
1611,2985,4,980749231
1611,1275,5,980749236
1611,610,3,980749261
1611,1378,4,980749261
1611,2001,3,980749261
1611,2403,5,980749299
1611,1587,5,980749299
1611,3441,3,980749316
1611,2402,3,980749355
1611,2411,5,980749355
1611,2421,4,980749355
1611,2815,3,980749355
1611,3766,3,980749377
1611,1030,4,980749506
1611,2398,5,980749590
1611,1042,5,980749628
1611,2455,4,980749769
1611,1130,4,980749786
1611,1128,4,980749809
1611,2517,4,980749809
1611,2900,4,980749809
1611,1407,3,980749855
1611,3081,3,980749855
1611,3264,4,980749872
1611,2279,3,980749896
1611,2898,4,980749896
1611,2713,3,980749896
1611,742,4,980749921
1611,2428,3,980749921
1611,1342,4,980749921
1611,3798,5,981615083
1611,337,4,981616935
1611,3243,4,981616960
1611,3461,4,981617043
1611,413,4,981617119
1611,3840,3,981617119
1611,2992,3,981617132
1611,663,4,981617193
1611,2889,5,981617240
1611,3206,3,981617549
1611,1215,5,981617619
1611,968,5,981617645
1611,3543,4,982429426
1611,3863,4,982561697
1611,1033,4,982561784
1611,3034,5,982561831
1611,520,3,982561831
1611,2116,5,982561948
1611,3857,4,982812346
1611,3409,4,983389774
1611,1498,4,983461865
1611,3316,4,983596897
1611,3896,4,983596923
1611,3203,4,983597151
1611,2465,3,983597176
1611,1246,5,983597176
1611,1970,3,983597259
1611,1971,3,983597259
1611,551,5,983597259
1611,1982,4,983597317
1611,1594,5,984024150
1611,3895,3,985145569
1611,3753,5,985145630
1611,2423,4,985146018
1611,2794,3,985146018
1611,2795,4,985146018
1611,3508,5,985146115
1611,1226,4,985146136
1611,3019,5,985146189
1611,3334,5,985146189
1611,2268,5,985146240
1611,1466,5,985146240
1611,47,5,985146240
1611,555,4,985146259
1611,3763,4,985146278
1611,112,4,985146335
1611,22,3,985146335
1611,2231,4,985146341
1611,1805,3,985146363
1611,1377,4,985146440
1611,3729,4,985146440
1611,2002,3,985146460
1611,70,4,985146460
1611,1647,4,985146479
1611,434,3,985146479
1611,2605,4,985146503
1611,1918,3,985146503
1611,2126,3,985146519
1611,1598,3,985146543
1611,1562,3,985146635
1611,153,3,985146635
1611,2137,4,985146701
1611,2078,4,985146728
1611,2080,3,985146728
1611,1282,5,985146728
1611,2139,4,985146728
1611,364,5,985146728
1611,2987,3,985146750
1611,588,4,985146750
1611,2081,4,985146750
1611,2090,4,985146781
1611,2687,3,985146781
1611,2394,4,985146781
1611,2700,5,985146781
1611,1907,4,985146781
1611,661,5,985146801
1611,1566,3,985146801
1611,2141,4,985146818
1611,2123,4,985146837
1611,1298,4,985146950
1611,919,4,985147031
1611,2565,5,985147031
1611,2863,5,985147077
1611,914,4,985147097
1611,1220,4,985147097
1611,1947,4,985147112
1611,2657,5,985147136
1611,346,4,985147136
1611,2083,5,985147161
1611,2746,3,985147161
1611,2941,4,985147161
1611,1380,4,985147182
1611,3142,5,985147182
1611,1088,3,985147182
1611,107,4,985147199
1611,1772,3,985147218
1611,3668,5,985147272
1611,1097,4,985147309
1611,2100,3,985147333
1611,2161,4,985147333
1611,1967,3,985147333
1611,2005,4,985147333
1611,2,4,985147359
1611,2193,3,985147359
1611,653,4,985147365
1611,3489,3,985147386
1611,2143,4,985147386
1611,1009,4,985147386
1611,3438,3,985147406
1611,1797,5,985147498
1611,2677,5,985147499
1611,2693,5,985147499
1611,3653,4,985147516
1611,1050,5,985147531
1611,1191,3,985147564
1611,3556,3,985187280
1611,2324,5,985761968
1611,3160,4,985761991
1611,2420,4,986784283
1611,3784,4,986784331
1611,1199,3,987225731
1611,3513,4,987422710
1611,3913,5,987476346
1611,3916,5,987655080
1611,2269,3,987655262
1611,1124,4,987655302
1611,3868,4,987655302
1611,3063,3,987655327
1611,1885,4,987655327
1611,48,3,987655327
1611,2378,3,987655359
1611,1994,4,987655384
1611,3688,3,987655405
1611,778,5,987655437
1611,924,5,987655493
1611,1353,3,987655551
1611,2709,4,987655551
1611,3033,5,987655572
1611,3039,4,987655584
1611,1485,3,987655633
1611,784,4,987655657
1611,1003,3,987655766
1611,1999,3,987655766
1611,2459,4,987655836
1611,1625,3,987655910
1611,457,4,987655910
1611,373,5,987655910
1611,3044,4,987655938
1611,866,4,987655938
1611,16,5,987655938
1611,2916,3,987655938
1611,2841,3,987655963
1611,1748,3,987655963
1611,1909,4,987655963
1611,161,5,987655963
1611,2490,3,987655981
1611,2353,3,987655981
1611,587,4,987656007
1611,454,4,987656007
1611,2763,4,987656007
1611,3686,4,987656031
1611,353,5,987656031
1611,1608,5,987656064
1611,482,5,987656064
1611,662,3,987656064
1611,832,3,987656064
1611,1092,4,987656064
1611,2840,3,987656086
1611,292,3,987656086
1611,1343,4,987656086
1611,230,4,987656158
1611,490,3,987656158
1611,1754,3,987656158
1611,1620,3,987656181
1611,1892,3,987656181
1611,1552,4,987656181
1611,2803,4,987656267
1611,1488,4,987656289
1611,2688,3,987656294
1611,2505,3,987656310
1611,3219,3,987656330
1611,2320,4,987656330
1611,185,3,987656334
1611,3249,3,987656366
1611,2446,3,987656417
1611,1644,3,987656445
1611,1515,3,987656445
1611,1752,3,987656445
1611,1591,3,987656467
1611,782,3,987656487
1611,2113,3,987656515
1611,2298,3,987656532
1611,538,4,988070083
1611,1968,5,988070108
1611,2236,3,988070321
1611,3148,5,988070345
1611,3185,4,988070367
1611,1396,3,988638712
1611,2542,4,988638739
1611,2010,5,988638762
1611,365,4,989449077
1611,261,4,989449103
1611,2747,4,989449103
1611,2861,5,989449258
1611,1291,4,990411184
1611,2115,4,990411184
1611,3827,4,990590800
1611,3623,3,990590955
1611,2891,3,990672273
1611,2384,3,992611111
1611,34,4,992611111
1611,300,4,994644809
1611,144,4,995423271
1611,376,4,996295681
1611,3285,3,996891295
1611,1080,4,998018519
1611,1136,5,998018543
1611,1301,4,998054826
1611,2686,4,998624769
1611,3052,4,998624889
1611,1057,4,998796864
1611,1835,4,999491482
1611,2409,3,999491632
1611,2410,4,999491632
1611,3408,3,999491666
1611,3145,4,999491666
1611,3614,4,999491727
1611,25,5,999491727
1611,361,4,999491755
1611,2546,3,999740746
1611,2034,4,999995338
1611,3791,4,1001246433
1611,216,3,1002068979
1611,3478,3,1002069013
1611,3101,4,1002069034
1611,1259,5,1002592668
1611,595,4,1004882287
1611,594,4,1004882354
1611,596,4,1004882354
1611,1022,3,1004882354
1611,1023,4,1004882376
1611,1029,3,1004882376
1611,2085,3,1004882405
1611,2087,4,1004882405
1611,2096,4,1004882405
1611,2099,5,1004882405
1611,2018,3,1004882405
1611,2089,3,1004882435
1611,783,4,1004882435
1611,1032,4,1004882435
1611,1025,4,1004882456
1611,3671,4,1006222187
1611,2706,4,1013346583
1611,1655,3,1015766322
1611,322,4,1016505915
1784,1198,4,974699675
1784,2693,4,974699718
1784,1221,3,974699718
1784,1270,4,974699812
1784,924,5,974699812
1784,589,5,974699971
1784,480,3,974699971
1784,1580,3,974699971
1784,2571,4,974699971
1784,32,5,974699971
1784,1653,5,974700033
1784,1584,4,974700033
1784,1748,3,974700033
1784,2916,4,974700033
1784,1356,4,974700091
1784,1372,4,974700091
1784,788,4,974700148
1784,2600,4,974700148
1784,2046,4,974700148
1784,1320,5,974700213
1784,1391,3,974700213
1784,2393,4,974700213
1784,780,3,974700269
1784,329,5,974700269
1784,1779,3,974700323
1784,1831,3,974700364
1784,2858,3,974700626
1784,1734,3,974700626
1784,318,5,974700626
1784,593,4,974700673
1784,608,3,974700673
1784,110,3,974700673
1784,527,5,974700673
1784,2028,3,974700722
1840,231,4,974696137
1840,3107,4,974696137
1840,1025,4,974696137
1840,2028,4,974696137
1840,283,4,974696242
1840,110,5,974696242
1840,2010,4,974696966
1840,260,5,974697973
1840,1206,5,974697973
1840,1214,5,974697973
1840,2640,3,974697974
1840,2657,4,974697974
1840,3471,4,974697974
1840,2116,5,974697974
1840,3702,4,974697974
1840,1252,3,974698920
1840,1267,4,974698920
1840,913,4,974698920
1840,3435,4,974698920
1840,1748,4,974698920
1840,541,5,974698920
1893,942,5,974691796
1893,337,4,974691796
1893,527,4,974691796
1893,988,3,974691995
1893,1230,5,974691995
1893,3317,5,974692169
1893,3481,3,974692262
1893,3897,5,974692262
1893,3751,4,974692262
1893,3911,4,974692294
1893,3536,3,974692332
1893,3618,4,974692367
1893,3852,4,974692370
1893,3823,4,974692483
1893,3783,5,974692483
1893,3949,4,974692532
1893,3408,4,974692532
1893,3747,3,974692532
1893,3915,5,974692532
1893,3578,4,974692579
1893,3571,3,974692583
1893,3952,4,974692641
1893,3298,3,974692641
1893,3720,3,974692641
1893,3594,3,974692641
1893,3753,3,974692700
2002,1480,3,974676968
2002,2243,5,974676999
2002,1210,3,974676999
2002,2069,5,974677032
2002,1269,5,974677032
2002,260,4,974677032
2002,3801,5,974677032
2002,1259,5,974677103
2002,908,5,974677103
2002,110,4,974677103
2002,1284,5,974677153
2002,1580,5,974677153
2002,2291,4,974677179
2002,1035,4,974677179
2002,1248,5,974677305
2002,2203,4,974677305
2002,1260,5,974677305
2002,942,5,974677305
2002,3435,5,974677305
2002,3364,4,974677305
2002,1252,5,974677341
2002,1267,4,974677341
2002,913,5,974677341
2002,922,5,974677341
2002,930,4,974677341
2002,1617,4,974677341
2002,3683,5,974677341
2002,3334,5,974677341
2002,1069,5,974677341
2002,2066,5,974677376
2002,1344,5,974677376
2002,1748,4,974677376
2002,164,4,974677376
2002,2940,4,974677376
2002,541,3,974677376
2002,2987,5,974677397
2002,2182,5,974677397
2002,2208,4,974677523
2002,903,5,974677523
2002,904,5,974677523
2002,3730,5,974677523
2002,1212,5,974677523
2002,2076,5,974677550
2002,906,5,974677550
2002,924,5,974677550
2002,1913,4,974677550
2002,931,4,974677580
2002,2686,5,974677580
2002,3176,4,974677580
2002,1950,4,974677580
2002,1086,4,974677580
2002,492,3,974677602
2002,2475,3,974677626
2002,350,3,974677643
2002,3262,4,974677678
2002,2413,4,974677696
2002,910,5,974677725
2002,1084,4,974677725
2002,296,4,974677742
2002,50,4,974677742
2002,2130,4,974677761
2002,1945,4,974677761
2002,1213,4,974677761
2002,1234,5,974677761
2002,1953,4,974677800
2002,2917,4,974677800
2002,3763,4,974677800
2002,2112,4,974677855
2002,1729,4,974677855
2002,2110,5,974677870
2002,47,4,974677884
2002,3247,4,974677896
2002,1711,4,974677945
2002,2764,4,974677945
2002,2616,3,974678002
2002,3764,3,974678002
2002,2281,4,974678030
2002,3462,5,974678085
2002,3307,5,974678085
2002,898,5,974678102
2002,905,5,974678120
2002,955,5,974678120
2002,1230,5,974678120
2002,1238,5,974678135
2002,951,4,974678154
2002,3363,4,974678154
2002,1304,5,974678169
2002,3504,5,974678184
2002,1028,3,974678184
2002,1294,5,974678208
2002,1278,5,974678234
2002,933,5,974678234
2002,235,4,974678234
2002,2936,5,974678234
2002,3814,4,974678235
2002,1265,4,974678266
2002,1281,5,974678266
2002,3671,5,974678266
2002,1077,4,974678266
2002,1,4,974678287
2002,2384,5,974678287
2002,39,3,974678308
2002,3088,4,974678334
2002,1963,4,974678334
2002,1073,3,974678334
2002,3507,4,974678398
2002,2700,4,974678420
2002,3543,4,974678420
2002,1226,4,974678420
2002,224,3,974678457
2002,2064,5,974678501
2002,1235,5,974678501
2002,1934,4,974678533
2002,3096,4,974678549
2002,2065,4,974678563
2002,3072,4,974678563
2002,1641,3,974678563
2002,3526,4,974678563
2002,1078,4,974678563
2002,3396,3,974678579
2002,1079,4,974678579
2002,3361,4,974678591
2002,1307,5,974678629
2002,2150,5,974678648
2002,2918,3,974678648
2002,2797,3,974678648
2002,3868,5,974678664
2002,2321,4,974678705
2002,1081,3,974678705
2002,901,3,974678725
2002,3451,4,974678725
2002,2463,3,974678739
2002,52,4,974678784
2002,2171,4,974678802
2002,357,5,974678802
2002,1923,3,974678818
2002,2746,4,974678846
2002,2302,3,974678859
2002,2247,3,974678879
2002,440,3,974678879
2002,3052,4,974678895
2002,2331,4,974678918
2002,1784,5,974678918
2002,1958,4,974678918
2002,141,3,974678934
2002,11,3,974678949
2002,2539,4,974678960
2002,2657,4,974678974
2002,3448,5,974678989
2002,3040,3,974679016
2002,2407,4,974679016
2002,708,4,974679029
2002,3263,3,974679043
2002,500,3,974679061
2002,3760,3,974679061
2002,532,4,974679076
2002,2436,4,974679101
2002,539,4,974679101
2002,1485,3,974679127
2002,356,4,974679140
2002,2424,3,974679231
2002,3869,3,974679231
2002,597,3,974679276
2002,784,3,974679326
2002,587,3,974679341
2042,2628,3,974666192
2042,3269,3,974666236
2042,1193,4,974666236
2042,3398,3,974666236
2042,1127,3,974666328
2042,2699,3,974666365
2042,3005,4,974666404
2042,2694,3,974666404
2042,2770,3,974666404
2042,2881,3,974666530
2042,3175,3,974666634
2042,3510,3,974666634
2042,3578,4,974666673
2042,785,4,974666714
2042,3174,4,974666752
2042,3623,3,974666792
2042,2900,3,974666792
2042,3753,4,974666827
2042,2394,3,974666877
2042,2901,4,974666877
2042,3081,4,974666951
2042,2762,4,974666951
2042,2841,3,974667007
2042,3176,4,974667007
2042,3798,3,974667049
2042,2987,4,974667082
2042,3793,4,974667082
2042,541,5,974667131
2042,1196,5,974667215
2042,1199,4,974667215
2042,3592,3,974667215
2042,1200,4,974667215
2042,1210,4,974667215
2042,1097,3,974667215
2042,1240,4,974667215
2042,2455,4,974667261
2042,3527,3,974667261
2042,3770,3,974667261
2042,2140,5,974667310
2042,2011,3,974667310
2042,2968,3,974667310
2042,2985,4,974667310
2042,2641,4,974667353
2042,3698,3,974667353
2042,2105,4,974667353
2042,2615,3,974667359
2042,2668,3,974667400
2042,3700,3,974667400
2042,2525,4,974667426
2042,1258,3,974667481
2042,1261,4,974667481
2042,1994,4,974667481
2042,2118,4,974667513
2042,2003,4,974667513
2042,2097,4,974667541
2042,2746,4,974667571
2042,2121,3,974667598
2042,1972,3,974667632
2042,799,3,974667791
2042,1215,5,974667791
2042,3499,3,974667819
2042,2617,4,974667845
2042,2004,4,974667913
2042,330,3,974667962
2042,1265,4,974668070
2042,34,4,974668114
2042,1,4,974668133
2042,104,4,974668185
2042,356,4,974668185
2042,1042,4,974668241
2042,380,4,974668314
2042,3178,3,974668343
2042,2359,3,974668374
2042,235,4,974668399
2042,551,4,974668436
2042,588,3,974668460
2042,671,4,974668460
2042,440,4,974668488
2042,1580,4,974668488
2042,539,3,974668488
2042,1020,3,974668552
2042,569,3,974668552
2042,2424,3,974668583
2042,339,4,974668583
2042,2012,3,974668583
2042,587,3,974668638
2042,1588,4,974668675
2042,1377,3,974668703
2042,317,3,974668703
2042,585,4,974668740
2042,231,4,974668740
2042,367,4,974668740
2042,3809,4,974668764
2042,2252,3,974668786
2042,107,3,974668792
2042,252,3,974668817
2042,516,3,974668844
2042,1394,4,974668908
2042,1197,4,974668918
2042,1270,4,974668945
2042,2248,4,974668945
2042,2791,4,974668945
2042,3210,3,974668974
2042,2174,4,974668974
2042,2918,5,974668974
2042,1257,4,974669002
2042,3608,4,974669002
2042,3104,4,974669025
2042,1395,3,974669092
2042,2797,3,974669092
2042,3397,4,974669120
2042,3070,4,974669150
2042,2470,3,974669191
2042,1136,5,974669264
2042,3363,3,974669264
2042,1230,3,974669264
2042,1278,4,974669288
2042,1292,4,974669288
2042,2109,4,974669317
2042,3396,4,974669317
2042,1125,3,974669347
2042,2453,4,974669412
2042,2872,3,974669412
2042,2161,4,974669412
2042,2193,4,974669412
2042,2640,4,974669487
2042,3471,4,974669487
2042,260,5,974669487
2042,2527,4,974669487
2042,1214,5,974669487
2042,3032,4,974669513
2042,2528,4,974669513
2042,589,5,974669591
2042,480,4,974669591
2042,2571,5,974669591
2042,32,5,974669591
2042,1372,3,974669631
2042,316,4,974669631
2042,780,4,974669670
2042,1603,3,974669670
2042,2046,4,974669670
2042,1876,3,974669698
2042,329,3,974669698
2042,2094,3,974669732
2042,1291,4,974669907
2042,1198,5,974669907
2042,1036,5,974669907
2042,592,4,974669938
2042,2194,4,974669938
2042,1101,3,974669964
2042,2115,3,974669964
2042,919,4,974670028
2042,2300,4,974670028
2042,899,4,974670028
2042,3061,3,974670030
2042,1267,5,974670125
2042,908,4,974670125
2042,608,4,974670125
2042,1358,4,974670125
2042,903,4,974670153
2042,3147,4,974670153
2042,2203,4,974670172
2042,913,4,974670229
2042,912,3,974670296
2042,1204,4,974670417
2042,1287,4,974670444
2042,3461,5,974670444
2042,2045,4,974670444
2042,986,3,974670475
2042,1374,4,974670475
2042,2916,4,974670475
2042,1073,4,974670475
2042,858,5,974670650
2042,1221,4,974670650
2042,750,5,974670700
2042,1250,4,974670725
2042,527,4,974670725
2042,2028,5,974670747
2042,1939,4,974670753
2042,1225,4,974670939
2042,1387,4,974670995
2042,2664,4,974671020
2042,3676,5,974671053
2042,2550,3,974671053
2042,1304,4,974680727
2042,3508,3,974680727
2042,3365,4,974680727
2042,1201,4,974680727
2042,553,3,974680754
2139,1193,4,974636697
2139,1777,4,974636697
2139,356,5,974636729
2139,2802,4,974636762
2139,2985,3,974636762
2139,3926,3,974637035
2139,3893,5,974637161
2139,924,4,974637264
2139,1019,5,974637264
2139,1541,5,974637365
2139,1608,5,974637447
2139,926,4,974637498
2139,2858,4,974637617
2139,1225,4,974637617
2139,3363,4,974637647
2139,11,5,974637698
2139,1208,4,974637890
2139,1269,5,974637947
2139,1784,5,974637947
2139,3105,3,974638037
2139,34,5,974638068
2139,1270,4,974638109
2139,2011,4,974638109
2139,2012,4,974638109
2139,3478,3,974638171
2139,2018,3,974638171
2139,1092,4,974638227
2139,1453,3,974638296
2139,1031,4,974638330
2139,2174,5,974638383
2139,3516,5,974638418
2139,2694,4,974638623
2139,2352,4,974638623
2139,3705,4,974638825
2139,1333,4,974638856
2139,141,5,974638856
2139,2259,4,974638926
2139,3671,4,974638926
2139,2710,5,974638926
2139,3257,5,974639216
2139,2917,4,974639216
2139,3005,5,974639334
2139,2453,4,974639955
2139,3204,5,974639986
2139,902,5,974640031
2139,110,5,974640031
2139,1250,5,974640155
2139,955,5,974640155
2139,105,5,974640155
2139,144,4,974640306
2166,1210,3,974612057
2166,75,3,974612102
2166,2490,3,974612134
2166,1198,5,974612134
2166,3948,3,974612343
2166,3177,3,974612371
2166,3821,5,974612415
2166,3596,4,974612469
2166,3793,3,974612548
2166,3624,4,974612548
2166,3717,4,974612548
2166,3578,5,974612548
2166,3755,3,974612548
2166,3452,3,974612572
2166,3623,5,974612572
2166,3744,4,974612572
2166,3798,4,974612634
2166,3409,3,974612671
2166,3273,4,974612671
2166,3484,3,974612671
2166,745,3,974612822
2166,1148,4,974612822
2166,1640,3,974612864
2166,1517,5,974612864
2166,1923,5,974612864
2166,1265,4,974612889
2166,2879,4,974612889
2166,2321,3,974612911
2166,104,5,974612911
2166,3114,3,974612938
2166,2574,3,974612938
2166,2359,3,974612955
2166,2718,3,974612995
2166,1020,3,974612995
2166,1,3,974613045
2166,1476,4,974613045
2166,2502,4,974613045
2166,543,4,974613045
2166,2060,5,974613067
2166,3254,4,974613161
2166,1223,3,974613161
2166,1405,4,974613208
2166,747,3,974613208
2166,2582,3,974613208
2166,1580,4,974613231
2166,3614,3,974613255
2166,3869,4,974613293
2166,2195,5,974613293
2166,837,3,974613347
2166,70,4,974613347
2166,2567,3,974613370
2166,367,4,974613370
2166,1468,3,974613403
2166,2694,4,974613403
2166,344,5,974613403
2166,2539,4,974613425
2166,1753,5,974613425
2166,3809,4,974613452
2166,2770,4,974613452
2166,69,4,974613483
2166,2496,3,974613506
2166,413,4,974613506
2166,1359,3,974613529
2166,1646,3,974613554
2166,216,5,974613554
2166,1391,4,974613554
2166,1485,5,974613572
2166,833,4,974613593
2166,2296,4,974613647
2166,2683,5,974613647
2166,2335,4,974613647
2166,435,4,974613675
2166,333,5,974613675
2166,3264,3,974613695
2166,788,4,974613717
2166,3146,4,974613717
2166,355,3,974613717
2166,370,4,974613762
2166,2306,4,974613788
2166,743,4,974613808
2166,2027,3,974613834
2166,419,3,974613875
2166,248,3,974613889
2166,174,4,974613920
2166,1503,3,974613921
2166,1858,4,974613967
2166,2431,3,974614020
2166,2170,4,974614020
2166,312,3,974614020
2166,765,3,974614044
2166,867,3,974614044
2166,1588,3,974614075
2166,19,4,974614075
2166,12,3,974614100
2166,2953,3,974614133
2166,2828,3,974614204
2166,2720,3,974614204
2166,589,4,974614433
2166,861,4,974614433
2166,2571,5,974614433
2166,733,5,974614474
2166,876,4,974614474
2166,2273,5,974614533
2166,480,4,974614533
2166,2167,4,974614533
2166,1722,5,974614533
2166,165,5,974614533
2166,1429,4,974614563
2166,996,4,974614563
2166,1527,5,974614563
2166,112,4,974614563
2166,2763,3,974614563
2166,377,5,974614563
2166,1608,4,974614593
2166,648,4,974614593
2166,1552,3,974614625
2166,10,4,974614625
2166,349,4,974614625
2166,2006,5,974614625
2166,2617,5,974614654
2166,1597,4,974614654
2166,442,3,974614687
2166,2334,3,974614687
2166,2723,4,974614687
2166,736,5,974614715
2166,780,4,974614746
2166,3082,5,974614746
2166,2628,3,974614746
2166,1687,4,974614746
2166,517,4,974614746
2166,1479,4,974614772
2166,2393,3,974614772
2166,1917,4,974614772
2166,786,4,974614837
2166,2616,3,974614837
2166,1320,5,974614837
2166,1544,4,974614837
2166,2722,4,974614837
2166,1876,4,974614864
2166,2881,4,974614864
2166,153,3,974614864
2166,170,4,974614864
2166,1431,5,974614886
2166,748,3,974614905
2166,44,4,974614905
2166,1438,4,974614947
2166,886,4,974614947
2166,208,3,974614967
2166,1591,4,974615007
2166,160,3,974615025
2166,1882,3,974615072
2166,2549,3,974615072
2166,1499,4,974615087
2166,2965,4,974615105
2166,2771,5,974615146
2166,2804,3,974615266
2166,1219,5,974615300
2166,318,5,974615338
2166,1136,4,974615433
2166,1242,5,974615433
2166,1291,5,974615490
2166,593,5,974615571
2166,1036,5,974615571
2166,260,4,974615589
2166,2700,5,974615613
2166,2291,4,974615665
2166,541,4,974615679
2166,2918,5,974615812
2166,3868,5,974615880
2166,1214,4,974615880
2166,2501,4,974615900
2166,2762,5,974615900
2166,3253,5,974615943
2166,457,5,974615960
2166,1258,5,974616049
2166,1387,4,974616331
2166,1259,4,974616366
2166,2947,5,974616407
2166,919,4,974616443
2166,1270,5,974616456
2166,1197,3,974616487
2166,2791,5,974616544
2166,150,5,974616606
2166,2949,5,974616606
2166,2355,4,974616747
2166,2174,4,974616849
2166,1073,4,974616849
2166,1833,5,974783070
2184,1230,4,974607275
2184,750,5,974607309
2184,1617,5,974607309
2184,2004,4,974607309
2184,2985,4,974607309
2184,2683,4,974607424
2184,3298,4,974607466
2184,2355,5,974607466
2184,2710,4,974607466
2184,2770,4,974607466
2184,2976,4,974607466
2184,223,4,974607485
2184,2336,5,974607507
2184,2599,4,974607507
2184,3175,4,974607569
2184,2757,4,974607569
2184,2959,5,974607569
2184,2333,4,974607588
2184,785,4,974607616
2184,3174,5,974607616
2184,2723,3,974607640
2184,2734,5,974607640
2184,1513,3,974607766
2184,2394,4,974607766
2184,2395,5,974607792
2184,2396,5,974607792
2184,2987,5,974607832
2184,2701,3,974607832
2184,2702,4,974607832
2184,2763,4,974607832
2190,593,4,974606305
2190,2088,3,974606305
2190,3499,4,974606345
2190,1097,4,974606345
2190,432,4,974606363
2190,2997,4,974606670
2190,2827,4,974606670
2190,2707,3,974606670
2190,2770,4,974606686
2190,2355,4,974606707
2190,2976,5,974606707
2190,2881,3,974606737
2190,2605,3,974606763
2190,3408,3,974606763
2190,2599,4,974606763
2190,2333,4,974606799
2190,2716,4,974606799
2190,3717,3,974606799
2190,3578,5,974606799
2190,2676,3,974606824
2190,3623,5,974606882
2190,2310,4,974606882
2190,2502,5,974606905
2190,2723,4,974606905
2190,2490,4,974606928
2190,3117,3,974606954
2190,2394,4,974606954
2190,2396,5,974606980
2190,2724,4,974606980
2190,2762,5,974606980
2190,3081,4,974606999
2190,2700,4,974606999
2190,3793,4,974607039
2190,589,5,974607436
2190,1584,4,974607436
2190,1748,5,974607436
2190,2571,5,974607436
2190,32,4,974607436
2190,1653,4,974607469
2190,1580,5,974607469
2190,1921,4,974607469
2190,480,4,974607496
2190,1356,3,974607496
2190,1527,4,974607496
2190,1909,4,974607496
2190,3269,4,974607553
2190,2628,4,974607553
2190,442,4,974607553
2190,1372,3,974607553
2190,1573,4,974607553
2190,2393,3,974607553
2190,329,3,974607574
2190,1917,4,974607596
2190,172,3,974607615
2190,1719,5,974607753
2190,318,5,974607774
2190,2028,5,974607792
2190,1617,4,974607836
2190,110,5,974607864
2190,3271,3,1024857071
2190,1136,4,1024857084
2190,2331,5,1024857114
2190,597,4,1024857126
2190,2735,3,1024857239
2190,587,3,1024857252
2190,1721,4,1024857284
2190,3476,4,1024857347
2190,2316,4,1024857366
2190,1411,5,1024857433
2190,26,4,1024857433
2190,2291,5,1024857463
2190,2565,4,1024857508
2190,3006,5,1024857548
2190,1466,4,1024857570
2190,849,4,1024857570
2190,595,5,1024857596
2190,1500,4,1024857596
2190,1754,3,1024857596
2190,1658,4,1024857629
2190,2918,4,1024857649
2190,1610,4,1024857705
2190,3534,3,1024857705
2190,1285,4,1024857719
2190,253,3,1024857748
2190,296,4,1024857793
2190,2822,3,1024857826
2190,3705,3,1024857843
2190,500,4,1024857843
2190,3039,4,1024857873
2190,616,4,1024857974
2190,3503,4,1033340000
2190,923,4,1033340092
2190,1276,5,1033340167
2190,1694,4,1033340167
2190,608,4,1033340352
2190,2501,4,1033340399
2190,2064,3,1033340460
2190,111,5,1033340460
2190,1198,5,1033340521
2190,1704,4,1033340521
2190,1266,5,1033340544
2190,3911,4,1033340557
2190,1214,4,1033340572
2190,17,5,1033340855
2190,260,5,1033340916
2190,1394,5,1033340948
2190,778,3,1033340965
2190,1197,4,1033340965
2190,1242,4,1033340989
2190,150,5,1033341005
2190,1224,5,1033341005
2190,914,4,1033341031
2190,25,3,1033341076
2190,2194,5,1033341090
2190,783,3,1033341102
2190,1196,5,1033341113
2190,3317,5,1033341173
2190,2797,4,1033341196
2190,1962,4,1033341318
2190,3253,5,1033341339
2190,1914,4,1033341339
2190,457,4,1033341360
2270,2109,3,974573811
2270,165,3,974573811
2270,2013,3,974573811
2270,2273,4,974573827
2270,908,4,974574126
2270,1259,4,974574151
2270,589,5,974574151
2270,3408,3,974574151
2270,2291,3,974574220
2270,110,4,974574220
2270,2454,3,974574246
2270,2791,3,974574430
2270,1097,3,974574430
2270,480,5,974574449
2270,1544,4,974574449
2270,1580,5,974574450
2270,3624,5,974574474
2270,2706,4,974574506
2270,1127,4,974574521
2270,2683,5,974574537
2270,2699,3,974574537
2270,2770,4,974574550
2270,2771,3,974574564
2270,2881,3,974574590
2270,2605,3,974574622
2270,2599,4,974574622
2270,3175,4,974574640
2270,2716,5,974574655
2270,3578,4,974574655
2270,3623,4,974574707
2270,3354,4,974574707
2270,2762,4,974574772
2270,3081,4,974574791
2270,3114,5,974574807
2270,2987,3,974574834
2270,3793,4,974574834
2270,2701,3,974574834
2270,2640,4,974575220
2270,2641,4,974575220
2270,2642,3,974575220
2270,2005,5,974575241
2270,1356,4,974575304
2270,1371,3,974575304
2270,1372,4,974575304
2270,1374,4,974575304
2270,1375,3,974575304
2270,1376,4,974575304
2270,2393,4,974575304
2270,329,4,974575304
2270,3809,4,974575329
2270,1210,5,974575404
2270,1909,4,974575526
2270,3159,5,974575588
2270,2723,5,974575632
2270,1721,4,974575879
2270,3826,4,974575932
2270,3745,4,974575932
2270,1610,5,974576121
2270,173,3,974576135
2270,2916,4,974576167
2270,2985,4,974576180
2270,2409,3,974606363
2270,1954,4,974606363
2270,2410,4,974606364
2270,2411,3,974606364
2270,3301,4,974606451
2270,3039,4,974621969
2270,924,4,974622039
2270,2311,4,974622063
2270,2628,4,974843919
2270,260,5,974843919
2270,3510,4,976585682
2270,3751,4,979081980
2270,3157,3,979082020
2270,3000,3,979541814
2270,541,3,979541946
2270,750,4,979541980
2270,2594,4,980812908
2270,2336,3,980812922
2270,1270,5,1043031399
2270,3639,3,1043031451
2270,10,4,1043031451
2270,2947,3,1043031451
2270,2949,3,1043031451
2270,1722,3,1043031488
2270,2011,4,1043031488
2270,2012,3,1043031488
2273,1270,4,974567730
2273,1344,3,974567749
2273,1387,3,974567766
2273,2628,5,974567807
2273,165,3,974567807
2273,2572,4,974568055
2273,924,3,974568071
2273,1127,3,974568120
2273,19,3,974568120
2273,2015,3,974568120
2273,2124,4,974568145
2273,1608,4,974568204
2273,2791,5,974568204
2273,2792,4,974568204
2273,1214,5,974568241
2273,1320,4,974568263
2273,1200,4,974568263
2273,1225,5,974568286
2273,2706,5,974568301
2273,1693,5,974568321
2273,1321,5,974568321
2273,11,4,974568321
2273,3421,5,974568379
2273,377,4,974568460
2273,3635,5,974568473
2273,3071,5,974568491
2273,1356,3,974568524
2273,1375,4,974568524
2273,260,5,974568546
2273,2840,4,974568583
2273,1234,5,974568598
2273,2640,4,974568710
2273,2702,4,974568710
2273,2641,4,974568727
2273,2642,3,974568727
2273,3176,5,974568780
2273,2664,5,974568816
2273,2815,4,974568827
2273,1429,4,974568855
2273,2405,3,974568902
2273,1393,4,974568902
2273,2078,3,974568933
2273,480,4,974568946
2273,2420,4,974568987
2273,2421,3,974568987
2273,2422,3,974568987
2273,3760,5,974569000
2273,2366,3,974569029
2273,785,4,974569058
2273,3479,4,974569099
2273,485,3,974569119
2273,3255,3,974569154
2273,1485,4,974569214
2273,2000,4,974569215
2273,2991,5,974569280
2273,3208,4,974569280
2273,2116,3,974569303
2273,1010,4,974569358
2273,2989,5,974569785
2273,2041,4,974569863
2273,2428,3,974569889
2273,2995,3,974569915
2273,2716,5,974569915
2273,2762,4,974569993
2273,2763,5,974570030
2273,2987,3,974570041
2291,2115,5,974514822
2291,1097,4,974514822
2291,1256,4,974514845
2291,1797,4,974514870
2291,1968,3,974514887
2291,3201,4,974515157
2291,912,5,974515201
2291,919,5,974515306
2291,969,5,974515306
2291,260,5,974515327
2291,1198,5,974515327
2291,480,5,974515361
2291,60,4,974515361
2291,1566,5,974515380
2291,1210,5,974515380
2291,592,4,974515418
2291,2406,4,974515418
2291,2470,3,974515418
2291,1356,4,974515437
2291,1580,4,974515454
2291,362,4,974515472
2291,112,4,974515489
2291,648,4,974515508
2291,1376,4,974515508
2291,2405,4,974515528
2291,2628,5,974515528
2291,1375,4,974515528
2291,1377,4,974515551
2291,329,4,974515568
2291,1894,4,974515588
2291,1371,4,974515588
2291,1372,4,974515603
2291,160,3,974515636
2291,1373,4,974515652
2291,153,4,974515675
2291,2421,3,974515708
2291,169,3,974515708
2291,688,3,974515719
2291,1562,4,974515736
2325,1639,4,974433306
2325,2028,3,974433317
2325,26,4,974433345
2325,110,4,974433367
2325,2858,5,974434751
2325,2706,3,974434751
2325,2997,5,974434769
2325,2707,3,974434769
2325,2908,5,974434783
2325,2433,3,974434798
2325,2541,3,974434824
2325,2881,3,974434838
2325,2712,4,974434870
2325,2959,3,974434870
2325,2688,3,974434914
2325,2580,4,974434935
2325,3174,5,974434956
2325,2394,5,974435017
2325,2686,3,974435035
2325,2692,4,974435035
2325,3512,3,974435035
2325,3793,3,974435074
2344,3004,4,974413162
2344,1270,4,974413162
2344,790,3,974413229
2344,2628,4,974413229
2344,2136,4,974413229
2344,2724,4,974413229
2344,2826,4,974413298
2344,2683,4,974413298
2344,2706,4,974413298
2344,2572,3,974413298
2344,2710,3,974413322
2344,223,5,974413339
2344,2038,3,974413339
2344,2041,3,974413339
2344,2828,3,974413374
2344,2336,4,974413374
2344,1911,4,974413374
2344,2605,4,974413402
2344,2688,4,974413402
2344,3175,3,974413402
2344,2959,4,974413402
2344,2720,3,974413438
2344,2049,4,974413438
2344,2882,3,974413478
2344,2622,5,974413509
2344,2805,4,974413509
2344,2734,3,974413509
2344,3219,3,974413522
2344,2490,4,974413522
2344,2686,5,974413552
2344,1513,3,974413552
2344,2598,4,974413552
2344,24,5,974413552
2344,2485,3,974413581
2344,2840,5,974413581
2344,2396,5,974413581
2344,2987,4,974413603
2344,2701,4,974413603
2344,2763,4,974413603
2344,2600,5,974413610
2344,260,4,974413724
2344,1196,4,974413724
2344,2571,4,974413724
2344,1210,4,974413724
2344,541,4,974413724
2344,1097,4,974413724
2344,589,4,974413755
2344,1200,3,974413755
2344,1214,3,974413755
2344,1240,4,974413755
2344,3793,3,974413770
2344,1374,3,974413792
2344,1396,5,974413792
2344,32,5,974413792
2344,2640,3,974413815
2344,1376,4,974413815
2344,1653,4,974413831
2344,1580,4,974413831
2344,1921,5,974413831
2344,3527,3,974413831
2344,1127,3,974413854
2344,1527,3,974413854
2344,1573,4,974413854
2344,1215,4,974413854
2344,2916,4,974413882
2344,2046,3,974413882
2344,2672,4,974413897
2344,480,3,974413897
2344,316,4,974413897
2344,2105,4,974413912
2344,1909,4,974413912
2344,3827,4,974413926
2344,3937,3,974413968
2344,3269,4,974413968
2344,610,5,974413968
2344,2393,4,974413968
2344,2011,3,974413968
2344,2021,3,974413984
2344,1917,5,974414026
2344,3698,3,974414067
2344,1037,4,974414067
2344,3033,4,974414090
2344,1779,3,974414090
2344,172,4,974414090
2344,3354,3,974414111
2344,788,4,974414129
2344,1373,3,974414129
2344,3826,3,974414160
2344,849,3,974414160
2344,1591,4,974414160
2344,2722,4,974414175
2344,2322,3,974414211
2344,2549,3,974414211
2344,405,5,974414227
2344,160,4,974414227
2344,880,3,974414242
2344,3624,4,974414344
2344,3481,4,974414344
2344,3408,3,974414358
2344,3513,4,974414378
2344,3484,4,974414397
2344,3173,3,974414397
2344,3534,3,974414397
2344,3889,5,974414519
2344,3671,5,974414558
2344,553,5,974414575
2344,2401,3,974414587
2344,1007,5,974414603
2344,383,4,974414603
2344,1378,4,974414618
2344,1379,4,974414618
2344,2012,3,974414618
2344,2016,4,974414618
2344,2478,4,974414644
2344,432,3,974414644
2344,487,3,974414644
2344,2997,4,974414792
2344,2804,3,974414792
2344,1,4,974414809
2344,2858,3,974414809
2344,1136,4,974414809
2344,1197,5,974414809
2344,3114,4,974414819
2344,1878,3,974414834
2344,1292,4,974414890
2344,1641,3,974414890
2344,3421,4,974414890
2344,1234,4,974414890
2344,1259,3,974414907
2344,2918,5,974414907
2344,2791,3,974414907
2344,909,3,974414916
2344,1294,3,974414935
2344,2000,4,974414935
2344,441,3,974414948
2344,934,4,974414965
2344,1278,3,974414996
2344,1968,3,974414996
2344,1307,3,974415014
2344,2716,3,974415014
2344,3751,3,974415014
2344,1220,4,974415026
2344,1265,5,974415043
2344,1060,4,974415147
2344,2795,3,974415169
2344,3868,3,974415205
2344,69,3,974415205
2344,588,3,974415219
2344,2081,3,974415219
2344,2915,3,974415219
2344,1663,4,974415233
2344,1073,3,974415233
2344,2700,4,974415269
2344,3536,4,974415269
2344,11,4,974415269
2344,2797,4,974415269
2344,3448,4,974415296
2344,2671,4,974415296
2344,1747,4,974415296
2344,224,3,974415318
2416,3070,3,974244603
2416,3499,5,974244603
2416,3116,3,974244603
2416,111,5,974244603
2416,3893,5,974244783
2416,3950,4,974245048
2416,3952,4,974245048
2416,3864,3,974245048
2416,3916,5,974245048
2416,3879,3,974245197
2416,3895,3,974245197
2416,3457,4,974245575
2416,3823,4,974245576
2416,3510,5,974245598
2416,3512,3,974245814
2416,3556,4,974245814
2416,3578,5,974245814
2416,3753,5,974245901
2416,3565,4,974246042
2416,3755,4,974246128
2416,3623,3,974246215
2416,3513,5,974246323
2416,3555,4,974246323
2416,3238,4,974246379
2416,3484,3,974246379
2416,1408,4,974246457
2416,1183,4,974246457
2416,527,5,974246457
2416,2028,5,974246457
2416,647,4,974246537
2416,161,4,974246537
2416,356,5,974246537
2416,780,3,974246594
2416,465,3,974246594
2416,1586,3,974246594
2416,1619,3,974246595
2416,2427,4,974246595
2416,3354,3,974528176
2416,593,5,974528848
2416,1219,4,974528848
2416,3949,5,974529460
2532,1961,5,974052502
2532,3101,4,974052577
2532,1193,5,974052606
2532,480,3,974052749
2532,928,5,974052786
2532,2871,3,974052786
2532,318,5,974053138
2532,593,5,974053187
2532,1225,3,974053215
2532,1704,5,974053309
2532,3504,4,974053309
2532,1956,4,974053309
2532,920,3,974053366
2532,1250,5,974053405
2532,1949,5,974053405
2532,1299,4,974053530
2532,3105,3,974053611
2532,1962,4,974053728
2532,590,3,974053823
2532,1096,4,974053976
2532,2069,4,974054057
2532,230,5,974054057
2532,1955,5,974054150
2532,1124,3,974054179
2532,2070,3,974054291
2532,1271,5,974054342
2532,1302,3,974054367
2532,3420,5,974054397
2532,2730,5,974054426
2532,1935,3,974054460
2532,3546,4,974054460
2561,356,4,973981891
2561,1968,3,973981913
2561,1193,4,973981957
2561,1297,4,973981992
2561,1961,4,973981992
2561,2282,3,973982091
2561,3471,5,973982134
2561,2028,5,973982134
2561,919,4,973982172
2561,858,4,973982172
2561,318,4,973982172
2561,1950,4,973982172
2561,1945,5,973982197
2561,1225,5,973982197
2561,34,5,973982219
2561,593,4,973982237
2561,1233,4,973982261
2561,920,4,973982321
2561,2138,5,973982321
2561,1196,3,973982321
2561,1207,4,973982321
2561,1221,4,973982321
2561,608,3,973982364
2561,1213,3,973982364
2561,1231,4,973982364
2561,1097,3,973982393
2561,1247,5,973982393
2561,3006,4,973982450
2561,3504,5,973982450
2561,3735,5,973982450
2561,2966,5,973982450
2561,1244,3,973982450
2561,1250,4,973982479
2561,1251,5,973982479
2561,1277,3,973982537
2561,924,5,973982640
2561,1914,5,973982659
2561,348,5,973982745
2561,2858,5,973982813
2561,2599,5,973982813
2561,2289,4,973982841
2561,2396,4,973982841
2561,1916,3,973982841
2561,1449,4,973982877
2561,497,3,973982877
2561,2321,3,973982877
2561,2324,3,973982877
2561,2384,4,973982877
2561,1641,4,973982908
2561,2395,4,973982908
2561,1747,3,973982908
2561,39,5,973982908
2561,1827,3,973982923
2561,52,5,973982963
2561,1784,4,973982988
2561,2355,3,973983013
2561,3060,3,973983032
2561,1542,3,973983089
2561,2359,3,973983089
2561,2542,3,973983089
2561,2700,5,973983089
2561,1923,4,973983089
2561,440,3,973983121
2561,3253,4,973983134
2561,2997,3,974596649
2561,1265,5,974596831
2561,514,3,974596831
2561,1883,3,974596854
2561,471,4,974596876
2561,3362,4,978816149
2561,1304,4,978816184
2596,1876,3,973807129
2596,260,3,973807129
2596,1610,4,973807179
2596,110,4,973807213
2596,2858,3,973807385
2596,3450,3,973807540
2596,480,4,973807540
2596,2948,4,973807540
2596,524,4,973807652
2596,3513,3,973807731
2596,356,5,973808249
2596,1265,3,973808294
2596,440,4,973808294
2596,377,4,973808294
2596,587,5,973808324
2596,539,5,973808324
2596,597,4,973808377
2596,3259,5,973808377
2596,224,4,973808377
2596,17,4,973808377
2596,7,4,973808494
2596,266,3,973808624
2596,380,3,973808624
2596,2671,4,973808677
2596,339,4,973808677
2596,140,5,973808704
2596,1183,4,973808735
2596,852,5,973808788
2596,1597,4,973808788
2596,708,3,973808822
2596,3257,3,973808879
2596,357,3,973808879
2596,2497,5,973808906
2596,3269,4,973808968
2596,1617,4,973809054
2596,2875,3,973809120
2596,648,4,973809120
2596,1092,4,973809145
2596,1367,3,973809277
2743,1198,4,973217782
2743,2702,3,973217782
2743,372,3,973217814
2743,1210,4,973217814
2743,1259,4,973217942
2743,2858,4,973217942
2743,2455,4,973217964
2743,2355,4,973217964
2743,2791,3,973217964
2743,3484,4,973217990
2743,3148,3,973217990
2743,3917,3,973217990
2743,3510,5,973218010
2743,2291,3,973218034
2743,3753,5,973218034
2743,3408,4,973218061
2743,266,3,973218089
2743,1580,4,973218090
2743,3565,4,973218090
2743,524,5,973218090
2743,3555,5,973218104
2743,3409,5,973218133
2743,3450,4,973218133
2743,1327,3,973218195
2743,1544,3,973218195
2743,3173,4,973218232
2743,3,3,973218271
2743,240,5,973218271
2743,2456,3,973218304
2743,891,3,973218569
2743,1986,3,973218569
2743,3826,4,973218757
2743,3578,5,973218859
2743,3298,4,973218890
2743,3300,4,973218890
2743,3536,4,973218909
2743,3513,4,973218941
2743,3535,5,973218941
2743,3798,4,973218965
2743,3273,3,973218965
2743,3225,3,973218989
2743,3301,4,973218989
2743,3717,4,973218989
2743,3483,3,973219007
2743,3299,3,973219063
2743,3190,3,973219127
2743,1617,4,973219300
2743,318,5,973219300
2743,527,5,973219300
2743,296,5,973219339
2743,50,5,973219339
2743,3114,4,973219386
2743,1704,5,973219386
2743,110,5,973219386
2743,1213,5,973219386
2743,2571,5,973219414
2743,2028,5,973219414
2743,2336,4,973219463
2743,2762,5,973219463
2743,47,5,973219463
2743,3006,5,973219567
2743,1873,4,973219567
2743,800,3,973219567
2743,2599,4,973219567
2743,589,5,973219624
2743,2391,4,973219624
2743,3246,5,973219661
2743,2959,5,973219661
2743,1912,3,973219701
2743,1265,5,973219976
2743,1215,4,973219976
2743,2501,5,973219996
2743,36,4,973219996
2743,2443,3,973220131
2743,1610,5,973220169
2743,1500,5,973220169
2743,3105,5,973220169
2743,1396,4,973220199
2743,529,4,973220199
2743,2268,4,973220222
2743,3418,3,973220222
2743,2321,3,973220222
2743,457,5,973220244
2743,1923,4,973220244
2743,2580,4,973220244
2743,590,5,973220261
2743,2329,5,973220302
2743,628,4,973220328
2743,3147,5,973220328
2743,1393,3,973220369
2743,161,4,973220369
2743,3386,4,973220369
2743,1625,5,973220398
2743,1179,5,973220398
2743,1517,3,973220398
2743,11,4,973220398
2743,1584,5,973220417
2743,6,4,973220462
2743,2890,3,973220462
2743,1682,4,973220485
2743,2353,5,973220485
2743,1729,5,973220485
2743,514,5,973220485
2743,1466,4,973220522
2743,1635,5,973220522
2743,1748,4,973220522
2743,1810,3,973220541
2743,2916,5,973220541
2743,3250,4,973220561
2743,150,5,973220561
2743,733,5,973220571
2743,1673,3,973220599
2743,2572,4,973220621
2743,356,5,973220621
2743,2058,4,973220639
2743,1268,4,973220639
2743,454,5,973220639
2743,39,4,973220652
2743,474,4,973220693
2743,1589,5,973220693
2743,24,4,973220693
2743,1339,3,973220696
2743,1407,5,973220720
2743,480,5,973220720
2743,2763,4,973220741
2743,364,5,973220741
2743,2395,3,973220769
2743,141,4,973220769
2743,16,3,973220769
2743,508,4,973220769
2743,1694,5,973220793
2743,3686,5,973220793
2743,2125,4,973220793
2743,1573,5,973220793
2743,3081,3,973220812
2743,1527,5,973220812
2743,2759,4,973220812
2743,1401,5,973220828
2743,1784,3,973220828
2743,2628,4,973220850
2743,1721,5,973220850
2743,357,3,973220850
2743,1615,3,973220873
2743,1476,3,973220873
2743,1645,4,973220873
2743,1271,5,973220902
2743,3253,3,973220940
2743,253,5,973220940
2743,1061,5,973220940
2743,647,5,973220980
2743,852,4,973220980
2743,1672,4,973220994
2743,1834,5,973221015
2743,3476,4,973221015
2743,3425,4,973221035
2743,3809,4,973221035
2743,1465,5,973221059
2743,2539,3,973221059
2743,1883,3,973221074
2743,2108,4,973221074
2743,2231,5,973221102
2743,3259,3,973221102
2743,1356,5,973221102
2743,3186,4,973221102
2743,1689,3,973221130
2743,3499,5,973221130
2743,2699,4,973221130
2743,367,4,973221130
2743,2297,3,973221151
2743,1693,3,973221151
2743,1909,3,973221151
2743,2302,5,973221220
2743,2294,5,973221237
2743,2707,4,973221237
2743,1722,3,973221253
2743,7,5,973221280
2743,1485,4,973221280
2743,1676,5,973221280
2743,1769,4,973221280
2743,708,4,973221280
2743,2433,3,973221335
2743,442,4,973221335
2743,1777,4,973221335
2743,2424,5,973221357
2743,2803,5,973221357
2743,648,3,973221357
2743,368,4,973221357
2743,802,3,973221400
2743,340,4,973221400
2743,538,5,973221400
2743,2250,3,973221463
2743,1647,3,973221463
2743,1747,5,973221463
2743,292,4,973221483
2743,2340,4,973221483
2743,3263,4,973221506
2743,2671,3,973221506
2743,280,4,973221506
2743,507,4,973221523
2743,230,4,973221551
2743,1372,4,973221551
2743,2190,4,973221551
2743,509,3,973221551
2743,539,4,973221670
2743,1892,5,973221689
2743,22,3,973221689
2743,1459,4,973221734
2743,1895,4,973221734
2743,303,4,973221734
2743,1792,4,973221751
2743,361,4,973221751
2743,3249,5,973221780
2743,1581,3,973221780
2743,2393,3,973221780
2743,329,4,973221780
2743,542,3,973221795
2743,3005,4,973221813
2743,1888,4,973221813
2743,3044,4,973221880
2743,248,4,973221880
2743,2875,3,973221880
2743,3274,5,973221908
2743,1552,4,973221908
2743,1518,3,973221942
2743,316,5,973221942
2743,586,4,973221997
2743,2236,4,973221997
2743,1713,3,973221997
2743,450,5,973222069
2743,1513,3,973222069
2743,2327,4,973222087
2743,2331,4,973222133
2743,780,3,973222152
2743,1003,3,973222189
2743,1021,4,973222189
2743,3107,4,973222215
2743,2723,3,973222215
2743,1498,4,973222233
2743,2889,4,973222255
2743,2546,3,973222255
2743,2826,3,973222281
2743,1735,3,973222281
2743,2427,3,973222308
2743,3269,4,973222308
2743,1191,4,973222308
2743,1703,4,973222308
2743,2320,4,973222321
2743,145,4,973222351
2743,1488,4,973222352
2743,2432,4,973222352
2743,2497,5,973222352
2743,2683,3,973222352
2743,317,4,973222386
2743,2771,4,973222386
2743,1092,3,973222410
2743,1688,4,973222435
2743,1841,3,973222435
2743,379,3,973222435
2743,382,3,973222435
2743,1385,3,973222467
2743,2334,3,973222467
2743,1620,4,973222529
2743,2541,3,973222529
2743,60,4,973222529
2743,491,4,973222548
2743,2506,4,973222548
2743,1597,4,973222571
2743,1911,3,973222587
2743,2429,3,973222608
2743,203,3,973222668
2743,580,4,973222823
2743,1588,3,973222823
2743,1918,3,973222823
2743,1690,4,973222893
2743,186,3,973222893
2743,3219,4,973222919
2743,3258,4,973222919
2743,2605,4,973222919
2743,1342,4,973222919
2743,830,4,973222919
2743,3254,3,973222938
2743,2505,3,973222938
2743,2445,3,973222959
2743,103,4,973222959
2743,1422,4,973222981
2743,784,3,973222981
2743,170,4,973222981
2743,532,4,973222981
2743,113,3,973222997
2743,1457,3,973223024
2743,3264,4,973223024
2743,225,4,973223024
2743,289,4,973223063
2743,1917,4,973223063
2743,2587,3,973223063
2743,2567,3,973223070
2743,1603,3,973223098
2743,177,4,973223098
2743,95,4,973223098
2743,2975,5,973223098
2743,5,5,973223129
2743,2094,3,973223129
2743,1043,3,973223129
2743,736,3,973223163
2743,1605,3,973223163
2743,3243,4,973223163
2743,1027,3,973223163
2743,86,3,973223163
2743,410,4,973223203
2743,479,4,973223203
2743,1320,4,973223203
2743,552,3,973223203
2743,1541,4,973223232
2743,2387,5,973223232
2743,122,4,973223232
2743,434,4,973223249
2743,2002,4,973223267
2743,376,4,973223288
2743,2688,3,973223302
2743,2881,3,973223328
2743,1726,4,973223359
2743,2012,4,973223359
2743,2996,4,973223360
2743,2447,4,973223360
2743,3120,4,973223360
2743,3502,4,973223360
2743,2561,4,973223360
2743,1037,3,973223383
2743,1391,3,973223482
2743,330,3,973223482
2743,547,3,973223482
2743,218,3,973223553
2743,2694,4,973223553
2743,3697,3,973223553
2743,2722,3,973223553
2743,332,3,973223553
2743,2500,3,973223598
2743,1717,3,973223598
2743,31,4,973223641
2743,2269,4,973223743
2743,273,4,973223743
2743,2806,3,973223760
2743,436,3,973223760
2743,2629,3,973223786
2743,1352,4,973223805
2743,2126,3,973223832
2743,1390,3,973223832
2743,1752,3,973223832
2743,2154,3,973223855
2743,1779,3,973223855
2743,809,4,973223894
2743,695,4,973223894
2743,2860,3,973223916
2743,2672,4,973224160
2743,673,3,973224160
2743,840,3,973224160
2743,3130,3,973224160
2743,3257,4,973224187
2743,2188,3,973224187
2743,2279,4,973224224
2743,1762,4,973224224
2743,2724,3,973224224
2743,173,3,973224224
2743,520,3,973224279
2743,2793,3,973224279
2743,61,4,973224300
2743,3764,3,973224324
2743,2995,3,973224345
2743,1831,3,973224345
2743,1591,3,973224345
2743,1590,3,973224363
2743,153,3,973224386
2743,1855,4,973224410
2743,1644,3,973224427
2743,415,4,973224487
2743,355,3,973224506
2743,2574,4,973224539
2743,1126,3,973224563
2743,1880,3,973224674
2743,102,4,973224724
2768,1726,3,973116964
2768,3524,3,973116964
2768,2023,4,973116964
2768,288,3,973116989
2768,110,5,973116989
2768,318,5,973116989
2768,377,3,973116989
2768,593,4,973117114
2768,50,4,973117114
2768,246,3,973117151
2768,1,4,973117172
2768,3052,5,973117172
2768,2762,4,973117172
2768,720,5,973117193
2768,1617,5,973117193
2768,1266,4,973117268
2768,1411,4,973117268
2768,296,5,973117283
2768,1265,4,973117299
2768,2329,5,973117299
2768,2959,4,973117299
2768,1213,5,973117315
2768,553,4,973117315
2768,1500,4,973117327
2768,1704,5,973117356
2768,589,5,973117371
2768,223,4,973117371
2768,457,4,973117371
2768,47,4,973117407
2768,73,4,973117407
2768,588,4,973117421
2768,151,4,973117421
2768,1393,3,973117432
2768,16,5,973117443
2768,1729,3,973117454
2768,1060,3,973117454
2768,356,5,973117465
2768,1343,4,973117479
2768,695,4,973117479
2768,2353,4,973117489
2768,269,3,973117500
2768,1635,3,973117515
2768,3175,3,973117515
2768,1196,5,973203471
2768,1198,5,973203471
2768,541,5,973203471
2768,1225,4,973203471
2768,1097,4,973203471
2768,1270,4,973203490
2768,2804,5,973203490
2768,2791,5,973203490
2768,1200,4,973203490
2768,1240,4,973203490
2768,2467,5,973203509
2768,3360,4,973203509
2768,1957,4,973203509
2768,2918,4,973203509
2768,1231,3,973203509
2768,1258,4,973203527
2768,3210,5,973203527
2768,1090,4,973203527
2768,3361,4,973203546
2768,2716,4,973203546
2768,3527,3,973203546
2768,3543,3,973203546
2768,3703,4,973203546
2768,1199,3,973203569
2768,1222,5,973203569
2768,1242,5,973203569
2768,3552,5,973203570
2768,1968,4,973203570
2768,1291,5,973203590
2768,1663,4,973203590
2768,1036,4,973203590
2768,1228,4,973203590
2768,2872,5,973203627
2768,1227,4,973203627
2776,1196,4,973053861
2776,2269,4,973053885
2776,527,5,973053885
2776,1617,5,973053905
2776,1345,3,973053905
2776,3525,5,973053905
2776,2858,5,973053991
2776,608,4,973053991
2776,3753,5,973053991
2776,589,4,973054021
2776,293,4,973054021
2776,3868,5,973054021
2776,1090,4,973054021
2776,110,5,973054032
2776,1259,5,973054049
2776,1673,4,973054049
2776,2291,3,973054063
2776,266,5,973054092
2776,480,5,973054092
2776,524,5,973054092
2776,2455,5,973054113
2776,3869,3,973054113
2776,481,5,973054126
2776,3173,3,973054158
2776,2792,4,973054158
2776,1270,5,973054279
2776,2804,5,973054279
2776,1307,4,973054279
2776,1197,5,973054279
2776,3543,5,973054279
2776,1079,5,973054279
2776,2174,3,973054301
2776,2716,5,973054301
2776,1968,5,973054301
2776,2918,5,973054301
2776,2791,5,973054301
2776,1257,5,973054323
2776,2248,5,973054323
2776,1663,3,973054323
2776,1394,5,973054323
2776,3361,4,973054323
2776,3039,4,973054342
2776,3210,4,973054342
2776,3448,4,973054342
2776,3526,5,973054342
2776,2797,4,973054342
2776,2081,4,973054363
2776,2406,3,973054363
2776,2423,4,973054363
2776,3104,4,973054363
2776,2463,3,973054380
2776,3608,4,973054380
2776,2746,3,973054380
2776,2915,3,973054380
2776,1297,4,973054395
2776,3087,5,973054395
2776,2100,5,973054395
2776,2371,5,973054395
2776,2111,3,973054412
2776,3591,4,973054412
2776,2011,3,973054412
2776,3033,5,973054438
2776,2245,4,973054438
2776,2407,3,973054438
2776,2867,3,973054438
2776,2133,3,973054438
2776,2261,5,973054454
2776,2134,5,973054454
2776,1378,3,973054454
2776,2469,3,973054477
2776,2372,3,973054477
2776,2796,3,973054477
2776,2241,4,973054498
2776,2416,4,973054498
2776,2478,4,973054498
2776,3688,4,973054498
2776,3846,4,973054498
2776,2378,4,973054498
2776,1330,4,973054517
2776,2375,4,973054517
2776,2735,4,973054517
2776,2794,3,973054517
2776,2369,3,973054522
2776,2259,4,973054537
2776,2374,4,973054537
2776,3394,4,973054537
2776,2458,3,973054563
2776,3385,3,973054563
2776,3689,3,973054578
2776,2379,3,973054578
2776,3690,3,973054597
2776,1265,5,973054634
2776,2321,4,973054662
2776,1060,5,973054662
2776,223,5,973054679
2776,1517,5,973054679
2776,2108,3,973054701
2776,1500,4,973054701
2776,3108,4,973054701
2776,2542,5,973054717
2776,356,5,973054717
2776,1476,5,973054731
2776,1923,5,973054731
2776,69,4,973054731
2776,3060,4,973054747
2776,2700,5,973054747
2776,21,3,973054747
2776,441,5,973054751
2776,1641,3,973054764
2776,3253,5,973054764
2776,1580,3,973054777
2776,3255,3,973054793
2776,2502,3,973054793
2776,1777,4,973054793
2776,440,5,973054811
2776,3809,5,973054811
2776,2302,3,973054811
2776,2836,3,973054829
2776,104,4,973054829
2776,144,3,973054829
2776,367,3,973054829
2776,2671,4,973054845
2776,357,3,973054845
2776,2359,4,973054848
2776,1485,5,973054865
2776,380,3,973054865
2776,1569,3,973054880
2776,539,5,973054880
2776,1732,4,973054892
2776,1711,5,973054907
2776,2706,5,973054907
2776,500,3,973054907
2776,597,4,973054921
2776,368,4,973054921
2776,587,5,973054957
2776,3263,3,973054957
2776,785,4,973054981
2776,1405,3,973054997
2776,3614,4,973054997
2776,1895,4,973054997
2776,2683,5,973055011
2776,2447,4,973055026
2776,3254,4,973055060
2776,372,4,973055060
2776,719,4,973055075
2776,333,5,973055075
2776,586,3,973055090
2776,2567,4,973055090
2776,70,4,973055090
2776,2252,4,973055109
2776,3466,4,973055109
2776,1457,3,973055124
2776,2597,3,973055138
2776,2694,4,973055151
2776,2598,3,973055171
2776,216,4,973055210
2776,818,3,973055210
2776,1894,3,973055236
2776,3669,3,973055249
2776,2431,5,973055264
2776,2335,4,973055264
2776,485,3,973055293
2776,762,3,973055307
2776,542,3,973055307
2776,374,3,973055396
2776,2296,4,973055424
2776,19,3,973055424
2776,593,5,973055521
2776,318,5,973055521
2776,2324,4,973055556
2776,296,5,973055571
2776,1358,3,973055571
2776,1213,5,973055571
2776,337,4,973055585
2776,2028,5,973055585
2776,529,5,973055600
2776,778,5,973055616
2776,1694,3,973055616
2776,1704,5,973055616
2776,2959,5,973055616
2776,2289,4,973055633
2776,1682,5,973055633
2776,1357,5,973055633
2776,2329,5,973055633
2776,3147,5,973055654
2776,2890,4,973055669
2776,150,4,973055669
2776,1784,5,973055669
2776,3105,5,973055674
2776,2268,5,973055701
2776,2501,5,973055701
2776,161,4,973055701
2776,1639,4,973055716
2776,1393,5,973055716
2776,36,5,973055716
2776,538,5,973055716
2776,1466,4,973055733
2776,428,4,973055733
2776,2166,5,973055733
2776,1095,4,973055733
2776,2236,4,973055747
2776,16,3,973055747
2776,25,4,973055747
2776,1396,5,973055762
2776,1584,4,973055762
2776,300,4,973055779
2776,508,5,973055779
2776,3100,5,973055792
2776,3250,4,973055805
2776,1268,3,973055825
2776,431,5,973055825
2776,805,4,973055825
2776,1729,3,973055825
2776,62,5,973055825
2776,253,4,973055859
2776,2231,5,973055872
2776,249,4,973055885
2776,1120,4,973055885
2776,454,5,973055907
2776,628,5,973055907
2776,832,4,973055907
2776,1805,3,973055923
2776,381,4,973055938
2776,1693,5,973055954
2776,1589,3,973055954
2776,1061,5,973055954
2776,802,5,973055968
2776,280,5,973055986
2776,3178,5,973055986
2776,3252,5,973055987
2776,3261,5,973055987
2776,2297,3,973056010
2776,1183,5,973056010
2776,1620,5,973056029
2776,1621,4,973056029
2776,1799,5,973056029
2776,1093,3,973056043
2776,3020,4,973056057
2776,3176,4,973056070
2776,2771,3,973056083
2776,509,4,973056095
2776,24,4,973056107
2776,2112,5,973056122
2776,2702,3,973056147
2776,1027,5,973056176
2776,361,4,973056176
2776,2541,3,973056205
2776,2676,5,973056206
2776,1498,4,973056221
2776,2688,4,973056221
2776,3528,5,973056235
2776,3257,4,973056294
2776,2435,4,973056326
2776,2445,5,973056326
2776,2672,5,973056326
2776,2861,5,973056341
2776,3502,5,973056341
2776,1242,4,973056391
2776,3360,5,973056407
2776,1961,4,973056407
2776,1222,4,973056407
2776,1302,5,973056422
2776,2194,5,973056422
2776,1097,5,973056422
2776,592,5,973056435
2776,3098,5,973056447
2776,1674,5,973056461
2776,3699,5,973056474
2776,1246,5,973056474
2776,1298,5,973056486
2776,2114,4,973056510
2776,3308,4,973056524
2776,2420,5,973056539
2776,2474,4,973056539
2776,2262,5,973056556
2776,3844,4,973056556
2776,3791,5,973056570
2776,2146,5,973056570
2776,2410,5,973056584
2776,2421,4,973056597
2776,2411,5,973056610
2776,1625,5,973056652
2776,1645,3,973056652
2776,1892,5,973056669
2776,1092,5,973056669
2776,1459,4,973056688
2776,2267,4,973056688
2776,648,5,973056688
2776,1627,5,973056705
2776,2875,4,973056705
2776,695,3,973056705
2776,733,5,973056781
2776,590,5,973056781
2776,1676,3,973056781
2776,2916,5,973056781
2776,2628,4,973056795
2776,2006,4,973056795
2776,2396,5,973056844
2776,1912,5,973056858
2924,1566,4,971591779
2924,1210,4,971591813
2924,2628,4,971591840
2924,356,3,971591856
2924,2858,3,971591996
2924,3004,4,971592021
2924,2683,5,971592021
2924,2699,3,971592021
2924,3005,5,971592047
2924,2694,3,971592047
2924,2710,4,971592047
2924,2355,4,971592069
2924,2722,4,971592088
2924,1911,3,971592105
2924,2428,3,971592131
2924,2605,4,971592131
2924,3409,4,971592152
2924,2688,3,971592152
2924,3175,4,971592152
2924,2716,4,971592152
2924,3717,4,971592178
2924,2720,3,971592198
2924,3752,4,971592213
2924,3623,4,971592236
2924,2568,3,971592236
2924,3606,5,971592259
2924,2723,5,971592259
2924,2581,5,971592259
2924,1513,3,971592295
2924,3273,4,971592323
2924,2485,4,971592323
2924,2396,5,971592323
2924,2762,5,971592323
2924,2700,4,971592342
2924,3114,5,971592359
2924,3793,4,971592379
2924,2701,4,971592379
2924,2571,5,971592519
2924,2028,4,971592519
2924,1291,5,971592556
2924,457,4,971592556
2924,1,5,971592588
2924,588,4,971592620
2924,595,5,971592620
2975,952,3,971020983
2975,2028,5,971020983
2975,2455,4,971021024
2975,1012,4,971021024
2975,1961,4,971021024
2975,260,4,971021138
2975,3498,3,971021138
2975,720,4,971021225
2975,2858,5,971021225
2975,1148,4,971021225
2975,615,3,971021225
2975,1198,4,971021225
2975,858,5,971021225
2975,919,4,971021254
2975,3629,4,971021254
2975,1193,5,971021254
2975,750,5,971021283
2975,1251,4,971021284
2975,910,5,971021284
2975,2731,5,971021284
2975,3742,4,971021284
2975,1089,4,971021305
2975,1230,5,971021305
2975,1252,5,971021329
2975,912,5,971021329
2975,1952,5,971021329
2975,1207,4,971021329
2975,2204,4,971021359
2975,905,4,971021359
2975,3819,4,971021359
2975,1248,4,971021382
2975,969,5,971021382
2975,1084,5,971021382
2975,2186,4,971021402
2975,2396,4,971021402
2975,1225,5,971021402
2975,3037,5,971021441
2975,2243,4,971021441
2975,924,4,971021441
2975,608,5,971021441
2975,2132,4,971021441
2975,3504,5,971021441
2975,3811,4,971021498
2975,1358,3,971021498
2975,541,4,971021498
2975,2064,4,971021529
2975,920,4,971021529
2975,318,4,971021529
2975,58,4,971021529
2975,898,4,971021549
2975,1094,4,971021549
2975,1276,5,971021571
2975,1136,5,971021571
2975,527,4,971021571
2975,1262,4,971021600
2975,2076,5,971021600
2975,1103,4,971021600
2975,1228,4,971021600
2975,1214,4,971021619
2975,1267,5,971021652
2975,933,5,971021652
2975,1300,4,971021652
2975,1303,3,971021652
2975,1199,4,971021652
2975,3788,3,971021652
2975,1254,4,971021675
2975,913,4,971021675
2975,1394,5,971021675
2975,25,5,971021675
2975,3468,4,971021693
2975,2997,5,971021717
2975,1617,4,971021717
2975,1179,5,971021717
2975,1249,4,971021740
2975,1945,4,971021740
2975,2973,4,971021740
2975,3467,3,971021769
2975,2859,4,971021769
2975,2729,4,971021769
2975,1238,5,971021769
2975,1288,5,971021791
2975,909,4,971021791
2975,2398,3,971021791
2975,2208,4,971021818
2975,1285,4,971021818
2975,900,4,971021818
2975,921,4,971021818
2975,39,4,971021818
2975,3068,3,971021844
2975,3152,4,971021844
2975,2919,4,971021844
2975,2020,4,971021844
2975,247,5,971021872
2975,1185,4,971021872
2975,1333,5,971021872
2975,1132,3,971021879
2975,3424,4,971021902
2975,2303,5,971021902
2975,3359,4,971021902
3012,1193,3,970509798
3012,480,5,970510048
3012,2571,5,970510048
3012,32,5,970510048
3012,1653,5,970510086
3012,1396,3,970510086
3012,3175,5,970510086
3012,1580,5,970510086
3012,1676,5,970510169
3012,1527,5,970510169
3012,316,5,970510169
3012,1917,5,970510458
3012,196,3,970510494
3012,173,3,970510532
3012,1037,5,970510532
3012,1,3,970510754
3012,110,5,970510754
3012,296,3,970510854
3012,2761,3,970510873
3012,1721,3,970510970
3012,2355,3,970511032
3012,1610,5,970511170
3012,595,3,970511198
3012,2490,5,970511245
3012,357,3,970511297
3012,588,3,970511343
3012,3108,4,970511343
3012,733,3,970511363
3012,543,3,970511554
3012,2167,5,970511689
3012,1777,3,970511726
3012,151,3,970511809
3012,2124,5,970511972
3012,104,5,970512030
3012,2617,3,970512047
3012,231,5,970512195
3012,3053,3,970512232
3012,1093,3,970512232
3012,2723,4,970512347
3012,333,4,970512693
3012,379,3,970512800
3012,2335,3,970513111
3012,260,5,970597953
3012,1196,5,970597953
3012,1214,5,970597953
3012,541,5,970597953
3012,1200,5,970597983
3012,1240,5,970597983
3012,1199,5,970598019
3012,2529,5,970598019
3012,3703,5,970598019
3012,1374,5,970598037
3012,2968,5,970598075
3012,2527,5,970598156
3012,2528,5,970598156
3012,2985,5,970598156
3012,3032,4,970598186
3012,2455,5,970598186
3012,2105,5,970598259
3012,3638,3,970598292
3012,2615,3,970598376
3012,3578,5,970599112
3012,1253,4,970599253
3012,457,4,970599311
3012,1259,3,970599584
3012,1197,5,970599584
3012,551,5,970599650
3012,356,5,970599959
3012,1225,3,970600164
3012,1198,5,970600194
3012,903,3,970600334
3012,904,3,970600334
3012,2791,4,970600334
3012,2640,3,991245569
3012,3421,5,998071816
3012,1250,4,998071954
3012,1748,3,998072010
3012,3770,5,998072097
3012,2533,5,998072155
3012,1301,4,998072318
3012,3450,5,998072407
3012,3147,3,998072407
3012,1127,3,1044066381
3012,1517,3,1044066486
3012,150,3,1044066486
3012,1215,4,1044066486
3012,2706,3,1044066487
3012,1270,4,1044066531
3012,1092,3,1044066531
3012,2034,3,1044066564
3012,1233,3,1044066564
3012,3156,3,1044066565
3012,223,3,1044066630
3012,1206,3,1044066630
3012,3471,3,1044066631
3012,442,3,1044066668
3012,2140,3,1044066668
3012,165,3,1044066711
3012,750,4,1044066712
3012,653,3,1044066712
3012,1370,3,1044066712
3012,1261,3,1044066765
3012,1129,4,1044066765
3012,1097,3,1044066765
3012,2291,4,1044066766
3012,2353,3,1044066766
3012,2021,3,1044066766
3012,454,3,1044066794
3012,608,3,1044066794
3012,3020,4,1044066795
3012,3927,3,1044066795
3012,799,3,1044066846
3012,1641,3,1044066846
3012,3,3,1044066870
3012,1265,4,1044066871
3012,610,4,1044066871
3012,1566,3,1044066871
3012,1235,3,1044066871
3012,780,4,1044066910
3012,663,3,1044066941
3012,364,3,1044066986
3012,3702,5,1044066987
3012,1391,3,1044067017
3012,3704,3,1044067018
3012,1080,3,1044067048
3012,3499,5,1044067049
3012,1136,4,1044067049
3012,2120,3,1044067079
3012,2321,4,1044067154
3012,3697,3,1044067155
3012,3527,4,1044067155
3012,317,3,1044067217
3012,3698,3,1044067218
3012,593,3,1044067247
3012,2028,4,1044067247
3012,2762,4,1044067248
3012,3033,3,1044067303
3012,2322,4,1044067303
3012,3827,3,1044067304
3012,1372,3,1044067337
3012,1376,3,1044067338
3012,1356,3,1044067402
3012,329,3,1044067402
3012,1210,4,1044067402
3012,2641,3,1044067425
3012,589,4,1044067461
3012,2672,3,1044067461
3012,2916,3,1044067491
3012,380,3,1044067491
3012,1266,3,1044067522
3012,1682,3,1044067522
3012,2808,3,1044067522
3012,3555,3,1044067522
3012,2359,3,1044067559
3012,2662,3,1044067560
3012,3809,3,1044067560
3012,1278,3,1044067577
3012,3793,3,1044067578
3102,110,4,969570608
3102,1721,4,969570703
3102,1961,3,969570734
3102,2427,5,969570781
3102,1704,3,969571197
3102,3160,3,969571498
3102,2628,3,969571568
3102,260,5,969571568
3102,2021,5,969571632
3102,1610,4,969571673
3102,1479,4,969571699
3102,3623,4,969571734
3102,648,3,969571734
3102,1274,5,969571803
3102,2858,5,969571919
3102,1127,3,969571919
3102,2908,4,969572014
3102,2710,4,969572028
3102,3203,4,969572094
3102,1093,3,969572229
3102,2959,4,969572262
3102,2716,3,969572344
3102,3578,4,969572393
3102,2526,3,969572678
3102,1959,3,969572755
3102,2692,5,969572877
3102,2762,5,969572917
3132,3015,4,969164540
3132,480,4,969164540
3132,2687,4,969164562
3132,2126,4,969164562
3132,1193,4,969164582
3132,3615,3,969164649
3132,3510,4,969164649
3132,3555,4,969164649
3132,3189,3,969164675
3132,3578,4,969164675
3132,3751,4,969164675
3132,3408,4,969164702
3132,3624,4,969164702
3132,3481,4,969164702
3132,3863,3,969164702
3132,3512,4,969164702
3132,3276,3,969164725
3132,3515,4,969164725
3132,3554,3,969164725
3132,3755,4,969164745
3132,3827,3,969164762
3132,3300,4,969164762
3132,3409,4,969164782
3132,3535,4,969164782
3259,3448,5,968270950
3259,1210,5,968270950
3259,2355,4,968270986
3259,2371,4,968270986
3259,588,4,968271017
3259,3252,4,968271017
3259,1291,5,968271171
3259,3175,4,968271171
3259,29,4,968271171
3259,733,4,968271197
3259,1073,4,968271197
3259,590,5,968271226
3259,480,5,968271226
3259,107,4,968271226
3259,2968,4,968271226
3259,3412,4,968271244
3259,1127,4,968271244
3259,2987,4,968271275
3259,2115,4,968271275
3259,1580,4,968271275
3259,2470,4,968271295
3259,3479,5,968271295
3259,648,3,968271295
3259,2414,5,968271315
3259,1917,3,968271315
3259,2161,4,968271340
3259,1967,4,968271340
3259,2405,5,968271362
3259,2617,5,968271362
3259,2167,3,968271362
3259,380,4,968271362
3259,2,4,968271387
3259,2116,4,968271387
3259,2135,4,968271387
3259,2043,4,968271387
3259,1544,3,968271407
3259,2054,4,968271431
3259,3489,4,968271431
3259,2723,4,968271431
3259,1552,3,968271477
3259,1030,4,968271516
3259,2037,4,968271516
3259,2735,4,968271534
3259,3401,4,968271618
3259,2748,4,968271651
3259,1148,5,968271712
3259,1223,5,968271712
3259,910,5,968271731
3259,955,5,968271731
3259,898,4,968271731
3259,1,4,968271757
3259,1294,4,968271757
3259,1136,5,968271757
3259,34,5,968271757
3259,1259,4,968271777
3259,934,4,968271777
3259,1079,4,968271777
3259,2997,5,968271805
3259,1265,4,968271805
3259,1270,5,968271805
3259,916,4,968271805
3259,2804,5,968271805
3259,2858,5,968271805
3259,2064,5,968271823
3259,3429,5,968271823
3259,728,5,968271844
3259,235,5,968271844
3259,2396,4,968271844
3259,1278,5,968271867
3259,1175,5,968271867
3259,1197,5,968271867
3259,1234,5,968271867
3259,1243,5,968271907
3259,1500,5,968271937
3259,2395,5,968271937
3259,3108,4,968271960
3259,2542,4,968271960
3259,2918,5,968271960
3259,2791,5,968271960
3259,2248,5,968271986
3259,915,3,968271986
3259,3088,5,968271986
3259,2321,4,968271986
3259,2359,4,968271986
3259,1028,4,968271986
3259,1269,5,968272002
3259,933,4,968272002
3259,945,5,968272027
3259,2324,4,968272027
3259,3671,4,968272042
3259,1060,4,968272074
3259,2080,5,968272075
3259,1449,5,968272075
3259,3061,5,968272093
3259,1307,5,968272093
3259,3481,4,968272111
3259,497,5,968272111
3259,1215,4,968272111
3259,1734,5,968272125
3259,1641,4,968272161
3259,1824,3,968272161
3259,2716,5,968272161
3259,2081,5,968272194
3259,3174,3,968272211
3259,2100,4,968272290
3259,2657,4,968272307
3259,224,4,968272352
3259,440,5,968272372
3259,357,4,968272372
3259,3450,4,968272391
3259,838,4,968272410
3259,1569,3,968272430
3259,471,5,968272522
3259,3254,3,968272593
3259,1409,3,968272707
3259,2413,5,968272784
3259,1391,4,968272915
3259,2012,4,968272948
3259,2786,4,968272984
3259,1359,3,968273044
3259,2082,4,968273100
3259,2072,4,968273206
3259,2478,4,968273252
3259,912,4,968273438
3259,1247,3,968273438
3259,920,4,968273457
3259,928,4,968273457
3259,969,4,968273457
3259,899,4,968273474
3259,17,5,968273489
3259,1393,4,968273530
3259,902,3,968273565
3259,2291,4,968273565
3259,1639,4,968273565
3259,3044,5,968273586
3259,1947,4,968273586
3259,911,5,968273622
3259,1643,4,968273622
3259,356,4,968273622
3259,2006,4,968273644
3259,1277,5,968273666
3259,1101,3,968273666
3259,1535,3,968273666
3259,11,5,968273710
3259,2406,5,968273756
3259,2145,4,968273756
3259,708,3,968273756
3259,1441,4,968273785
3259,252,4,968273785
3259,339,4,968273785
3259,46,4,968273785
3259,266,4,968273811
3259,3668,4,968273811
3259,539,4,968273836
3259,1088,3,968273854
3259,1801,3,968273919
3259,2143,4,968273967
3259,913,4,968274158
3259,904,5,968274177
3259,1617,5,968274177
3259,2467,5,968274195
3259,924,4,968274216
3259,1625,4,968274216
3259,2686,4,968274216
3259,1754,4,968274234
3259,350,4,968274234
3259,3176,4,968274264
3259,1909,4,968274264
3259,2875,5,968274284
3259,1711,4,968274300
3259,745,5,968274382
3259,2186,4,968274382
3259,593,5,968274402
3259,908,5,968274402
3259,1219,5,968274402
3259,2571,4,968274430
3259,2762,4,968274430
3259,1089,4,968274430
3259,930,4,968274476
3259,1674,4,968274476
3259,47,4,968274501
3259,457,4,968274554
3259,1344,4,968274554
3259,161,4,968274554
3259,832,4,968274582
3259,2176,4,968274582
3259,1343,3,968274607
3259,377,4,968274607
3259,1748,4,968274638
3259,230,4,968274658
3259,627,4,968274658
3259,454,4,968274687
3259,2916,4,968274687
3259,1834,5,968274709
3259,2278,3,968274730
3259,543,4,968274760
3259,1597,4,968274793
3259,2263,4,968274830
3259,490,3,968274830
3259,1608,4,968274852
3259,292,4,968274852
3259,225,3,968274872
3259,736,4,968274905
3259,2826,3,968274937
3259,407,3,968275001
3259,1590,3,968275019
3259,1779,3,968275019
3259,3355,3,968275038
3259,2600,3,968275112
3259,2389,3,968275175
3259,596,3,968275274
3259,1282,4,968275274
3259,3114,4,968275274
3259,3751,5,968275274
3259,594,4,968275303
3259,2078,4,968275303
3259,3034,5,968275303
3259,2139,5,968275303
3259,2087,3,968275340
3259,783,3,968275340
3259,2294,4,968275340
3259,2018,5,968275340
3259,1032,3,968275369
3259,2048,4,968275418
3259,1196,5,968275532
3259,318,5,968275532
3259,1193,5,968275547
3259,1225,5,968275562
3259,1224,5,968275604
3259,296,3,968275635
3259,36,4,968275705
3259,2329,5,968275741
3259,1704,5,968275741
3259,3250,4,968275762
3259,337,4,968275762
3259,2333,4,968275780
3259,2020,4,968275780
3259,1095,4,968275799
3259,1246,5,968275815
3259,110,5,968275832
3259,3147,4,968275884
3259,778,4,968275905
3259,1466,4,968275995
3259,529,5,968276016
3259,1271,5,968276153
3259,1954,4,968276153
3259,1694,4,968276174
3259,3480,4,968276231
3259,3163,4,968276249
3259,222,4,968276273
3259,431,4,968276273
3259,2069,3,968276329
3259,150,3,968276329
3259,1396,5,968276392
3259,1841,3,968276410
3259,151,4,968276428
3259,1653,4,968276451
3259,538,5,968276451
3259,1173,5,968276471
3259,1721,5,968276471
3259,261,4,968276502
3259,1747,4,968276503
3259,260,5,968276555
3259,2174,4,968276555
3259,1097,5,968276555
3259,2005,5,968276574
3259,1009,4,968276593
3259,2253,5,968276633
3259,673,3,968276652
3259,1649,5,968276718
3259,1147,5,968276718
3259,3007,5,968276736
3259,2693,5,968276774
3259,1258,5,968276837
3259,1333,5,968276852
3259,2664,4,968276873
3259,968,4,968276879
3259,1407,3,968276930
3259,2097,4,968276930
3259,3081,4,968276952
3259,2633,4,968276952
3259,1974,3,968276974
3259,2710,4,968277007
3259,273,3,968277023
3259,2459,4,968277043
3259,879,3,968277043
3259,2122,4,968277175
3259,1924,4,968277189
3259,963,4,968277316
3259,595,5,968277335
3259,938,4,968277335
3259,1035,5,968277335
3259,914,4,968277355
3259,551,5,968277355
3259,2096,4,968277396
3259,1031,4,968277396
3259,2565,5,968277400
3259,2083,4,968277422
3259,3675,4,968277442
3259,2084,4,968277456
3259,527,5,968277487
3259,1242,5,968277521
3259,2890,4,968277537
3259,3035,4,968277593
3259,991,4,968277593
3259,780,4,968277615
3259,1619,4,968277615
3259,2106,4,968277615
3259,466,4,968277637
3259,1201,4,968277705
3259,1266,5,968277722
3259,553,4,968277722
3259,3494,4,968277738
3259,1007,4,968277760
3259,368,5,968277760
3259,3793,4,968277819
3259,2640,4,968277840
3259,3033,4,968277877
3259,2232,4,968277877
3259,2021,3,968277894
3259,1921,5,968277901
3259,858,5,968278339
3259,608,4,968278359
3259,2580,3,968278380
3259,2194,5,968278402
3259,592,4,968278423
3259,555,4,968278423
3259,6,3,968278446
3259,1799,5,968278462
3259,117,4,968278487
3259,3729,4,968278487
3259,3247,4,968278532
3259,3701,4,968278532
3259,1198,5,968278589
3259,1221,4,968278589
3259,2947,4,968278606
3259,2993,4,968278642
3259,1610,4,968278642
3259,163,3,968278666
3259,3702,4,968278666
3259,474,4,968278706
3259,2949,4,968278706
3259,2138,5,968278749
3259,3396,5,968278764
3259,3911,5,970878082
3259,2028,5,991361279
3259,1200,5,991361306
3259,1214,5,991361306
3259,589,4,991361366
3259,3578,5,991361366
3259,1376,4,991361393
3259,3104,5,991361419
3259,2912,3,991361480
3259,522,4,991361480
3259,1408,4,991361506
3259,2193,4,991361593
3259,3755,3,991361593
3259,353,4,991361620
3259,112,5,991361661
3259,903,5,1027974659
3259,800,5,1027974659
3259,50,5,1027974744
3259,3499,5,1037672810
3259,1348,4,1037672810
3259,3949,5,1037673277
3259,3598,3,1037673502
3259,3948,4,1037673734
3259,3744,3,1037674396
3259,367,3,1037674801
3259,293,5,1037674986
3259,3386,5,1037675672
3259,2692,5,1038445402
3288,1344,3,968098401
3288,1210,5,968098401
3288,288,3,979847537
3288,1196,4,979847537
3288,516,3,979847537
3288,1299,3,979847632
3288,3498,3,979847632
3288,290,5,979847632
3288,1252,3,979847651
3288,3030,3,979847651
3288,1136,4,979847666
3288,260,4,979847686
3288,858,5,979847686
3288,1198,3,979847726
3288,318,3,979847726
3288,850,3,979847759
3288,593,4,979847801
3288,923,4,979848024
3288,3435,4,979848024
3288,2804,4,979848024
3288,2858,5,979848024
3288,50,4,979848047
3288,1225,4,979848047
3288,3788,3,979848047
3294,1228,4,968072097
3294,1210,5,968072113
3294,1617,5,968072127
3294,1198,5,968072160
3294,1197,4,968072179
3294,3477,3,968072272
3294,2371,4,968072272
3294,2997,4,968072317
3294,1196,5,968072317
3294,260,5,968072334
3294,858,5,968072335
3294,3868,4,968072417
3294,1221,5,968072417
3294,1219,4,968072433
3294,608,5,968072481
3294,50,5,968072481
3294,593,5,968072535
3294,235,3,968072535
3294,2664,4,968072535
3294,2028,5,968072535
3294,3471,3,968072550
3294,1270,5,968072663
3294,2139,5,968072663
3294,2396,3,968072663
3294,3421,5,968072689
3294,3360,5,968072689
3294,1291,5,968072742
3294,1387,5,968072742
3294,1090,4,968072742
3294,2918,5,968072799
3294,1240,4,968072799
3294,589,5,968072821
3294,1285,5,968072858
3294,1699,4,968072858
3294,968,5,968072879
3294,1012,5,968072879
3294,1245,5,968072879
3294,1032,5,968072899
3294,150,5,968072919
3294,3744,4,968073004
3294,296,5,968073057
3294,2580,5,968073057
3294,1213,5,968073057
3294,6,5,968073079
3294,2268,5,968073079
3294,1466,5,968073079
3294,2281,5,968073079
3294,866,5,968073079
3294,293,5,968073107
3294,1500,5,968073107
3294,1729,5,968073107
3294,47,5,968073107
3294,555,3,968073107
3294,2231,4,968073130
3294,2278,4,968073130
3294,2280,4,968073130
3294,1732,5,968073130
3294,2023,4,968073130
3294,1645,4,968073155
3294,1805,4,968073155
3294,81,4,968073155
3294,1061,5,968073177
3294,1620,4,968073198
3294,1589,5,968073198
3294,2605,4,968073227
3294,434,4,968073227
3294,42,5,968073227
3294,2002,5,968073227
3294,2387,5,968073252
3294,170,3,968073252
3294,70,3,968073252
3294,153,3,968073292
3294,1562,3,968073306
3294,592,4,968073332
3294,2194,5,968073332
3294,2000,5,968073332
3294,2001,4,968073354
3294,3770,4,968073354
3294,2985,3,968073354
3294,1625,5,968073554
3294,3386,5,968073554
3294,1092,4,968073572
3294,648,5,968073592
3294,1597,5,968073592
3294,1644,3,968073621
3519,480,3,966955279
3519,912,5,966955294
3519,648,4,966955313
3519,506,4,966955313
3519,783,3,966955321
3519,1968,5,966957355
3519,1509,4,966957368
3519,3481,5,966957633
3519,3083,5,967570679
3519,1824,3,967570679
3519,2599,4,967570679
3519,2997,3,967570700
3519,2858,5,967570700
3519,2709,3,967570700
3519,1641,4,967570732
3519,1188,5,967570732
3519,2324,5,967570732
3519,1537,4,967570732
3519,2331,5,967570748
3519,2395,4,967570748
3519,441,3,967571215
3519,471,4,967571242
3519,345,4,967571242
3519,235,3,967571257
3519,39,5,967571257
3519,68,3,967571272
3519,2700,5,967571285
3519,3046,5,967571384
3519,1923,3,967571384
3519,351,3,967571384
3519,372,5,967571384
3519,1500,5,967571529
3519,3450,4,967571569
3519,69,4,967571569
3519,708,5,967571585
3519,1485,3,967571603
3519,3261,3,967571603
3519,551,3,967571603
3519,1279,5,967571622
3519,3157,4,967571622
3519,2706,5,967571650
3519,539,3,967571665
3519,1405,4,967571680
3519,3614,3,967571698
3519,356,3,967571698
3519,1821,3,967571748
3519,3477,4,967571748
3519,357,3,967571748
3519,569,3,967571748
3519,203,5,967571790
3519,1614,3,967571805
3519,224,3,967571838
3519,237,3,967572743
3519,236,3,967572759
3519,3247,3,967572813
3519,1367,3,967572828
3519,1541,3,967573032
3519,2598,4,967573032
3519,830,3,967573045
3519,432,3,967573072
3519,2253,3,967573303
3519,673,3,967573303
3519,542,3,967573303
3519,3,3,967573352
3519,656,4,967573389
3519,234,3,967573407
3519,3248,3,967573419
3519,444,3,967573431
3519,294,3,967573448
3519,2607,3,967573640
3519,1213,3,967573653
3519,608,4,967573670
3519,1358,4,967573670
3519,593,5,967574006
3519,110,3,967574006
3519,318,3,967574006
3519,1734,5,967574054
3519,562,3,967574054
3519,2908,5,967574068
3519,25,4,967574094
3519,866,3,967574109
3519,321,4,967574125
3519,17,4,967574125
3519,2966,3,967574140
3519,265,5,967574157
3519,1179,3,967574157
3519,1466,4,967574198
3519,58,5,967574198
3519,1639,3,967574213
3519,381,3,967574213
3519,1673,3,967574228
3519,62,3,967574228
3519,1094,3,967574228
3519,1810,5,967574246
3519,1682,3,967574246
3519,1535,5,967574246
3519,2291,3,967574264
3519,249,4,967574264
3519,2329,5,967574264
3519,2268,3,967574280
3519,49,5,967574280
3519,628,5,967574295
3519,175,4,967574295
3519,508,5,967574295
3519,3418,4,967574453
3519,1840,4,967574453
3519,1393,3,967574470
3519,590,3,967574485
3519,1268,5,967574500
3519,1611,3,967574500
3519,3252,3,967574500
3519,222,5,967574517
3519,280,3,967574517
3519,253,4,967574531
3519,3105,3,967574531
3519,1897,5,967574561
3519,647,4,967574561
3519,1183,4,967574561
3519,1187,5,967574561
3519,3100,3,967574561
3519,1747,5,967574561
3519,1093,3,967574575
3519,1271,5,967574590
3519,269,5,967574643
3519,2165,4,967574660
3519,509,5,967574660
3519,3426,4,967574673
3519,461,4,967574707
3519,94,5,967574707
3519,3255,5,967574732
3519,1046,4,967574745
3519,3145,4,967574758
3519,194,5,967574758
3519,266,3,967574770
3519,450,3,967574801
3519,3186,4,967574801
3519,3050,4,967574827
3519,261,3,967574840
3519,105,3,967574840
3519,46,3,967575064
3519,218,5,967576196
3519,617,4,967576196
3519,3155,4,967576223
3519,1488,3,967576354
3519,1711,5,967576354
3519,1586,4,967576366
3519,3259,3,967576379
3519,1487,4,967576392
3519,877,3,967576427
3519,2314,3,967576440
3519,605,3,967576468
3519,193,3,967576468
3519,31,4,967576468
3519,282,4,967576499
3519,1416,3,967576515
3519,140,3,967576515
3519,2154,3,967576617
3519,3851,5,968339909
3519,2804,3,968340123
3519,1197,5,968340123
3519,2918,4,968340123
3519,1270,4,968340181
3519,3067,4,968340181
3519,2716,4,968340181
3519,1257,3,968340209
3519,2248,4,968340209
3519,1172,3,968340209
3519,3210,4,968340273
3519,3448,3,968340273
3519,1307,4,968340273
3519,2144,5,968340273
3519,3361,3,968340273
3519,2000,3,968340273
3519,2243,3,968340290
3519,3526,3,968340290
3519,2795,3,968340290
3519,1285,5,968340316
3519,3039,4,968340316
3519,3424,3,968340316
3519,2174,3,968340316
3519,2371,3,968340316
3519,3397,5,968340316
3519,2915,3,968340316
3519,2134,4,968340343
3519,3072,4,968340381
3519,2423,3,968340381
3519,3087,3,968340381
3519,3608,4,968340381
3519,2797,5,968340381
3519,2003,4,968340381
3519,2081,5,968340399
3519,2463,3,968340399
3519,3308,3,968340399
3519,2001,3,968340399
3519,2247,3,968340532
3519,2262,4,968340532
3519,2145,4,968340532
3519,1378,4,968340532
3519,2378,3,968340532
3519,3398,5,968340532
3519,2746,4,968340532
3519,2110,3,968340559
3519,2518,3,968340559
3519,2374,3,968340559
3519,3591,4,968340559
3519,1081,4,968340559
3519,1091,3,968340576
3519,2416,3,968340601
3519,2369,3,968340601
3519,2372,3,968340601
3519,2751,3,968340601
3519,2375,3,968340624
3519,2735,3,968340624
3519,3688,4,968340644
3519,2088,4,968340711
3519,2468,3,968340742
3519,1381,3,968340742
3519,3391,3,968340774
3519,2987,3,968340999
3519,1196,5,968341074
3519,1225,3,968341074
3519,1090,3,968341074
3519,2020,5,968341128
3519,1259,4,968341206
3519,3360,3,968341206
3519,2194,5,968341236
3519,1293,3,968341264
3519,1302,3,968341264
3519,1961,3,968341264
3519,592,4,968341296
3519,1231,4,968341296
3519,1097,4,968341296
3519,3071,4,968341318
3519,1186,4,968341318
3519,2352,4,968341468
3519,1962,3,968341545
3519,1246,5,968341545
3519,3098,3,968341673
3519,2474,3,968341673
3519,2739,4,968341673
3519,2420,3,968341954
3519,3480,3,968342133
3519,1290,4,968342754
3519,3844,4,968342754
3519,1959,4,968342754
3519,260,5,968350099
3519,858,4,968350099
3519,1221,3,968350099
3519,1387,3,968350114
3519,1214,3,968350114
3519,1240,3,968350131
3519,2288,3,968350223
3519,1954,3,968350223
3519,1210,4,968350223
3519,1912,4,968352148
3519,1036,3,968352257
3519,2985,3,968352257
3519,457,3,968352778
3519,1580,5,968352778
3519,1275,3,968352867
3519,2640,4,968352867
3519,1376,3,968352867
3519,2916,3,968352884
3519,3763,3,968352884
3519,1722,4,968352901
3519,377,4,968352901
3519,2628,3,968355088
3519,3527,3,968355088
3519,353,3,968355293
3519,780,4,968355396
3519,2641,4,968355413
3519,1377,3,968355413
3519,1370,3,968355667
3519,3107,3,968355952
3519,1101,4,968356010
3519,442,3,968356010
3519,1608,4,968356026
3519,998,5,968356058
3519,170,3,968356058
3519,95,3,968356058
3519,3274,3,968356091
3519,2815,3,968356112
3519,1544,3,968356721
3519,44,3,968356721
3519,3653,3,968432794
3519,581,4,968432843
3519,1192,5,968432874
3519,2677,5,968432921
3519,443,3,968432953
3519,1421,3,968433007
3519,1191,4,968433007
3519,2127,4,968433131
3519,555,3,968433131
3519,1059,3,968433154
3519,2443,3,968433226
3519,3044,5,968433260
3519,2774,5,968433260
3519,7,3,968433308
3519,587,3,968433654
3519,1457,3,968433654
3519,597,4,968433730
3519,168,3,968433769
3519,2822,3,968433819
3519,48,3,968433819
3519,427,3,968433848
3519,1,4,968601796
3519,3253,3,968601986
3519,588,3,968602044
3519,2302,4,968602044
3519,223,3,968602062
3519,3052,5,968602105
3519,2770,3,968602105
3519,367,3,968602142
3519,141,4,968602162
3519,1883,4,968602203
3519,104,3,968602203
3519,1777,3,968602203
3519,344,3,968602279
3519,1753,3,968602298
3519,2539,4,968602337
3519,1444,4,968602388
3519,3263,4,968602388
3519,371,4,968602388
3519,156,5,968602412
3519,516,3,968602431
3519,3264,3,968602450
3519,107,3,968602502
3519,586,3,968602545
3519,216,3,968602626
3519,3130,3,968602626
3519,438,3,968602673
3519,589,3,969640523
3519,1610,3,969640556
3519,1356,3,969640588
3519,3408,4,969988467
3519,3185,4,969988467
3519,3298,4,969988482
3519,50,5,969988674
3519,1704,4,969988727
3519,47,4,969988848
3519,553,3,969988848
3519,595,3,969988849
3519,307,4,969988874
3519,3499,3,969988931
3519,1729,3,969989001
3519,1909,3,969989099
3519,364,3,969989099
3519,835,4,969989178
3519,408,3,969989276
3519,1554,4,969989320
3519,3082,4,969989380
3519,801,3,969989386
3519,2168,3,969989403
3519,785,3,969989464
3519,832,3,969989464
3519,349,3,969989517
3519,1645,3,969989554
3519,2089,3,969989578
3519,1092,3,969989609
3519,500,4,969989624
3519,3249,3,969989665
3519,1015,3,969989665
3519,3686,3,969989679
3519,2083,4,969989696
3519,225,3,969989696
3519,2803,3,969989803
3519,3425,3,969989824
3519,22,3,969989937
3519,510,3,969989951
3519,455,3,969990038
3519,2605,3,969994784
3519,279,4,969994840
3519,1562,3,969994888
3519,2142,3,969995054
3519,3127,4,969995079
3519,20,4,969995149
3519,2701,3,969995644
3519,1394,3,969996156
3519,2926,3,969996388
3519,2455,3,969996473
3519,3203,3,969996520
3519,2114,3,969996538
3519,2117,3,969996574
3519,2005,3,969996612
3519,2469,3,969996628
3519,2193,3,969996628
3519,3478,3,969996650
3519,1088,3,969996650
3519,2263,3,969996665
3519,2802,3,969996700
3519,2846,3,969996700
3519,3791,3,969996802
3519,3138,3,969996828
3519,2146,3,969996847
3519,2639,3,969996856
3519,2942,3,969996904
3519,2478,3,969996923
3519,2413,3,969996937
3519,2259,3,969997016
3519,2642,3,969997016
3519,2950,3,969997042
3519,2450,3,969997072
3519,3359,3,969997243
3519,1073,3,969997302
3519,3396,3,969997319
3519,2871,3,969997340
3519,1955,3,969997369
3519,2657,3,969997447
3519,1380,4,969997447
3519,2014,3,969997510
3519,1388,3,969997573
3519,1569,3,970510355
3519,3911,4,970510389
3519,3882,4,971199932
3519,3509,3,971200235
3519,2971,3,971200662
3519,3362,3,971200847
3519,1345,3,971200883
3519,2109,3,971200916
3519,2138,3,971200916
3519,2991,3,971201646
3519,3635,3,971201646
3519,1030,3,971202485
3519,3428,3,971202884
3519,2545,3,972051300
3519,3538,3,972917904
3519,2671,3,973089286
3519,3129,3,975622435
3519,3793,4,976889941
3519,3114,3,976890032
3519,3786,3,978983674
3519,1449,4,979666449
3519,1295,4,982679352
3519,1397,3,983478627
3519,3874,4,983478670
3519,3554,4,983478771
3519,523,3,983810241
3519,3176,4,984608015
3519,1784,4,985029444
3519,3512,3,985632943
3519,3631,3,986264320
3519,11,4,986848106
3519,3729,3,988308487
3519,3536,3,988308709
3519,1079,4,989949623
3519,3915,4,993143935
3519,3893,3,994432697
3519,3556,4,994432718
3519,3568,3,999612639
3519,74,3,1000779258
3519,2357,3,1001963174
3519,3897,4,1005525532
3519,3317,4,1005525895
3519,369,4,1006971379
3519,82,3,1009142694
3519,3250,3,1009837570
3519,3854,4,1012146899
3519,1732,3,1014520180
3519,3565,3,1015777532
3519,2837,3,1016584233
3519,1136,3,1016584275
3519,2875,4,1016584324
3519,3902,3,1026925318
3519,3246,4,1026925393
3519,920,3,1028350073
3519,3717,4,1028350073
3519,3913,3,1034957505
3519,232,4,1037391545
3519,769,3,1042356529
3519,2762,3,1042356736
3519,538,4,1042356736
3519,3136,4,1042431582
3519,3077,4,1042431736
3519,2502,4,1043251541
3519,2436,4,1045348693
3541,3499,3,966875850
3541,858,5,966875850
3541,3723,4,966875850
3541,3735,5,966875850
3541,3072,4,966875874
3541,1193,5,966875874
3541,2944,3,966875874
3541,1299,3,966876048
3541,2858,5,966876101
3541,1221,5,966876101
3541,3871,5,966876122
3541,527,4,966876139
3541,1213,5,966876139
3541,318,5,966876153
3541,608,5,966876194
3541,1594,4,966876194
3541,1228,5,966876194
3541,111,5,966876215
3541,778,4,966876227
3541,593,4,966876240
3541,293,5,966876264
3541,1231,3,966876279
3541,1179,4,966876294
3541,1090,5,966876294
3541,919,3,966876313
3541,2248,5,966876349
3541,3504,4,966876349
3541,2959,5,966876382
3541,3019,3,966876411
3541,1805,4,966876411
3541,1208,5,966876411
3541,2022,4,966876411
3541,851,4,966876424
3541,1245,4,966876424
3546,850,5,966856195
3546,1193,5,966856214
3546,2931,5,966856237
3546,1249,3,966856274
3546,639,4,966856274
3546,1248,5,966856375
3546,1252,5,966856375
3546,1267,3,966856375
3546,1284,5,966856375
3546,913,4,966856375
3546,922,5,966856375
3546,3435,5,966856375
3546,2186,4,966856375
3546,541,4,966856375
3546,2203,3,966856530
3546,930,3,966856530
3546,1617,4,966856530
3546,3683,4,966856530
3546,3364,4,966856530
3546,2726,5,966856530
3546,2940,4,966856530
3546,3307,4,966856685
3546,306,4,966856685
3546,858,5,966856713
3546,3134,4,966856713
3546,2019,5,966856713
3546,3789,4,966856798
3546,3030,4,966856798
3546,923,5,966856798
3546,2351,3,966856798
3546,111,5,966856798
3546,2927,4,966856798
3546,1237,4,966856798
3546,926,4,966856837
3546,3091,3,966856837
3546,59,4,966856837
3546,3730,4,966856837
3546,3742,4,966856837
3546,213,3,966856863
3546,2920,3,966856863
3546,531,3,966856863
3546,3095,4,966856882
3546,290,4,966856882
3546,1178,4,966856882
3546,501,4,966856882
3546,924,3,966856914
3546,3224,5,966856914
3546,1104,3,966856937
3546,608,4,966856937
3546,1944,3,966856937
3546,1945,3,966856937
3546,908,4,966856960
3546,1859,4,966856960
3546,1084,5,966856960
3546,3089,5,966856973
3546,1594,3,966856997
3546,2732,4,966856997
3546,1939,4,966856997
3546,919,4,966857041
3546,3201,3,966857041
3546,2289,5,966857041
3546,247,5,966857041
3546,3152,4,966857041
3546,1247,4,966857041
3546,1251,4,966857071
3546,293,3,966857071
3546,1952,3,966857071
3546,1228,5,966857071
3546,1280,5,966857105
3546,1213,5,966857105
3546,978,3,966857132
3546,2858,5,966857132
3546,475,3,966857132
3546,527,3,966857132
3546,1221,5,966857132
3546,493,4,966857158
3546,2130,3,966857158
3546,3363,3,966857158
3546,318,3,966857158
3546,3735,4,966857158
3546,593,4,966857183
3546,920,3,966857183
3546,3468,4,966857183
3546,2731,4,966857183
3546,969,3,966873926
3546,3265,5,966873927
3546,2692,4,966873927
3546,1198,4,966873927
3546,3703,4,966873927
3546,1218,4,966873927
3546,2366,4,966873995
3546,3310,4,966873995
3546,260,3,966874047
3546,1916,4,966874047
3546,1214,5,966874047
3546,3763,3,966874047
3546,1261,4,966874144
3546,1264,4,966874144
3546,474,3,966874144
3546,1036,4,966874144
3546,1220,4,966874144
3546,589,4,966874179
3546,457,3,966874179
3546,6,3,966874234
3546,1129,4,966874234
3546,1201,4,966874234
3546,112,3,966874266
3546,3726,3,966874266
3546,2000,3,966874266
3546,1200,3,966874266
3546,2985,4,966874266
3546,2951,4,966874293
3546,1912,4,967022236
3546,1240,4,967022236
3546,2288,4,967022263
3546,3266,3,967022263
3546,1387,3,967022263
3546,3418,3,967022280
3546,21,4,967022304
3546,1222,4,967022304
3546,2194,3,967022325
3546,555,5,967022325
3546,2571,4,967022348
3546,2916,4,967022348
3546,1573,4,967022372
3546,522,5,967022372
3546,1580,3,967022400
3546,1954,3,967022400
3546,2600,4,967022417
3546,2956,3,967022433
3546,377,3,967022457
3546,1627,4,967022480
3546,3729,3,967022480
3546,3020,3,967022523
3546,1254,4,967022805
3546,1204,3,967022805
3546,3461,4,967022833
3546,2871,4,967022833
3546,1931,3,967022833
3546,2970,5,967022833
3546,2899,4,967022855
3546,3168,4,967022855
3546,1215,3,967022855
3546,1291,3,967022881
3546,29,3,967022935
3546,2406,3,967022969
3546,349,3,967022991
3546,733,3,967023028
3546,2344,4,967023048
3546,380,3,967023081
3546,464,3,967023101
3546,674,3,967023101
3546,837,4,967023451
3546,3629,5,967023577
3546,3569,4,967023577
3546,3022,3,967023615
3546,910,5,967023615
3546,1734,3,967023615
3546,3097,3,967023692
3546,2300,3,967023692
3546,1230,5,967023692
3546,916,4,967023802
3546,898,5,967023802
3546,176,4,967023802
3546,1235,3,967023802
3546,1244,5,967023802
3546,905,3,967023823
3546,945,4,967023823
3546,1281,5,967023853
3546,1446,4,967023853
3546,3306,5,967023853
3546,3504,3,967023853
3546,1904,4,967023853
3546,1256,4,967023887
3546,2064,4,967023887
3546,1292,3,967023887
3546,933,3,967023887
3546,3072,3,967023887
3546,2997,4,967023916
3546,3067,4,967023916
3546,947,3,967023916
3546,951,5,967023916
3546,1172,5,967023916
3546,2973,5,967023916
3546,1259,3,967024297
3546,1294,4,967024297
3546,955,5,967024297
3546,1885,4,967024297
3546,1934,5,967024297
3546,1211,5,967024297
3546,1234,3,967024297
3546,633,3,967024331
3546,3521,3,967024331
3546,2926,3,967024331
3546,1236,4,967024331
3546,1238,4,967024331
3546,1255,3,967026662
3546,1307,4,967026662
3546,1202,4,967026662
3546,1136,5,967027016
3546,1516,3,967027016
3546,2349,4,967027016
3546,39,4,967027016
3546,562,4,967027016
3546,1265,3,967027046
3546,1279,4,967027046
3546,2174,3,967027046
3546,1241,3,967027046
3546,2208,3,967027084
3546,1285,4,967027084
3546,1392,3,967027084
3546,1288,3,967027107
3546,911,4,967027107
3546,235,3,967027107
3546,3108,3,967027107
3546,915,3,967027138
3546,3200,3,967027138
3546,1641,4,967027138
3546,1875,3,967027138
3546,1537,3,967027138
3546,1080,5,967027138
3546,907,4,967027168
3546,3424,4,967027168
3546,1732,5,967027168
3546,3538,3,967027168
3546,1965,3,967027256
3546,1060,3,967027256
3546,3341,4,967027275
3546,1180,3,967027318
3546,348,3,967027318
3546,471,4,967027352
3546,2324,4,967027352
3546,2390,4,967027352
3546,2750,3,967027352
3546,1081,3,967027371
3546,570,3,967027395
3546,357,4,967027395
3546,3448,3,967027413
3546,1273,4,967027853
3546,3253,3,967027853
3546,2321,3,967027853
3546,1028,4,967027873
3546,52,4,967027873
3546,1809,3,967027889
3546,232,3,967027911
3546,144,3,967027911
3546,3039,4,967027946
3546,1441,3,967027946
3546,2247,3,967027946
3546,3088,3,967027946
3546,1857,3,967027946
3546,3362,4,967027946
3546,2302,3,967027963
3546,1968,3,967027963
3546,1125,4,967027989
3546,1542,3,967027989
3546,1958,3,967027989
3546,45,4,967027989
3546,539,3,967027989
3546,1184,3,967028140
3546,901,4,967028221
3546,988,3,967028221
3546,1883,3,967028221
3546,1784,3,967028221
3546,2100,3,967028254
3546,372,3,967028254
3546,2361,3,967028498
3546,156,3,967028498
3546,1485,3,967028522
3546,3812,3,967028522
3546,492,3,967028539
3546,2747,4,967028561
3546,3422,4,967028582
3546,141,3,967028599
3546,2110,4,967028666
3546,70,3,967028666
3546,708,3,967028666
3546,1391,4,967028685
3546,3263,4,967028710
3546,2290,3,967029039
3546,2671,3,967029039
3546,2369,4,967029057
3546,1454,3,967029103
3546,1425,3,967029171
3546,3500,3,967029171
3546,1614,3,967029480
3546,3451,3,967029480
3546,1057,4,967029480
3546,3045,3,967029502
3546,1476,3,967029502
3546,532,3,967029502
3546,2001,3,967029528
3546,2539,3,967029553
3546,287,3,967029610
3546,485,3,967029610
3546,1405,3,967029624
3546,1711,3,967029640
3546,3462,4,968004666
3546,2396,3,968004760
3546,1260,4,968004897
3546,1415,3,968004897
3546,942,4,968004897
3546,3334,4,968004897
3546,50,4,968004897
3546,1089,5,968004953
3546,3019,4,968004954
3546,866,3,968005011
3546,1729,4,968005011
3546,1785,3,968005011
3546,1227,4,968005011
3546,1466,5,968005054
3546,431,4,968005054
3546,2159,3,968005054
3546,117,3,968005054
3546,2391,4,968005054
3546,2542,4,968005054
3546,3272,3,968005105
3546,1589,3,968005105
3546,198,5,968005105
3546,47,4,968005105
3546,521,3,968005105
3546,246,4,968005219
3546,1189,3,968005308
3546,2776,3,968005308
3546,2859,4,968005435
3546,162,3,968005435
3546,1147,3,968005535
3546,3002,4,968005609
3546,1289,5,968005609
3546,3539,5,968005609
3546,77,4,968005684
3546,1428,3,968007238
3546,3503,4,968007367
3546,2284,3,968007724
3546,2360,4,968007724
3546,912,5,968009584
3546,1176,5,968009584
3546,1095,3,968009584
3546,3093,3,968009940
3546,1699,3,968011574
3546,446,4,968011574
3546,854,3,968011574
3546,3533,4,968011574
3640,593,5,966480799
3640,2174,4,966480799
3640,3308,4,966480799
3640,2521,3,966480799
3640,1247,4,966480799
3640,3793,3,966481017
3640,3751,4,966481017
3640,3755,4,966481017
3640,3623,4,966481057
3640,3753,5,966481057
3640,3785,3,966481096
3640,3806,5,966481169
3640,3811,5,966481169
3640,309,5,966481169
3640,3819,4,966481195
3640,608,4,966481195
3640,314,4,966481195
3640,529,4,966481220
3640,1224,5,966481220
3640,1090,4,966481220
3640,1028,5,966481238
3640,1304,5,966481260
3640,1032,5,966481260
3640,1625,5,966481294
3640,3176,3,966481294
3640,2746,3,966481294
3640,2949,4,966481294
3640,3408,4,966481335
3640,3148,5,966481335
3640,2000,4,966481335
3640,3763,4,966481335
3640,3044,4,966481364
3640,1387,5,966481364
3640,1732,3,966481364
3640,3081,4,966481389
3640,3868,4,966481389
3640,538,4,966481389
3640,3809,4,966481405
3640,3660,3,966481437
3640,3770,4,966481437
3640,3263,4,966481467
3640,3635,4,966481467
3640,3639,4,966481467
3640,3125,4,966481467
3640,454,5,966481499
3640,2369,4,966481499
3640,145,3,966481499
3640,253,4,966481535
3640,3079,4,966481564
3640,3082,4,966481564
3640,2753,4,966481564
3640,780,5,966481590
3640,3844,5,966481590
3640,370,4,966481610
3640,3649,4,966481641
3640,3807,4,966481641
3640,3185,4,966481641
3640,3355,3,966481641
3640,2002,3,966481641
3640,1587,4,966481727
3640,2530,3,966481727
3640,2531,3,966481774
3640,3147,5,966481840
3640,3273,4,966481873
3640,3301,4,966481897
3640,3615,4,966481959
3640,3510,4,966481976
3640,3555,4,966482007
3640,3744,4,966482041
3662,1287,5,966428836
3662,3706,4,966428858
3662,2665,5,966428883
3662,3847,4,966428883
3662,3780,4,966428883
3662,2362,4,966428980
3662,1248,5,966429006
3662,1253,5,966429006
3662,2664,5,966429006
3662,2454,3,966429069
3662,2634,4,966429069
3662,1334,4,966429069
3662,841,4,966429069
3662,2519,5,966429069
3662,1924,5,966429069
3662,2645,4,966429070
3662,2814,3,966429070
3662,3340,4,966429070
3662,2781,3,966429070
3662,2652,4,966429086
3662,2656,5,966429086
3662,3488,4,966429086
3662,2287,5,966429140
3662,2660,5,966429140
3662,2661,5,966429140
3662,2662,5,966429140
3662,2667,4,966429140
3662,3486,4,966429140
3662,3659,5,966429140
3662,1301,5,966429140
3662,2363,4,966429140
3662,1019,3,966429140
3662,3417,3,966429156
3662,2663,5,966429156
3662,3375,4,966429156
3662,750,3,966429249
3662,924,3,966429249
3662,968,5,966429249
3662,3658,5,966429249
3662,3833,5,966429249
3662,674,4,966429249
3662,680,3,966429249
3662,2529,5,966429249
3662,2553,3,966429249
3662,2554,3,966429249
3662,2365,3,966429259
3662,2488,4,966429306
3662,3627,5,966429306
3662,3832,5,966429306
3662,1333,3,966429306
3662,3875,4,966429306
3662,2160,3,966429306
3662,2550,4,966429306
3662,2780,3,966429306
3662,1219,5,966429306
3662,2782,4,966429319
3662,2784,4,966429319
3685,2628,5,966349213
3685,2302,4,966349213
3685,1193,5,966349268
3685,1834,4,966349382
3685,593,5,966349428
3685,3623,3,966349503
3685,3751,4,966349503
3685,3753,3,966349503
3685,3755,3,966349503
3685,3793,5,966349521
3685,858,5,966861743
3685,1221,5,966861759
3685,2804,4,966861784
3685,318,5,966861814
3685,1196,5,966861827
3685,246,5,966861845
3685,1213,5,966861845
3685,1617,5,966861860
3685,260,5,966861860
3685,1249,5,966861876
3685,1228,5,966861876
3685,720,5,966861892
3685,3006,3,966861921
3685,1136,5,966861951
3685,1041,5,966861951
3685,3683,5,966861975
3685,1225,5,966862002
3685,1090,5,966862002
3685,2599,4,966862018
3685,994,5,966862057
3685,541,3,966862453
3685,3703,4,966862466
3685,1358,5,966862478
3685,1259,4,966862498
3685,3421,5,966862498
3685,1307,3,966862498
3685,36,5,966862513
3685,111,5,966862529
3685,319,5,966862530
3685,1094,4,966862530
3685,3210,5,966862576
3685,1214,4,966862576
3685,589,4,966862591
3685,3250,3,966862591
3685,1206,5,966862604
3685,2751,3,966862634
3685,3252,4,966862651
3685,428,4,966862665
3685,2791,4,966862683
3685,2395,5,966862707
3685,1243,5,966862707
3685,1223,5,966862722
3685,3702,4,966863031
3685,2997,5,966863061
3685,1641,4,966863061
3685,1036,4,966863061
3685,1240,4,966863061
3685,1411,5,966863087
3685,471,5,966863087
3685,2571,5,966863087
3685,125,5,966863572
3685,3608,5,966863609
3685,3480,4,966863609
3685,1274,4,966863620
3685,32,4,966863640
3685,2076,5,966863699
3685,1639,5,966863699
3685,1186,5,966863699
3685,1080,4,966863699
3685,456,5,966863721
3685,3685,4,966863721
3685,69,5,966863721
3685,3052,5,966863753
3685,529,5,966863753
3685,3481,5,966863790
3685,1466,3,966863885
3685,21,5,966863911
3685,2859,4,966863918
3685,1704,5,966863944
3685,1270,4,966863964
3685,2194,5,966863964
3685,514,4,966863964
3685,1732,5,966863982
3685,1291,4,966864009
3685,1173,4,966864027
3685,2542,5,966864027
3685,1285,5,966864046
3685,1095,5,966864046
3685,249,4,966864065
3685,1393,4,966864065
3685,2921,4,966864065
3685,2700,5,966864099
3685,441,5,966864131
3685,2144,4,966864131
3685,457,4,966864148
3685,1097,4,966864148
3685,3040,5,966864165
3685,2174,4,966864165
3685,293,5,966864181
3685,1968,5,966864181
3685,1222,5,966864197
3685,1407,4,966864211
3685,3104,5,966864244
3685,1257,5,966864266
3685,3552,5,966864278
3685,3476,4,966864304
3685,2240,4,966864322
3685,1374,4,966864322
3685,2109,4,966864757
3685,1210,5,966865106
3685,1268,4,966865162
3685,2114,4,966865175
3685,1179,5,966865331
3685,1594,5,966865331
3685,1747,4,966865384
3685,1682,4,966865450
3685,475,4,966865450
3685,151,4,966865450
3685,1965,4,966865450
3685,2915,5,966865450
3685,555,5,966865450
3685,3253,3,966865483
3685,3260,4,966865483
3685,3704,4,966865483
3685,1449,5,966866361
3685,3342,4,966866361
3685,322,5,966866361
3685,144,4,966866424
3685,1748,4,966866449
3685,6,4,966866464
3685,2268,4,966866464
3685,1194,4,966866510
3685,1447,4,966866543
3685,507,4,966866567
3685,1343,4,966866605
3685,1425,4,966866625
3685,2641,3,966866652
3685,2502,5,966866652
3685,1909,4,966866652
3685,590,4,966866676
3685,1517,4,966866676
3685,3039,5,966867398
3685,3060,5,966867398
3685,2376,3,966867398
3685,2985,3,966867398
3685,493,4,966867568
3685,3450,3,966867593
3685,431,3,966867593
3685,543,3,966867593
3685,1148,4,966948145
3685,2858,5,966948163
3685,608,5,966948184
3685,1208,5,966948253
3685,3424,5,966948289
3685,1247,5,966948322
3685,2951,4,966948552
3685,2064,5,966948586
3685,1265,4,966948586
3685,1201,4,966948586
3685,1147,5,966948611
3685,1912,5,966948611
3685,296,5,966948632
3685,3386,3,966948686
3685,1276,5,966948720
3685,1288,5,966948720
3685,3019,4,966948760
3685,515,4,966948760
3685,2329,5,966948780
3685,1387,3,966948780
3685,2692,5,966948792
3685,2762,5,966948803
3685,1394,5,966948825
3685,1923,5,966948840
3685,1197,5,966948967
3685,3671,3,966948994
3685,25,5,966948994
3685,2890,4,966949313
3685,1089,5,966949313
3685,2580,5,966949713
3685,2640,3,966949729
3685,1500,5,966949756
3685,2391,5,966949756
3685,2918,4,966949756
3685,1721,3,966949772
3685,1079,4,966949772
3685,2291,4,966949791
3685,337,5,966949791
3685,2455,3,966950483
3685,3699,3,966950483
3685,16,4,966950483
3685,1,3,966950499
3685,2248,5,966950514
3685,194,3,966950514
3685,1271,4,966950530
3685,233,3,966950530
3685,2160,3,966950542
3685,474,3,966950554
3685,3255,3,966950577
3685,482,4,966950600
3685,1060,4,966950600
3685,1954,5,966951079
3685,1246,3,966951499
3685,778,5,966952582
3685,3271,3,966952785
3685,110,5,966952800
3685,1242,4,966952813
3685,3868,3,966953017
3685,3506,3,966953017
3685,39,3,966953017
3685,3527,4,966953039
3685,1129,4,966953059
3685,480,4,966953059
3685,2167,4,966953311
3685,1729,4,966953311
3685,553,5,966953332
3685,1396,4,966953438
3685,3508,4,966953451
3685,2474,4,966953465
3685,2572,3,966953513
3685,1245,5,967054814
3685,1266,4,967054979
3685,235,5,967054979
3685,373,4,967054995
3685,47,5,967055255
3685,223,5,967055432
3685,3499,3,967055642
3685,101,4,967055642
3685,2959,5,967121197
3685,551,4,967121215
3685,2108,4,967121561
3685,2278,4,967121724
3685,45,4,967121752
3685,180,3,967122675
3685,2273,4,967122692
3685,1673,5,967122692
3685,1784,4,967122692
3685,3429,5,967254211
3685,1252,4,967254258
3685,912,5,967254288
3685,1203,5,967254288
3685,3468,4,967254302
3685,1258,5,967254364
3685,2745,4,967254364
3685,1278,3,967254382
3685,3201,4,967254447
3685,1103,4,967254447
3685,1200,4,967254461
3685,1348,4,967254481
3685,1220,3,967254529
3685,3396,4,967254616
3685,1207,4,967254616
3685,2947,3,967254665
3685,2716,4,967254696
3685,3897,5,972599546
3685,3865,4,972599624
3685,3327,4,972599690
3685,3624,4,972599706
3685,3173,3,972599726
3685,2003,3,972600000
3685,1610,3,972600031
3685,367,3,972600138
3685,300,3,972600233
3685,50,5,972600434
3685,3617,3,983061239
3685,3578,4,983061239
3685,3863,3,983061259
3685,3879,3,983061259
3685,3328,4,983061422
3685,3301,4,983061507
3685,3896,4,983061524
3685,3300,4,983061524
3685,3298,3,983061714
3685,2416,3,983062355
3685,2028,5,983062405
3685,3108,3,983062519
3685,1198,5,983062739
3685,2891,4,983926848
3685,3952,4,985446267
3685,3831,4,985446267
3685,3317,4,985446267
3685,3555,3,987879492
3685,3744,3,987879508
3685,3160,5,987879546
3685,3948,4,987879606
3685,733,3,987879759
3685,3752,3,987879774
3685,3911,4,992471935
3685,353,4,992472054
3685,2410,4,992472157
3685,2411,3,992472379
3685,165,3,997479659
3685,3798,3,998951083
3685,2617,3,1010507502
3700,2396,3,966290883
3700,2598,3,966290883
3700,2402,3,966290913
3700,2628,4,966290913
3700,11,5,966290913
3700,707,4,966290913
3700,3826,4,966290957
3700,3827,4,966290957
3700,3755,5,966290957
3700,3753,3,966290986
3700,3798,4,966291018
3700,3717,4,966291018
3700,593,5,966291104
3700,2858,4,966291120
3700,527,5,966291120
3700,1213,5,966291139
3700,3006,4,966291164
3700,3147,4,966291178
3700,1704,5,966291178
3700,590,4,966291202
3700,994,3,966291202
3700,608,4,966291202
3700,1393,4,966291202
3700,150,4,966291202
3700,1784,5,966291216
3700,36,3,966291216
3700,25,3,966291236
3700,529,5,966291249
3700,110,5,966291263
3700,2028,5,966291263
3700,2268,5,966291280
3700,1721,5,966291280
3700,300,5,966291301
3700,778,4,966291326
3700,3178,3,966291326
3700,3252,4,966291338
3700,2959,4,966291355
3700,431,4,966291373
3700,1601,3,966291388
3700,1120,4,966291399
3700,1673,4,966291409
3700,1639,4,966291419
3700,350,4,966291430
3700,1672,4,966291444
3700,147,5,966291444
3700,2231,5,966291455
3700,3174,3,966291471
3700,21,5,966291485
3700,3060,4,966291497
3700,1476,5,966291575
3700,832,4,966291575
3700,1061,4,966291575
3700,3148,4,966291594
3700,2433,5,966291604
3700,1805,5,966291626
3700,2165,3,966291626
3700,1810,4,966291660
3700,1680,5,966291660
3700,491,4,966291660
3700,3261,4,966291689
3700,100,5,966291689
3713,2712,3,966269606
3713,2028,5,966269606
3713,339,5,966269633
3713,593,5,966269689
3713,3633,4,966269689
3713,1396,4,966269689
3713,1784,5,966269689
3713,708,5,966269689
3713,3798,4,966269731
3713,3753,5,966269731
3713,3755,4,966269745
3713,527,5,966269855
3713,1410,3,966269894
3713,2237,4,966269894
3713,1660,3,966269894
3713,1393,5,966269917
3713,1721,5,966269917
3713,3006,3,966269942
3713,994,3,966269942
3713,1704,5,966269959
3713,150,5,966269959
3713,43,3,966269971
3713,296,3,966270007
3713,628,5,966270007
3713,2310,4,966270007
3713,300,3,966270032
3713,161,5,966270032
3713,1213,4,966270032
3713,590,5,966270051
3713,529,4,966270051
3713,17,4,966270068
3713,2168,4,966270091
3713,3160,4,966270091
3713,222,4,966270116
3713,3260,4,966270139
3713,3418,5,966270139
3713,1678,4,966270139
3713,337,3,966270139
3713,805,4,966270169
3713,3100,4,966270169
3713,3148,4,966270169
3713,1413,3,966270200
3713,1810,4,966270200
3713,3270,4,966270200
3713,2858,4,966270200
3713,1747,3,966270200
3713,261,4,966270215
3713,1094,3,966270226
3713,2289,3,966270245
3713,2336,5,966270245
3713,3386,5,966270245
3713,3259,3,966270264
3713,2125,4,966270279
3713,1672,3,966270293
3713,94,3,966270309
3713,1,5,966270379
3713,1188,4,966270379
3713,356,5,966270379
3713,2321,4,966270400
3713,2997,5,966270434
3713,1614,4,966270434
3713,223,4,966270434
3713,231,3,966270434
3713,2396,4,966270434
3713,2359,5,966270452
3713,144,4,966270452
3713,357,5,966270452
3713,588,4,966270472
3713,2302,4,966270472
3713,500,4,966270472
3713,597,5,966270499
3713,3450,4,966270499
3713,3466,4,966270499
3713,3809,3,966270499
3713,342,5,966270499
3713,45,3,966270499
3713,1042,5,966270499
3713,497,4,966270520
3713,3108,4,966270520
3713,39,5,966270520
3713,3060,5,966270540
3713,2108,3,966270540
3713,1517,4,966270540
3713,440,4,966270553
3713,11,5,966270553
3713,3052,4,966270571
3713,1569,4,966270571
3713,1923,4,966270571
3713,351,4,966270571
3713,2690,3,966270600
3713,2539,3,966270600
3713,587,4,966270629
3713,3255,4,966270629
3713,838,3,966270629
3713,2706,5,966270654
3713,380,3,966270654
3713,543,4,966270654
3713,3261,5,966270676
3713,141,5,966270676
3713,1441,3,966270694
3713,1641,5,966270716
3713,317,4,966270716
3713,1966,3,966270716
3713,378,4,966270716
3713,3869,3,966270733
3713,104,4,966270733
3713,539,5,966270733
3713,1806,4,966270747
3713,2567,4,966270760
3713,2889,4,966270783
3713,1732,4,966270783
3713,2012,4,966270783
3713,372,5,966270804
3713,700,4,966270804
3713,7,4,966270839
3713,988,4,966270839
3713,252,3,966270839
3713,450,4,966270839
3713,3358,4,966270839
3713,1457,4,966270864
3713,788,3,966270864
3713,1167,3,966270864
3713,1513,3,966270864
3713,2424,4,966270882
3713,3614,4,966270882
3713,2961,3,966270882
3713,586,4,966270900
3713,333,4,966270900
3713,2252,3,966270925
3713,3477,3,966270925
3713,3264,3,966270947
3713,2581,4,966270947
3713,2598,3,966270947
3713,2249,4,966270962
3713,1821,4,966270962
3713,218,5,966270995
3713,236,5,966270995
3713,413,3,966271016
3713,276,3,966271016
3713,3712,4,966271016
3713,344,4,966271034
3713,4,4,966271058
3713,2356,3,966271058
3713,2629,3,966271074
3713,1541,3,966271087
3713,1629,4,966271098
3713,1888,4,966271113
3713,1265,4,966271151
3713,1477,3,966271173
3713,2291,3,966271173
3713,2340,4,966271173
3713,3044,4,966271184
3713,377,4,966271201
3713,1639,4,966271230
3713,1643,4,966271230
3713,1059,3,966271230
3713,1777,4,966271242
3713,1680,4,966271257
3713,1183,3,966271257
3713,417,3,966271276
3713,802,4,966271276
3713,1597,3,966271289
3713,1895,3,966271308
3713,105,3,966271308
3713,3528,4,966271326
3713,3257,4,966271354
3713,638,4,966271354
3713,140,3,966271367
3713,46,4,966271384
3713,3269,3,966271403
3713,605,4,966271403
3713,2266,4,966271426
3713,1854,3,966271426
3713,74,4,966271426
3713,1479,3,966271445
3713,2316,4,966271445
3713,2724,4,966271445
3713,3436,3,966271471
3713,2875,4,966271471
3713,499,3,966271471
3713,1353,4,966271471
3713,2884,3,966271498
3713,804,3,966271498
3713,1398,3,966271498
3713,1593,4,966271498
3713,1043,3,966271498
3713,118,3,966271535
3713,270,3,966271556
3713,1259,4,966271605
3713,1270,5,966271605
3713,1288,4,966271605
3713,2804,4,966271605
3713,3868,5,966271605
3713,1394,3,966271605
3713,2716,5,966271605
3713,1079,5,966271605
3713,1257,4,966271638
3713,3210,5,966271638
3713,1172,4,966271638
3713,1197,5,966271638
3713,3361,5,966271638
3713,2791,5,966271638
3713,2000,4,966271638
3713,3039,4,966271660
3713,3072,4,966271660
3713,2352,4,966271660
3713,3552,4,966271660
3713,1968,5,966271660
3713,2797,5,966271660
3713,1220,4,966271660
3713,1285,3,966271684
3713,2243,3,966271684
3713,2248,4,966271684
3713,3424,3,966271684
3713,1307,5,966271684
3713,2174,3,966271684
3713,2795,4,966271684
3713,2081,5,966271714
3713,2423,3,966271714
3713,1663,4,966271714
3713,3526,5,966271714
3713,2746,3,966271714
3713,2915,4,966271714
3713,2001,3,966271714
3713,1297,4,966271731
3713,3448,4,966271731
3713,2100,4,966271731
3713,2406,3,966271762
3713,2457,3,966271762
3713,2463,3,966271762
3713,2470,3,966271762
3713,2003,3,966271762
3713,3087,3,966271784
3713,2133,4,966271784
3713,3308,3,966271784
3713,3591,5,966271784
3713,2245,4,966271812
3713,2407,4,966271812
3713,2261,4,966271812
3713,2144,5,966271812
3713,1958,3,966271812
3713,3033,4,966271833
3713,2247,3,966271833
3713,2262,3,966271833
3713,2371,4,966271833
3713,2011,4,966271833
3713,2145,4,966271849
3713,2378,3,966271849
3713,3524,4,966271849
3713,2416,3,966271876
3713,2469,4,966271876
3713,2134,4,966271876
3713,3525,3,966271876
3713,2752,3,966271876
3713,2413,4,966271901
3713,1135,4,966271901
3713,2369,3,966271901
3713,1091,3,966271901
3713,2478,3,966271924
3713,2372,4,966271924
3713,2374,3,966271924
3713,2792,4,966271924
3713,2468,4,966271939
3713,2473,3,966271939
3713,2735,3,966271969
3713,3691,3,966272145
3713,1196,5,966272193
3713,1225,5,966272193
3713,1231,5,966272193
3713,1242,5,966272193
3713,1293,4,966272211
3713,1302,4,966272211
3713,1090,4,966272211
3713,1956,4,966272212
3713,1961,4,966272212
3713,2919,4,966272225
3713,1097,5,966272225
3713,3098,5,966272246
3713,2194,4,966272246
3713,2739,4,966272246
3713,1962,4,966272246
3713,1674,4,966272265
3713,3360,4,966272265
3713,1960,3,966272265
3713,2020,5,966272265
3713,3071,4,966272281
3713,1246,5,966272281
3713,1286,4,966272300
3713,1290,4,966272300
3713,2312,4,966272300
3713,1124,5,966272332
3713,3699,3,966272332
3713,1096,3,966272332
3713,3480,4,966272344
3713,2114,4,966272360
3713,2453,3,966272379
3713,3478,4,966272379
3713,3844,5,966272380
3713,858,5,966272445
3713,750,4,966272622
3713,260,5,966272622
3713,1200,4,966272622
3713,589,3,966272645
3713,3471,4,966272646
3713,2571,5,966272646
3713,1210,5,966272646
3713,1240,4,966272646
3713,1584,5,966272731
3713,32,3,966272731
3713,480,3,966272747
3713,1580,4,966272747
3713,2916,4,966272747
3713,2455,3,966272767
3713,1653,4,966272783
3713,2657,4,966272783
3713,1527,3,966272783
3713,1573,3,966272797
3713,2628,5,966272812
3713,2641,4,966272812
3713,780,4,966272827
3713,1198,5,966272873
3713,110,5,966272873
3713,1387,4,966272888
3713,1291,5,966272937
3713,3578,4,966272937
3713,2948,4,966272937
3713,2949,4,966272937
3713,2993,4,966272961
3713,1610,5,966272961
3713,457,4,966272961
3713,474,4,966272961
3713,6,3,966272974
3713,21,3,966272994
3713,3256,3,966273024
3713,3635,4,966273024
3713,733,4,966273040
3713,2640,4,966273060
3713,2353,4,966273060
3713,2989,4,966273088
3713,1101,4,966273103
3713,1608,3,966273104
3713,3638,4,966273118
3713,3197,4,966273118
3713,648,4,966273131
3713,2023,3,966273131
3713,2763,4,966273151
3713,1586,3,966273164
3713,2077,4,966273190
3713,910,4,966273223
3713,1885,3,966273234
3713,1278,4,966273251
3713,916,4,966273251
3713,1230,4,966273251
3713,1235,4,966273251
3713,955,4,966273271
3713,1223,3,966273271
3713,1234,5,966273271
3713,3671,4,966273381
3713,1136,4,966273381
3713,125,3,966273381
3713,3599,3,966273381
3713,3421,4,966273393
3713,3363,4,966273393
3713,3061,4,966273421
3713,3481,4,966273421
3713,3396,5,966273421
3713,2863,3,966273436
3713,3253,4,966273449
3713,180,3,966273463
3713,2324,5,966273470
3713,2918,5,966273483
3713,3326,3,966891060
3713,595,4,966891671
3713,1271,4,966891671
3713,2671,5,966891671
3713,153,4,966891671
3713,367,4,966891671
3814,3361,4,965951974
3814,165,3,965951974
3814,1196,3,965952003
3814,2028,4,965952020
3814,3811,4,965952088
3814,3816,4,965952088
3814,1235,5,965952088
3814,3654,3,965952109
3814,1304,5,965952109
3814,529,4,965952109
3814,2959,5,965952128
3814,1230,5,965952128
3814,3809,5,965952145
3814,3836,5,965952156
3814,3639,3,965952205
3814,3812,4,965952205
3814,1374,3,965952205
3814,2000,3,965952205
3814,3770,3,965952205
3814,1625,3,965952228
3814,3263,3,965952228
3814,3763,3,965952228
3814,3640,5,965952256
3814,3649,3,965952270
3814,3635,3,965952294
3814,2001,3,965952294
3814,145,4,965952314
3814,2002,3,965952314
3814,3773,4,965952314
3814,3638,3,965952340
3814,3807,3,965952340
3814,1587,4,965952340
4088,2212,3,965429399
4088,1193,5,965429399
4088,2356,3,965429399
4088,3101,3,965429421
4088,308,3,965429421
4088,3793,3,965429471
4088,3510,5,965429471
4088,3566,4,965429471
4088,3744,3,965429471
4088,3751,5,965429471
4088,3618,5,965429493
4088,3578,5,965429493
4088,3745,3,965429493
4088,3755,3,965429513
4088,3786,5,965429527
4088,3581,3,965429549
4088,2997,4,965429588
4088,3007,5,965429588
4088,2858,5,965429588
4088,3147,4,965429588
4088,3052,5,965429610
4088,3055,5,965429610
4088,3174,4,965429610
4088,3186,5,965429610
4088,2976,3,965429622
4088,3081,3,965429638
4088,3273,3,965429656
4088,3276,3,965429667
4088,1639,5,965429705
4088,2959,5,965429705
4088,1077,5,965429729
4088,454,3,965429748
4088,2355,4,965429748
4088,3044,5,965429766
4088,1354,4,965429766
4088,1732,4,965429766
4088,1484,4,965429779
4088,2171,3,965429791
4088,2507,5,965429824
4088,2290,4,965429860
4088,736,3,965429876
4088,3770,3,965429890
4088,3328,4,965429981
4088,3535,3,965429981
4088,3571,5,965429981
4088,3182,3,965429989
4088,3623,4,965430008
4088,3300,3,965430008
4088,3319,5,965430008
4088,714,5,965430121
4088,3265,4,965430160
4088,1824,3,965430160
4088,296,5,965430160
4088,2330,5,965430160
4088,318,4,965430160
4088,1213,5,965430160
4088,1865,3,965430178
4088,306,5,965430178
4088,50,5,965430178
4088,1617,5,965430194
4088,246,5,965430194
4088,720,4,965430215
4088,1147,5,965430215
4088,1912,3,965430215
4088,2599,5,965430215
4088,247,5,965430229
4088,2762,3,965430229
4088,2908,5,965430245
4088,1233,5,965430245
4088,608,5,965430262
4088,527,5,965430262
4088,1175,5,965430282
4088,1358,5,965430282
4088,2542,5,965430282
4088,29,5,965430282
4088,778,5,965430294
4088,34,3,965430307
4088,1310,5,965430323
4088,800,5,965430323
4088,176,4,965430336
4088,2395,5,965430355
4088,1056,3,965430355
4088,1089,5,965430355
4088,1266,3,965430371
4088,449,5,965430371
4088,2571,5,965430371
4088,223,5,965430383
4088,1704,4,965430383
4088,678,3,965430405
4088,1361,5,965430405
4088,2700,4,965430405
4088,25,5,965430405
4088,441,3,965430417
4088,2028,4,965430417
4088,561,3,965430426
4088,3006,5,965430453
4088,1179,3,965430453
4088,3160,5,965430453
4088,1923,4,965430453
4088,32,5,965430453
4088,97,5,965430453
4088,1625,4,965430476
4088,125,4,965430476
4088,589,4,965430531
4088,1,4,965430531
4088,457,4,965430531
4088,1500,5,965430531
4088,337,3,965430531
4088,1449,5,965430561
4088,1594,5,965430561
4088,2596,4,965430561
4088,2291,4,965430578
4088,3476,4,965430578
4088,1094,3,965430578
4088,2321,3,965430596
4088,1914,3,965430596
4088,1050,3,965430596
4088,663,3,965430619
4088,164,5,965430619
4088,3267,3,965430742
4088,562,5,965430742
4088,1245,4,965430742
4088,493,4,965430759
4088,2324,4,965430759
4088,21,5,965430759
4088,1635,4,965430779
4088,1673,5,965430779
4088,1563,3,965430779
4088,101,4,965430793
4088,2759,4,965430793
4088,1466,3,965430809
4088,1633,5,965430809
4088,16,3,965430809
4088,1171,5,965430831
4088,2318,5,965430831
4088,1392,4,965430831
4088,163,3,965430831
4088,233,4,965430856
4088,268,3,965430856
4088,1343,5,965430856
4088,41,5,965430856
4088,1729,5,965430870
4088,1753,4,965430870
4088,215,3,965430883
4088,180,4,965430883
4088,1399,3,965430899
4088,39,3,965430899
4088,1060,5,965430899
4088,1682,4,965430910
4088,2439,4,965430925
4088,2108,4,965430959
4088,1902,5,965430959
4088,322,5,965430959
4088,194,5,965430959
4088,2702,3,965430989
4088,781,3,965431003
4088,2712,4,965431003
4088,1447,3,965431020
4088,281,3,965431020
4088,1584,3,965431020
4088,1120,3,965431032
4088,2295,5,965431048
4088,1897,5,965431048
4088,988,3,965431063
4088,156,3,965431063
4088,300,4,965431078
4088,187,4,965431078
4088,2166,4,965431085
4088,3255,3,965431106
4088,1875,4,965431106
4088,2763,3,965431106
4088,2427,5,965431120
4088,3178,3,965431120
4088,764,5,965431133
4088,2167,4,965431133
4088,1701,4,965431151
4088,150,3,965431151
4088,2583,3,965431151
4088,2916,4,965431151
4088,1370,3,965431164
4088,2232,3,965431182
4088,831,3,965431182
4088,490,4,965431196
4088,1840,3,965431215
4088,1357,4,965431215
4088,1721,3,965431215
4088,1580,4,965431215
4088,1747,3,965431232
4088,1034,4,965431247
4088,52,4,965431247
4088,357,3,965431266
4088,2331,4,965431279
4088,2434,3,965431292
4088,851,4,965431292
4088,1356,3,965431309
4088,2353,4,965431309
4088,1748,3,965431309
4088,2710,4,965431309
4088,1498,3,965431337
4088,372,4,965431337
4088,2490,4,965431357
4088,2305,5,965431357
4088,141,4,965431357
4088,2590,5,965431357
4088,2435,3,965431386
4088,1183,3,965431386
4088,1441,3,965431402
4088,1836,5,965431402
4088,661,3,965431402
4088,3272,4,965431416
4088,2707,3,965431416
4088,509,4,965431416
4088,165,4,965431428
4088,2278,5,965431440
4088,1680,4,965431474
4088,1391,3,965431474
4088,1051,4,965431474
4088,733,4,965431490
4088,1527,3,965431490
4088,551,5,965431490
4088,785,3,965431507
4088,2880,3,965431507
4088,2723,3,965431507
4088,253,3,965431523
4088,480,3,965431523
4088,1119,5,965431544
4088,100,3,965431544
4088,62,5,965431557
4088,1597,3,965431586
4088,198,3,965431586
4088,1777,3,965431602
4088,1464,5,965431615
4088,1627,3,965431631
4088,3557,3,965431631
4088,2713,3,965431643
4088,2884,3,965431664
4088,1320,3,965431664
4088,532,3,965431664
4088,838,4,965431683
4088,2539,3,965431683
4088,157,4,965431683
4088,1377,3,965431698
4088,1676,4,965431712
4088,1573,3,965431712
4088,653,3,965431727
4088,2600,4,965431742
4088,2706,3,965431742
4088,2231,4,965431780
4088,1608,3,965431796
4088,1552,3,965431796
4088,81,3,965431796
4088,1614,3,965431899
4088,874,3,965431899
4088,1485,3,965431914
4088,2504,4,965431914
4088,2424,3,965431937
4088,3107,3,965431937
4088,1000,3,965431937
4088,380,3,965431937
4088,574,3,965431951
4088,282,3,965431951
4088,1513,3,965431951
4088,1352,3,965431968
4088,1713,3,965431968
4088,333,3,965431968
4088,1404,4,965431994
4088,2325,3,965431994
4088,1717,3,965431994
4088,3127,3,965432010
4088,1711,3,965432010
4088,1339,3,965432035
4088,2271,3,965432083
4088,95,3,965432110
4088,196,3,965432126
4088,2492,3,965432142
4088,725,4,965432161
4088,2873,3,965432161
4088,2249,3,965432183
4088,3274,3,965432197
4088,199,5,965432197
4088,786,3,965432264
4088,2,3,965432366
4088,707,3,965432379
4088,1442,3,965432396
4088,394,5,965432429
4088,444,3,965432475
4088,1920,4,965432475
4088,1856,3,965432491
4088,1590,3,965432533
4088,1583,3,965432551
4088,1735,3,965432551
4088,2986,3,965432566
4088,2500,3,965432771
4088,882,3,965432842
4088,3848,3,965433002
4088,55,3,965433129
4088,877,4,965433189
4088,3869,3,966800794
4088,3863,4,966800826
4088,3864,4,966800826
4088,3868,3,966800826
4088,3858,4,966800843
4088,3791,3,966802014
4150,3489,3,965340411
4150,1744,3,965340411
4150,1968,4,965340411
4150,237,3,965340484
4150,2058,4,965340485
4150,3099,3,965340485
4150,2120,3,965340485
4150,3360,5,965340485
4150,1193,5,965340814
4150,50,5,965340814
4150,1198,5,965340847
4150,318,4,965340847
4150,260,5,965340883
4150,246,3,965340924
4150,1196,4,965340924
4150,1287,4,965340969
4150,934,3,965340969
4150,110,4,965340969
4150,678,4,965341090
4150,3121,3,965341090
4150,2028,4,965341090
4150,3095,4,965341132
4150,2716,4,965341132
4150,1957,3,965341132
4150,541,5,965341132
4150,750,3,965341177
4150,2762,5,965341177
4150,2728,4,965341209
4150,2313,3,965341248
4150,1036,3,965341248
4150,593,4,965341289
4150,1276,5,965341289
4150,1214,4,965341289
4150,3198,5,965341330
4150,47,3,965341330
4150,2788,4,965341330
4150,1294,4,965341373
4150,1203,3,965341373
4150,858,5,965341419
4150,1394,4,965341419
4150,3361,4,965341419
4150,1931,3,965341419
4150,3471,4,965341459
4150,3217,3,965341507
4150,2858,3,965341507
4150,1221,4,965341507
4150,1272,4,965341571
4150,2501,3,965341571
4150,1079,4,965341571
4150,1250,5,965341616
4150,3653,3,965341616
4150,608,3,965341616
4150,1185,4,965341616
4150,1945,3,965341616
4150,1104,3,965341660
4150,1090,4,965341660
4150,1242,4,965341660
4150,1206,3,965341697
4150,1207,4,965341697
4150,111,4,965341764
4150,36,3,965341764
4150,1222,5,965341764
4150,1304,5,965341805
4150,1197,4,965341805
4150,2761,3,965341805
4150,3037,3,965341874
4150,3508,5,965341874
4150,1208,4,965341874
4150,590,3,965341912
4150,923,4,965341912
4150,3468,5,965341912
4150,1437,3,965341951
4150,1797,4,965341951
4150,1240,3,965341951
4150,1247,3,965341990
4150,924,4,965342026
4150,1120,3,965342026
4150,32,3,965342026
4150,3105,3,965342067
4150,3702,4,965342098
4150,1136,4,965342134
4150,2959,3,965342205
4150,1288,3,965342247
4150,3062,4,965342247
4150,2155,3,965342307
4150,1293,3,965342336
4150,2922,4,965342370
4150,2871,4,965342407
4150,1201,5,965342407
4150,1387,4,965342495
4150,3213,3,965342533
4150,2467,3,965342570
4150,3363,3,965342602
4150,3760,5,965342631
4150,1923,4,965342667
4150,2819,3,965342704
4150,2918,4,965342704
4150,3836,5,965342732
4150,1270,4,965342767
4150,3527,3,965342767
4150,1732,4,965342809
4150,3578,4,965342836
4150,1374,5,965342867
4150,940,3,965342902
4150,1619,3,965342929
4150,3494,4,965342929
4150,2866,3,965342962
4150,1393,3,965342962
4150,3039,3,965343001
4150,151,4,965343001
4150,2427,3,965343062
4150,1500,3,965343062
4150,3505,4,965343091
4150,104,4,965343138
4150,1097,4,965343248
4150,3798,3,965343361
4150,1297,3,965343361
4150,150,4,965343391
4150,2109,5,965343450
4150,180,3,965343450
4150,2991,4,965343517
4150,3098,4,965343517
4150,3263,3,965343615
4150,480,4,965343654
4150,3635,5,965343693
4150,1307,3,965343693
4150,1253,4,965343775
4150,281,3,965343885
4150,3074,4,965343985
4150,1356,4,965343985
4150,1246,3,965343985
4150,3793,4,965344020
4150,1747,4,965344020
4150,2006,4,965344056
4150,1220,5,965344056
4150,1883,3,965344090
4150,3688,3,965344090
4150,3168,4,965344131
4150,2395,3,965344131
4150,3396,3,965344164
4150,2018,3,965344199
4150,2050,3,965344240
4150,2431,4,965344286
4150,1275,4,965344323
4150,1012,3,965344367
4150,1954,5,965344457
4150,1077,3,965344457
4150,3682,4,965344490
4150,440,3,965344531
4150,1343,3,965344565
4150,3450,4,965344641
4150,1124,3,965344641
4150,2001,3,965344641
4150,2985,3,965344641
4150,253,3,965344717
4150,1376,4,965344717
4150,1672,3,965344759
4150,474,4,965344759
4150,2406,3,965344795
4150,2640,4,965344795
4150,592,3,965344837
4150,3448,4,965344837
4150,161,4,965344837
4150,2795,5,965344917
4150,3366,4,965344949
4150,367,4,965344949
4150,3203,3,965344994
4150,105,3,965344994
4150,1943,4,965344994
4150,3633,3,965345029
4150,3699,3,965345029
4150,2746,3,965345029
4150,2993,4,965345072
4150,3174,4,965345072
4150,2527,3,965345072
4150,3082,4,965345117
4150,2312,4,965345117
4150,349,5,965345117
4150,3255,3,965345154
4150,1380,4,965345154
4150,507,3,965345154
4150,3256,5,965345192
4150,2021,4,965345192
4150,3639,4,965345230
4150,454,3,965345230
4150,2136,3,965345230
4150,1441,3,965345283
4150,539,3,965345283
4150,1805,3,965345317
4150,2115,3,965345317
4150,991,4,965345383
4150,1019,3,965345383
4150,2455,3,965345425
4150,3175,4,965345425
4150,3506,4,965345425
4150,1088,3,965345425
4150,3252,4,965345458
4150,3430,3,965345458
4150,3107,3,965345458
4150,1457,3,965345607
4150,1302,4,965345644
4150,2968,3,965345644
4150,3478,3,965345686
4150,3704,3,965345686
4150,2669,4,965345747
4150,10,4,965345747
4150,3253,4,965345780
4150,2581,3,965345812
4150,372,3,965345843
4150,2423,4,965345885
4150,2470,3,965345885
4150,3608,3,965345885
4150,2111,3,965345885
4150,2528,3,965345885
4150,1286,3,965345946
4150,2476,4,965345982
4150,2617,3,965346022
4150,3078,3,965346061
4150,361,3,965346061
4150,2419,3,965346101
4150,2118,3,965346101
4150,3108,3,965346199
4150,1962,4,965346199
4150,1777,4,965346236
4150,2278,5,965346286
4150,1645,3,965346286
4150,1377,3,965346286
4150,1608,4,965346322
4150,3441,4,965346322
4150,16,4,965346382
4150,2628,4,965346420
4150,3477,4,965346420
4150,2883,3,965346420
4150,1375,4,965346447
4150,316,3,965346486
4150,3809,3,965346528
4150,3197,4,965346528
4150,1909,3,965346528
4150,1049,3,965346528
4150,3033,4,965346566
4150,2005,3,965346566
4150,2011,3,965346566
4150,500,4,965346631
4150,2490,4,965346661
4150,2539,3,965346661
4150,3070,3,965346699
4150,2301,4,965346699
4150,1876,3,965346782
4150,1587,3,965346782
4150,494,3,965346897
4150,2401,4,965346951
4150,2474,4,965346990
4150,605,3,965346990
4150,2533,4,965346990
4150,785,4,965347021
4150,2530,4,965347021
4150,1407,3,965349178
4150,1792,3,965349178
4150,2976,3,965349352
4150,2641,4,965349399
4150,380,3,965349437
4150,2297,4,965349483
4150,1835,4,965349483
4150,333,4,965349483
4150,1552,3,965349529
4150,141,3,965349529
4150,2772,3,965349529
4150,1093,4,965349529
4150,1385,3,965349688
4150,3519,5,965349688
4150,780,4,965349719
4150,2116,5,965349719
4150,2150,4,965349748
4150,1620,4,965349782
4150,2420,3,965349849
4150,648,3,965349849
4150,3142,3,965349849
4150,344,4,965349849
4150,2826,4,965349920
4150,282,3,965349964
4150,3577,3,965349964
4150,2496,3,965350029
4150,3524,4,965350029
4150,368,4,965350029
4150,329,4,965350074
4150,725,3,965352039
4150,2560,3,965352039
4150,2012,3,965352039
4150,1485,4,965352104
4150,3528,3,965352104
4150,2134,3,965352205
4150,586,3,965352296
4150,3254,3,965352336
4150,1894,3,965352336
4150,2889,4,965352438
4150,1327,3,965352479
4150,1405,3,965352514
4150,1027,3,965352559
4150,1468,3,965352560
4150,1488,4,965352688
4150,2376,3,965352688
4150,1911,3,965352752
4150,3208,3,965352828
4150,370,3,965352828
4150,2605,4,965352877
4150,277,3,965352877
4150,131,4,965352915
4150,2082,3,965352955
4150,2367,3,965352955
4150,1298,4,965352994
4150,3643,4,965353044
4150,2105,3,965353044
4150,3301,3,965353044
4150,3064,3,965353087
4150,881,3,965353125
4150,1390,3,965353175
4150,2524,4,965353175
4150,520,4,965353175
4150,1687,3,965353217
4150,1044,4,965353217
4150,2424,3,965353262
4150,3791,4,965353314
4150,2875,3,965353314
4150,3698,3,965353314
4150,2195,3,965353314
4150,376,3,965353314
4150,1409,3,965353411
4150,231,4,965353411
4150,2311,4,965353411
4150,2374,3,965353411
4150,2881,3,965353453
4150,2249,3,965353494
4150,2405,3,965353546
4150,436,3,965353590
4150,3156,4,965353590
4150,303,3,965353590
4150,3274,3,965353631
4150,248,3,965353688
4150,3834,3,965353688
4150,2513,4,965353688
4150,2796,3,965353688
4150,2375,3,965353734
4150,354,5,965353734
4187,902,5,965326234
4187,922,4,965326234
4187,1465,4,965326299
4187,50,5,965326299
4187,1226,4,965326299
4187,1366,5,965326299
4187,3094,4,965326398
4187,926,3,965326450
4187,1087,4,965326450
4187,14,5,965326479
4187,1206,4,965326479
4187,1939,4,965326500
4187,1927,4,965326530
4187,912,5,965326566
4187,211,4,965326566
4187,3435,4,965326566
4187,3461,5,965326566
4187,1254,5,965326566
4187,1233,4,965326607
4187,1235,5,965326607
4187,1189,4,965326633
4187,1260,5,965326651
4187,904,5,965326700
4187,1207,5,965326700
4187,1284,5,965326732
4187,1945,5,965326772
4187,3468,5,965326792
4187,3035,5,965326824
4187,1169,4,965326824
4187,1952,5,965326824
4187,1250,5,965326824
4187,1940,5,965326857
4187,2762,5,965326857
4187,3735,5,965326857
4187,1104,5,965326899
4187,1942,5,965326899
4187,919,5,965326941
4187,3462,5,965326985
4187,1281,5,965326985
4187,1076,5,965326985
4187,596,4,965327042
4187,908,5,965327042
4187,3093,4,965327042
4187,3789,5,965327065
4187,930,5,965327065
4187,3196,5,965327065
4187,950,4,965327115
4187,1237,5,965327115
4187,899,5,965327115
4187,2396,3,965327115
4187,933,5,965327145
4187,2858,5,965327145
4187,1944,5,965327145
4187,3307,5,965327145
4187,1230,5,965327178
4187,905,5,965327221
4187,951,3,965327221
4187,972,4,965327221
4187,1219,5,965327221
4187,1262,5,965327221
4187,2313,5,965327221
4187,2919,5,965327236
4187,924,3,965327254
4187,3783,5,965327902
4187,3185,4,965327929
4289,1460,4,965274965
4289,2520,4,965274965
4289,1923,5,965274965
4289,1968,4,965274991
4289,3258,4,965274991
4289,3793,5,965275065
4289,1196,4,965275175
4289,3608,3,965275175
4289,1394,5,965275175
4289,541,4,965275175
4289,1197,5,965275189
4289,1198,5,965275189
4289,2968,4,965275204
4289,1186,3,965275233
4289,1240,4,965275233
4289,3210,4,965275233
4289,3039,4,965275262
4289,1199,4,965275262
4289,1210,5,965275262
4289,1291,5,965275262
4289,2000,5,965275262
4289,1261,4,965275283
4289,2301,3,965275283
4289,2716,5,965275283
4289,3070,3,965275301
4289,1286,5,965275301
4289,592,5,965275327
4289,2518,5,965275327
4289,1222,4,965275327
4289,1097,5,965275327
4289,2401,4,965275347
4289,1220,3,965275347
4289,3235,3,965275347
4289,2987,4,965275365
4289,2750,3,965275365
4289,3505,4,965275393
4289,1965,3,965275393
4289,2241,5,965275393
4289,1663,4,965275393
4289,3479,5,965275409
4289,2867,5,965275409
4289,3444,4,965275449
4289,2872,4,965275449
4289,2144,4,965275449
4289,2173,4,965275449
4289,1297,5,965275449
4289,2795,5,965275449
4289,3448,5,965275468
4289,2140,3,965275468
4289,3688,4,965275468
4289,1101,5,965275495
4289,1129,5,965275495
4289,1307,4,965275495
4289,2376,3,965275495
4289,2797,4,965275495
4289,1127,5,965275517
4289,1330,5,965275517
4289,1374,4,965275517
4289,1088,4,965275517
4289,2414,4,965275543
4289,2100,5,965275543
4289,1376,5,965275543
4289,2193,4,965275565
4289,3527,5,965275565
4289,2003,5,965275565
4289,3101,3,965275584
4289,3740,5,965275584
4289,2134,4,965275605
4289,2915,4,965275605
4289,2746,5,965275605
4289,1081,5,965275605
4289,2474,3,965275627
4289,2150,4,965275627
4289,2261,4,965275627
4289,2001,4,965275627
4289,3441,3,965275665
4289,2370,4,965275665
4289,3703,5,965275665
4289,3071,4,965275698
4289,2846,3,965275698
4289,2115,3,965275698
4289,2118,4,965275698
4289,1275,5,965275698
4289,1378,4,965275698
4289,3087,5,965275721
4289,1994,3,965275721
4289,3699,4,965275721
4289,3701,4,965275721
4289,2794,4,965275721
4289,3480,4,965275739
4289,3591,4,965275739
4289,2455,4,965275763
4289,2105,4,965275763
4289,2111,4,965275763
4289,2641,4,965275763
4289,2311,4,965275763
4289,2423,4,965275787
4289,2470,5,965275787
4289,2985,5,965275787
4289,3385,3,965275787
4289,2453,4,965275813
4289,2815,3,965275813
4289,3576,4,965275813
4289,2372,4,965275813
4289,2420,4,965275831
4289,2476,4,965275831
4289,2011,4,965275831
4289,2406,5,965275857
4289,2407,3,965275857
4289,3442,3,965275857
4289,2021,3,965275857
4289,2463,4,965275879
4289,1091,4,965275892
4289,2421,3,965275917
4289,610,3,965275917
4289,3501,4,965275917
4289,2902,3,965275917
4289,2403,4,965275936
4289,2378,4,965275936
4289,3698,4,965275953
4289,2735,4,965275953
4289,2088,3,965275977
4289,2468,4,965275977
4289,2473,3,965275977
4289,2478,3,965275977
4289,2513,4,965275999
4289,2374,4,965275999
4289,2717,4,965275999
4289,2072,3,965276023
4289,2405,3,965276023
4289,2668,3,965276023
4289,3708,5,965276023
4289,2787,3,965276023
4289,2375,3,965276037
4289,2410,3,965276071
4289,2471,4,965276096
4289,2259,4,965276096
4289,2642,4,965276111
4289,2411,3,965276131
4289,1373,3,965276151
4289,2402,3,965276188
4289,2404,4,965276188
4289,2477,3,965276188
4289,2408,3,965276210
4289,2119,3,965276279
4301,1617,4,965266963
4301,3726,4,965266963
4301,2872,5,965266988
4301,356,5,965266988
4301,3619,4,965267060
4301,2890,5,965267136
4301,110,5,965267136
4301,161,4,965267136
4301,527,5,965267136
4301,2028,5,965267136
4301,1408,4,965267152
4301,2427,3,965267152
4301,3578,5,965267314
4301,3751,5,965267314
4301,3753,5,965267334
4301,3785,5,965267334
4301,912,4,965487030
4301,3811,5,965487030
4301,1927,5,965487030
4301,1939,5,965487030
4301,1204,5,965487030
4301,1250,5,965487030
4301,1299,4,965487030
4301,1178,5,965487067
4301,1196,3,965487067
4301,1200,5,965487067
4301,1208,5,965487067
4301,1222,5,965487067
4301,1233,5,965487067
4301,750,5,965487067
4301,3367,4,965487067
4301,3196,5,965487081
4301,1090,5,965487081
4301,1183,3,965487096
4301,1242,5,965487096
4377,3028,4,965176377
4377,3101,4,965176377
4377,1626,3,965176377
4377,879,4,965176377
4377,3052,3,965176464
4377,3082,4,965176464
4377,3081,4,965176500
4377,3186,5,965176500
4377,3355,4,965176500
4377,3145,3,965176537
4377,3156,5,965176537
4377,3452,4,965176588
4377,2976,3,965176588
4377,3225,4,965176588
4377,3273,5,965176588
4377,3301,5,965176588
4377,3324,3,965176615
4377,589,4,965176710
4377,2571,4,965176710
4377,10,4,965176710
4377,1610,5,965176710
4377,457,5,965176710
4377,480,5,965176710
4377,2028,5,965176710
4377,648,4,965176748
4377,3107,4,965176748
4377,1608,4,965176748
4377,2278,3,965176748
4377,3256,4,965176748
4377,474,4,965176748
4377,1370,4,965176748
4377,1912,3,965176783
4377,2916,5,965176783
4377,377,4,965176783
4377,2628,4,965176783
4377,1722,4,965176783
4377,1527,4,965176830
4377,316,4,965176830
4377,349,4,965176830
4377,736,5,965176830
4377,2763,4,965176830
4377,2002,5,965176830
4377,2058,5,965176870
4377,1866,3,965176870
4377,2167,4,965176870
4377,780,5,965176870
4377,163,3,965176870
4377,1049,5,965176870
4377,517,5,965176870
4377,6,5,965176915
4377,1488,5,965176915
4377,292,4,965176915
4377,1918,5,965176915
4377,1385,4,965176915
4377,165,4,965176915
4377,1876,5,965176977
4377,1591,3,965176977
4377,353,4,965176977
4377,1215,5,965176977
4377,2617,4,965176977
4377,112,3,965176977
4377,145,5,965176977
4377,2023,5,965176977
4377,1833,5,965177015
4377,1573,4,965177015
4377,2540,5,965177015
4377,434,3,965177015
4377,548,3,965177015
4377,1801,5,965177066
4377,1552,5,965177066
4377,1320,3,965177066
4377,1047,5,965177066
4377,2006,4,965177066
4377,1597,5,965177149
4377,786,4,965177149
4377,2625,3,965177149
4377,170,5,965177149
4377,2826,5,965177203
4377,315,4,965177203
4377,387,4,965177203
4377,1379,3,965177203
4377,1769,5,965177203
4377,1100,5,965177256
4377,1917,5,965177256
4377,1676,5,965177256
4377,1690,3,965177256
4377,1590,4,965177324
4377,44,4,965177324
4377,1792,5,965177324
4377,511,5,965177324
4377,547,3,965177324
4377,1429,3,965177402
4377,227,4,965177402
4377,2881,4,965177402
4377,653,5,965177402
4377,70,5,965177402
4377,494,4,965177402
4377,2334,4,965177402
4377,522,5,965177402
4377,1544,5,965177444
4377,2965,3,965177444
4377,748,4,965177444
4377,1667,3,965177444
4377,1681,3,965177444
4377,1687,4,965177444
4377,2699,4,965177444
4377,1762,4,965177444
4377,2722,4,965177444
4377,2427,3,965177514
4377,990,3,965177514
4377,1518,4,965177514
4377,95,5,965177514
4377,3705,4,965177514
4377,1432,3,965177553
4377,1497,3,965177553
4377,1586,5,965177553
4377,3697,4,965177553
4377,1479,4,965177597
4377,996,5,965177597
4377,1867,4,965177597
4377,2126,3,965177597
4377,1869,3,965177643
4377,303,4,965177643
4377,1391,5,965177643
4377,1037,3,965177643
4377,544,5,965177643
4377,694,4,965177672
4377,485,4,965177672
4377,1744,4,965177672
4377,1431,3,965177782
4377,1438,4,965177782
4377,611,5,965177782
4377,405,4,965177782
4377,2322,4,965177782
4377,168,4,965177782
4377,1004,4,965177782
4377,3113,4,965177833
4377,420,3,965177833
4377,849,4,965177833
4377,1499,4,965177913
4377,204,4,965177913
4377,1882,5,965177913
4377,71,4,965177913
4377,2986,3,965177913
4377,1752,4,965177913
4377,1831,4,965177987
4377,2808,5,965177987
4377,2568,3,965177987
4377,327,5,965177987
4377,2701,3,965177987
4377,2170,3,965178027
4377,737,3,965178027
4377,1772,3,965178053
4404,1193,5,965155999
4404,1210,3,965155999
4404,1227,4,965155999
4404,3052,4,965156042
4404,2858,5,965156042
4404,3179,4,965156042
4404,2997,5,965156042
4404,3147,5,965156057
4404,2889,4,965156080
4404,3174,3,965156080
4404,3175,4,965156080
4404,3189,3,965156080
4404,3081,5,965156104
4404,3186,3,965156104
4404,3298,4,965156104
4404,3051,3,965156128
4404,3146,4,965156128
4404,3276,3,965156128
4404,296,5,965156202
4404,318,5,965156202
4404,608,3,965156234
4404,50,5,965156338
4404,1213,4,965156349
4404,593,5,965156422
4404,3114,5,965156422
4404,2908,5,965156422
4404,1617,5,965156466
4404,2028,5,965156484
4404,475,5,965156508
4404,2692,4,965156520
4404,1358,5,965156542
4404,3006,4,965156543
4404,1635,4,965156543
4404,1885,4,965156586
4404,25,5,965156586
4404,52,4,965156586
4404,800,5,965156586
4404,2599,4,965156587
4404,589,4,965156603
4404,2324,5,965156603
4404,1266,4,965156615
4404,2890,5,965156629
4404,2762,5,965156629
4404,1916,3,965156649
4404,36,4,965156649
4404,3246,4,965156649
4404,2396,4,965156649
4404,3160,5,965156673
4404,2959,5,965156673
4404,1694,5,965156673
4404,1797,4,965156673
4404,778,5,965156687
4404,1633,5,965156703
4404,2702,5,965156703
4404,3386,4,965156703
4404,110,5,965156715
4404,3178,5,965156734
4404,39,3,965156734
4404,47,5,965156734
4404,2291,5,965156752
4404,457,4,965156752
4404,1094,3,965156752
4404,2580,4,965156781
4404,1215,4,965156781
4404,2336,4,965156781
4404,1923,5,965156792
4404,364,5,965156804
4404,1466,5,965156821
4404,223,4,965156821
4404,1840,4,965156821
4404,1183,5,965156846
4404,2912,3,965156846
4404,2355,4,965156846
4404,1784,4,965156846
4404,590,3,965156867
4404,300,4,965156867
4404,3253,3,965156867
4404,2718,5,965156867
4404,6,3,965156882
4404,1729,3,965156882
4404,1641,4,965156894
4404,595,5,965156909
4404,1465,4,965156909
4404,21,3,965156929
4404,1653,4,965156929
4404,474,4,965156929
4404,733,4,965156946
4404,514,3,965156946
4404,1500,4,965156963
4404,16,5,965156982
4404,1245,4,965156982
4404,2282,3,965156982
4404,1883,5,965157036
4404,358,3,965157036
4404,714,4,965157036
4404,553,5,965157036
4404,1807,4,965157052
4404,2427,4,965157070
4404,441,4,965157070
4404,1732,5,965157070
4404,3261,4,965157092
4404,1673,5,965157092
4404,440,4,965157092
4404,454,3,965157092
4404,508,5,965157092
4404,353,5,965157105
4404,1693,5,965157105
4404,3053,4,965157144
4404,3466,4,965157144
4404,431,4,965157144
4404,1517,3,965157159
4404,480,5,965157159
4404,2841,5,965157176
4404,2112,3,965157176
4404,2502,4,965157176
4404,349,3,965157191
4404,1589,3,965157212
4404,280,4,965157228
4404,3107,4,965157228
4404,350,3,965157241
4404,1845,4,965157279
4404,1339,3,965157279
4404,875,3,965157279
4404,164,3,965157292
4404,3378,3,965157303
4404,1672,4,965157334
4404,805,5,965157334
4404,1343,4,965157351
4404,180,3,965157351
4404,104,4,965157368
4404,2433,3,965157385
4404,292,3,965157385
4404,671,4,965157385
4404,1670,3,965157408
4404,3426,4,965157430
4404,45,3,965157430
4404,1268,4,965157444
4404,3809,4,965157459
4404,802,3,965157459
4404,1834,5,965157465
4404,2439,4,965157491
4404,11,3,965157491
4404,3270,3,965157491
4404,491,3,965157491
4404,2706,4,965157491
4404,1092,4,965157491
4404,2236,3,965157515
4404,785,5,965157515
4404,1777,4,965157515
4404,2058,4,965157540
4404,1370,3,965157540
4404,1816,4,965157568
4404,141,3,965157584
4404,999,3,965157613
4404,1563,3,965157628
4404,2231,4,965157628
4404,587,3,965157645
4404,500,3,965157645
4404,2836,4,965157669
4404,2125,3,965157669
4404,368,3,965157669
4404,145,3,965157685
4404,1810,4,965157703
4404,1527,5,965157703
4404,991,4,965157742
4404,2707,3,965157742
4404,524,4,965157742
4404,3764,3,965157768
4404,231,4,965157783
4404,2539,4,965157783
4404,1414,4,965157799
4404,380,3,965157799
4404,1049,3,965157799
4404,2356,3,965157831
4404,3249,3,965157848
4404,2699,3,965157848
4404,3272,3,965157871
4404,1711,3,965157889
4404,253,4,965157907
4404,81,4,965157922
4404,1754,3,965157922
4404,2710,3,965157939
4404,2424,3,965157960
4404,1762,4,965157960
4404,3,3,965157972
4404,1552,3,965157988
4404,1385,3,965157988
4404,550,3,965158002
4404,2672,3,965158016
4404,372,3,965158031
4404,539,4,965158031
4404,1876,4,965158054
4404,1620,3,965158054
4404,3557,3,965158067
4404,1485,3,965158080
4404,344,5,965158099
4404,466,3,965158121
4404,2387,3,965158121
4404,1615,3,965158134
4404,89,3,965158148
4404,784,4,965158163
4404,1513,3,965158171
4404,2296,3,965158198
4404,3274,3,965158198
4404,1367,3,965158198
4404,333,4,965158255
4404,1609,3,965158255
4404,2271,4,965158255
4404,2128,3,965158294
4404,1523,3,965158294
4404,2688,3,965158294
4404,3117,3,965158310
4404,3005,3,965158329
4404,1779,3,965158348
4404,662,3,965158381
4404,1783,4,965158404
4404,1866,3,965158451
4404,2,3,965158489
4404,719,4,965158489
4404,1409,3,965158506
4404,1658,3,965158506
4404,177,3,965158543
4404,2002,3,965158565
4404,2822,3,965158676
4404,1442,3,965158705
4404,2188,3,965158735
4404,2389,4,965158754
4404,2597,3,965158777
4404,31,3,965158883
4404,1918,3,965158935
4404,542,4,965158935
4404,2840,4,965159011
4404,2793,3,965159046
4404,1591,4,965159124
4404,2561,4,965159201
4404,433,3,965159253
4404,3793,5,965159369
4404,3751,4,965159369
4404,3177,3,965159409
4404,3744,4,965159461
4404,3785,5,965159505
4404,3355,3,965159528
4473,527,5,965062769
4473,1210,3,965062792
4473,1272,5,965062846
4473,3510,4,965062914
4473,3578,4,965062914
4473,3751,4,965062914
4473,3617,4,965062935
4473,3618,4,965062935
4473,3718,4,965062969
4473,1306,3,965063063
4473,602,4,965063102
4473,593,5,965063128
4473,318,5,965063128
4473,1617,5,965063128
4473,1148,5,965063151
4473,2966,4,965063151
4473,246,5,965063346
4473,608,4,965063346
4473,34,5,965063346
4473,50,4,965063346
4473,720,5,965063346
4473,3429,3,965063372
4473,306,3,965063372
4473,2677,4,965063372
4473,2997,5,965063393
4473,2762,5,965063412
4473,1223,4,965063438
4473,1,4,965063468
4473,1265,5,965063468
4473,319,4,965063497
4473,296,4,965063523
4473,373,4,965063523
4473,3160,3,965063546
4473,2686,3,965063546
4473,1694,4,965063567
4473,247,4,965063588
4473,2692,5,965063655
4473,457,4,965063655
4473,2391,4,965063655
4473,1910,3,965063683
4473,2357,4,965063683
4473,265,3,965063721
4473,1797,3,965063721
4473,3499,4,965063744
4473,41,4,965063744
4473,462,3,965063764
4473,1111,4,965063792
4473,2355,4,965064348
4473,2493,4,965064378
4473,232,3,965064378
4473,549,3,965064378
4473,1179,3,965064396
4473,2580,3,965064418
4473,2291,4,965064418
4473,39,4,965064444
4473,2912,5,965064444
4473,448,3,965064444
4473,2501,4,965064477
4473,1923,5,965064477
4473,3271,4,965064477
4473,2333,5,965064477
4473,3253,4,965064544
4473,2725,3,965064544
4473,1095,4,965064544
4473,357,4,965064561
4473,334,3,965064584
4473,1393,4,965064584
4473,1094,3,965064606
4473,3175,5,965064629
4473,480,4,965064629
4473,551,4,965064629
4473,1834,4,965064684
4473,1639,4,965064703
4473,3181,4,965064730
4473,300,4,965064730
4473,3044,4,965064768
4473,1370,3,965064768
4473,2302,3,965065655
4473,588,4,965065766
4473,999,3,965065841
4473,348,4,965065841
4473,3255,3,965065841
4473,2690,4,965065841
4473,2442,3,965065865
4473,2278,3,965065865
4473,3105,4,965065888
4473,2359,5,965065908
4473,2609,5,965065926
4473,1466,4,965065960
4473,2394,4,965065960
4473,268,3,965065986
4473,52,4,965066083
4473,377,4,965066103
4473,2770,3,965066148
4473,349,4,965066172
4473,733,4,965066172
4473,2390,3,965066193
4473,3129,4,965066224
4473,2124,3,965066246
4473,410,4,965066246
4473,104,3,965066266
4473,2294,4,965066305
4473,3614,3,965066305
4473,2841,4,965066346
4473,333,3,965066346
4473,2425,3,965066388
4473,1806,5,965066388
4473,2617,4,965066407
4473,531,4,965066426
4473,95,4,965066493
4473,1722,3,965066493
4473,587,4,965066527
4473,29,4,965066527
4473,785,3,965066527
4473,454,3,965066527
4473,2600,4,965066630
4473,428,4,965066630
4473,3254,3,965066717
4473,2539,3,965066743
4473,2273,3,965066743
4473,1396,4,965066743
4473,380,3,965066817
4473,3082,4,965066828
4473,1372,4,965066924
4473,1801,3,965067014
4473,302,4,965067014
4473,2593,4,965067014
4473,2706,4,965067014
4473,1508,3,965067070
4473,1527,4,965067070
4473,2683,3,965067070
4473,3686,4,965067119
4473,43,3,965067157
4473,2723,3,965067180
4473,736,3,965067318
4473,2622,3,965067362
4473,1401,4,965067386
4473,2083,3,965067386
4473,3438,3,965067479
4473,165,4,965067524
4473,2356,3,965067598
4473,3020,4,965071027
4473,3173,4,965071027
4473,548,3,965071058
4473,1487,3,965071115
4473,379,3,965071201
4473,3489,3,965071304
4473,1918,3,965071373
4473,2002,3,965071373
4473,445,4,965071543
4473,504,3,965071543
4473,3481,4,965073084
4473,1196,3,965073341
4473,1224,4,965073341
4473,1299,5,965073341
4473,541,4,965073341
4473,1198,5,965073383
4473,1228,3,965073383
4473,1231,5,965073383
4473,3680,4,965073383
4473,3683,4,965073383
4473,3819,4,965073414
4473,1225,5,965073414
4473,1264,5,965073414
4473,1674,5,965073414
4473,1211,3,965073438
4473,1036,5,965073438
4473,1240,5,965073466
4473,1242,5,965073466
4473,1394,4,965073466
4473,1960,3,965073494
4473,3347,5,965073494
4473,1270,5,965073525
4473,1293,5,965073525
4473,3360,5,965073525
4473,1090,5,965073525
4473,3072,4,965073558
4473,1220,3,965073558
4473,3068,3,965073579
4473,2915,4,965073579
4473,1096,3,965073579
4473,3424,3,965073623
4473,2248,4,965073623
4473,1307,4,965073623
4473,2313,4,965073623
4473,2716,4,965073623
4473,2194,4,965073642
4473,3543,3,965073669
4473,1961,4,965073669
4473,1663,3,965073669
4473,2243,3,965073697
4473,3685,3,965073697
4473,3699,3,965073697
4473,2352,3,965073697
4473,2020,3,965073697
4473,2174,3,965073723
4473,3763,3,965073723
4473,3039,4,965073753
4473,2130,4,965073753
4473,2349,4,965073753
4473,3308,4,965073753
4473,2797,4,965073753
4473,2070,4,965073800
4473,3412,3,965073800
4473,2474,4,965073800
4473,3104,4,965073800
4473,3214,3,965073800
4473,1097,5,965073800
4473,2150,4,965073844
4473,3505,3,965073844
4473,1376,3,965073878
4473,3734,4,965073878
4473,3098,3,965073905
4473,2133,3,965073905
4473,2746,3,965073905
4473,1186,4,965073924
4473,2312,4,965073924
4473,2852,3,965074002
4473,1124,3,965074002
4473,2161,3,965074002
4473,2005,3,965074002
4473,2406,3,965074030
4473,3478,3,965074030
4473,2110,3,965074030
4473,1395,3,965074030
4473,1088,3,965074030
4473,3087,3,965074067
4473,2872,3,965074067
4473,2001,3,965074067
4473,2245,4,965074089
4473,2470,3,965074113
4473,2100,3,965074113
4473,2193,3,965074134
4473,1101,4,965074152
4473,2144,3,965074152
4473,2641,4,965074173
4473,2115,3,965074195
4473,1959,3,965074195
4473,2054,3,965074236
4473,2802,3,965074752
4473,3834,4,965074752
4473,2139,4,965074752
4473,3398,3,965074752
4473,2403,3,965074782
4473,2405,3,965074782
4473,1375,4,965074782
4473,2378,4,965074830
4473,2753,4,965074830
4473,2410,4,965075091
4473,2942,3,965075091
4473,2088,4,965075112
4473,2134,3,965075135
4473,3331,3,965075203
4473,2411,3,965075254
4473,858,5,965075579
4473,260,3,965075625
4473,3152,3,965075625
4473,1230,4,965075625
4473,1278,5,965075646
4473,3359,4,965075646
4473,1193,4,965075674
4473,3504,3,965075674
4473,1953,4,965075674
4473,3836,3,965075675
4473,1208,4,965075702
4473,1234,4,965075702
4473,3200,3,965075702
4473,3671,4,965075702
4473,3421,5,965075730
4473,1954,5,965075730
4473,3362,3,965075730
4473,3702,5,965075730
4473,3814,4,965075768
4473,1077,5,965075768
4473,2871,5,965075793
4473,1964,4,965075793
4473,1345,4,965075793
4473,3074,3,965075822
4473,3384,4,965075822
4473,1078,3,965075822
4473,1082,3,965075822
4473,2178,3,965075846
4473,1263,5,965075846
4473,2730,3,965075846
4473,3198,3,965075885
4473,1955,4,965075885
4473,2971,4,965075916
4473,3396,3,965075916
4473,2779,3,965075916
4473,3420,3,965075942
4473,3812,3,965075942
4473,2640,4,965075942
4473,2013,3,965075996
4473,3066,3,965076092
4473,3638,3,965076092
4473,1204,5,965076184
4473,750,3,965076184
4473,1207,4,965076209
4473,1262,4,965076209
4473,1276,4,965076209
4473,2300,4,965076209
4473,1950,4,965076246
4473,1952,3,965076246
4473,2944,4,965076246
4473,2948,3,965076246
4473,3654,4,965076246
4473,1304,4,965076246
4473,1949,4,965076266
4473,1201,3,965076266
4473,2067,4,965076294
4473,914,4,965076294
4473,924,3,965076294
4473,2529,3,965076294
4473,3681,3,965076294
4473,1333,3,965076294
4473,2949,3,965076318
4473,2969,4,965076318
4473,3507,3,965076343
4473,3634,4,965076343
4473,1028,4,965076343
4473,2085,4,965076374
4473,902,4,965076374
4473,2951,4,965076374
4473,3296,4,965076394
4473,2764,4,965076394
4473,1963,4,965076423
4473,1035,5,965076423
4473,2078,3,965076449
4473,3451,3,965076449
4473,2993,3,965076470
4473,1010,4,965076498
4473,1018,4,965076539
4473,904,4,965076584
4473,1178,3,965076620
4473,903,4,965076640
4473,2080,4,965076673
4473,2087,5,965076703
4473,1022,3,965076703
4473,2184,3,965076727
4473,2363,3,965076727
4473,2941,3,965076748
4473,2663,4,965076748
4473,2634,3,965076867
4473,3675,4,965076867
4473,2043,3,965076884
4481,1270,4,965022150
4481,1693,4,965022150
4481,3051,3,965022231
4481,260,5,965022231
4481,2144,3,965022231
4481,267,3,965022301
4481,589,4,965022404
4481,2571,4,965022404
4481,2028,5,965022404
4481,3256,3,965022436
4481,457,4,965022436
4481,1912,3,965022461
4481,377,3,965022461
4481,733,3,965022485
4481,2353,3,965022485
4481,2427,3,965022509
4481,2490,3,965022561
4481,648,3,965022561
4481,3107,4,965022561
4481,2628,4,965022602
4481,480,4,965022602
4481,2006,3,965022621
4481,2617,4,965022649
4481,1894,3,965022683
4481,1552,3,965022683
4481,736,4,965022683
4481,2858,4,965022716
4481,2396,4,965022716
4481,593,5,965022793
4481,50,4,965022793
4481,1358,4,965022793
4481,2762,4,965022793
4481,3476,4,965022825
4481,3147,4,965022825
4481,2391,3,965022825
4481,1089,3,965022825
4481,1407,4,965022842
4481,1625,3,965022857
4481,2167,3,965022905
4481,1339,4,965022905
4481,3081,3,965022940
4481,1320,4,965022940
4481,188,4,965022940
4481,253,4,965022961
4481,382,4,965022983
4481,196,3,965022983
4481,2710,3,965023010
4481,1197,4,965023049
4481,1387,4,965023049
4481,3174,3,966860745
4481,3177,3,966860745
4565,1370,3,964488269
4565,260,4,964488284
4565,3068,3,964488300
4565,1203,5,964488419
4565,924,4,964488430
4565,1243,5,964488442
4565,3402,5,964488455
4565,898,5,964488479
4565,916,5,964488497
4565,2692,5,964488514
4565,1264,5,964488522
4565,3751,4,964502525
4565,2762,5,964502543
4565,50,5,964502558
4565,1092,3,964502576
4565,1238,5,964502625
4565,3163,3,964504820
4565,2396,4,964505196
4565,527,5,964505223
4565,589,4,964505320
4565,866,4,964505538
4565,1249,5,964505557
4565,293,5,964505623
4565,3006,5,964506532
4565,2150,5,964506560
4565,3481,5,964506624
4565,95,5,964507129
4565,3623,4,964507235
4565,1218,5,964507299
4565,1197,4,964507612
4614,3072,4,964142534
4614,1230,4,964142557
4614,1097,3,964142595
4614,1252,5,964142641
4614,3788,3,964142875
4614,3148,4,964143120
4614,2236,4,964143183
4614,1183,4,964143286
4614,1727,3,964143324
4614,457,4,964143361
4614,2357,5,964143382
4614,3083,5,964143406
4614,2621,4,964143449
4614,2750,4,964143504
4614,904,4,964143571
4614,1617,5,964143571
4614,1964,4,964143594
4614,3176,4,964143639
4614,492,4,964143639
4614,2076,4,964143653
4683,2294,3,963676204
4683,260,5,963676254
4683,1210,5,963676288
4683,3484,5,963676342
4683,919,3,963676466
4683,1196,5,963676466
4683,1291,5,963676466
4683,1287,3,963676478
4683,590,5,963676506
4683,3175,5,963676526
4683,1580,3,963676543
4683,733,5,963676543
4683,2115,4,963676589
4683,2470,3,963676614
4683,1019,4,963676614
4683,648,5,963676632
4683,2617,4,963676645
4683,2414,5,963676682
4683,2161,4,963676682
4683,1544,4,963676682
4683,2054,3,963676733
4683,421,5,963676733
4683,2094,3,963676758
4683,2641,3,963676758
4683,434,4,963676784
4683,1009,5,963676784
4683,1011,3,963676784
4683,2405,4,963676802
4683,2056,5,963676826
4683,2421,5,963676826
4683,2471,3,963676847
4683,2088,5,963676909
4683,1562,4,963676909
4724,3072,4,963363419
4724,1131,4,963363442
4724,527,5,963363442
4724,3006,4,963363747
4724,2858,4,963363747
4724,1041,4,963363747
4724,265,4,963363777
4724,515,4,963363777
4724,608,4,963363829
4724,1176,4,963363829
4724,3260,4,963363829
4724,2692,5,963363860
4724,1280,5,963363898
4724,1094,4,963363898
4724,994,5,963363985
4724,2396,4,963363985
4724,309,5,963364065
4724,34,4,963364065
4724,1729,3,963364065
4724,2324,5,963364089
4724,1704,5,963364089
4724,2336,5,963364110
4724,296,4,963364192
4724,2390,5,963364192
4724,314,5,963364247
4724,2711,3,963364247
4724,1633,3,963364323
4724,529,4,963364323
4724,1678,4,963364371
4724,2359,5,963364435
4724,1179,4,963364722
4787,2067,5,962997140
4787,3077,3,962997140
4787,1897,3,962997140
4787,1193,5,962997140
4787,363,4,962997140
4787,1094,4,962997140
4787,2858,4,962997230
4787,2908,4,962997230
4787,2762,3,962997230
4787,3006,4,962997231
4787,3147,3,962997231
4787,3174,3,962997231
4787,3007,4,962997263
4787,3052,3,962997263
4787,3176,3,962997263
4787,2912,3,962997263
4787,3145,3,962997285
4787,2891,3,962997306
4787,3118,3,962997306
4787,3129,4,962997306
4787,3751,3,962997393
4787,3783,4,962997393
4787,3481,4,962997408
4821,1270,5,962918426
4821,110,5,962918448
4821,1210,3,962918468
4821,3461,4,962918552
4821,2140,4,962918583
4821,2011,3,962918583
4821,3105,5,962925316
4821,2324,5,962925316
4821,318,5,962925359
4821,593,5,962925463
4821,246,3,962925463
4821,1358,4,962925530
4821,608,4,962925605
4821,47,5,962925640
4821,1271,4,962925640
4821,590,5,962925726
4821,296,4,962925726
4821,457,5,962925726
4821,39,4,962925790
4821,356,4,962925828
4821,2310,4,962925828
4821,3259,5,962925857
4821,3418,4,962925884
4821,349,3,962925930
4821,1265,5,962925930
4821,1721,4,962925930
4821,319,3,962925968
4821,3255,4,962926043
4821,562,4,962926043
4821,11,3,962926077
4821,508,5,962926104
4821,1094,3,962926104
4821,848,3,962926136
4821,3386,3,962926136
4821,25,4,962926162
4821,36,5,962926282
4821,1784,5,962926282
4821,62,5,962926306
4821,3250,3,962926383
4821,1693,4,962926452
4821,2302,4,962926452
4821,357,4,962926536
4821,1682,4,962926671
4821,647,5,962926696
4821,3252,5,962926718
4821,1370,3,962926745
4821,1268,5,962926824
4821,1027,4,962926824
4821,440,3,962926893
4821,147,4,962926926
4821,1015,4,962926957
4821,587,4,962927074
4821,337,5,962927074
4821,832,3,962927098
4821,3450,3,962927127
4821,175,5,962927155
4821,481,3,962927251
4821,1407,4,962927274
4821,597,3,962927438
4821,1727,4,962927513
4821,3253,3,962927556
4821,45,4,962927604
4821,507,4,962927604
4821,361,4,962927657
4821,253,4,962927679
4821,372,5,962927758
4821,3274,4,962927758
4821,1343,4,962927758
4821,1792,3,962927758
4821,22,4,962927819
4821,2046,4,962927945
4821,2012,4,962927964
4821,3249,4,962928022
4821,223,3,962928106
4821,786,4,962928189
4821,2318,5,962928228
4821,382,3,962928286
4821,2249,3,962928595
4821,3247,3,962928595
4821,1608,4,962928623
4821,586,4,962928681
4821,2279,3,962928681
4821,736,4,962928713
4821,1476,3,962928758
4821,89,3,962928883
4821,376,4,962929009
4821,24,5,962929040
4821,2699,3,962929040
4821,344,4,962929090
4821,2424,4,962929150
4821,2803,3,962929221
4821,3436,3,962929265
4821,3263,3,962929265
4821,2497,4,962929391
4821,288,3,962929411
4821,574,4,962929475
4821,434,3,962929650
4821,3063,3,962929747
4821,1718,3,962929994
4821,95,3,962930154
4821,185,4,962930287
4821,3489,4,962930356
4821,1196,3,962931100
4821,1198,5,962931100
4821,1225,5,962931100
4821,2804,5,962931148
4821,3111,5,962931148
4821,1962,4,962931180
4821,1259,5,962931180
4821,1961,5,962931208
4821,3360,4,962931208
4821,1097,4,962931208
4821,2918,4,962931245
4821,1307,5,962931245
4821,1394,4,962931245
4821,1674,4,962931273
4821,2716,3,962931273
4821,2795,3,962931273
4821,2797,4,962931273
4821,1246,5,962945475
4821,3424,3,962945518
4821,1200,3,962945594
4821,1302,4,962945594
4821,3210,3,962945622
4821,1036,3,962945622
4821,2081,3,962945656
4821,3608,3,962945656
4821,2139,4,962945683
4821,2005,4,962945683
4821,1090,4,962945683
4821,3039,4,962945716
4821,3527,3,962945741
4821,3098,3,962945789
4821,2150,3,962945836
4821,2915,3,962945877
4821,1101,3,962945912
4821,1124,4,962945912
4821,3101,4,962945912
4821,2455,4,962946038
4821,1033,4,962946062
4821,2100,4,962946092
4821,2161,4,962946092
4821,3501,4,962946092
4821,2406,3,962946122
4821,3480,4,962946122
4821,2003,3,962946122
4821,3016,3,962946214
4821,2193,3,962946214
4821,2736,3,962946214
4821,2407,4,962946246
4821,2985,3,962946246
4821,2134,3,962946291
4821,2145,4,962946291
4821,1378,4,962946291
4821,2453,4,962946319
4821,2470,3,962946319
4821,2420,4,962946372
4821,3441,3,962946404
4821,2141,4,962946404
4821,3708,3,962946436
4821,3791,4,962946488
4821,2525,3,962946488
4821,2405,3,962946587
4821,2088,3,962946707
4821,2121,3,962946738
4821,2513,3,962946738
4821,2735,3,962946738
4821,2473,3,962946766
4821,2456,3,962946823
4821,2642,3,962946823
4821,2421,3,962946852
4821,2422,3,962946986
4821,2450,3,962946986
4821,527,5,962947106
4821,1704,5,962947145
4821,150,3,962947211
4821,1393,4,962947239
4821,483,4,962947461
4821,260,4,962947520
4821,111,4,962947520
4821,1193,4,962947549
4821,1206,3,962947549
4821,2640,3,962947758
4821,2137,5,962947789
4821,1968,4,963282590
4821,1290,5,963282618
4821,3071,3,963282644
4821,1298,3,963282668
4821,1222,5,963282693
4821,3478,4,963282716
4821,2147,3,963282912
4821,2144,4,963283064
4821,2478,3,963283272
4821,3362,5,973541849
4888,356,3,962737084
4888,2700,5,962737084
4888,534,5,962737084
4888,1193,5,962737163
4888,439,4,962737163
4888,3435,4,962737384
4888,2186,4,962737384
4888,1248,4,962737384
4888,1252,5,962737384
4888,2203,4,962737384
4888,1284,5,962737384
4888,930,5,962737419
4888,2940,4,962737419
4888,1617,5,962737419
4888,3334,5,962737419
4888,903,4,962737537
4888,904,4,962737537
4888,913,5,962737537
4888,1950,4,962737537
4888,1212,5,962737537
4888,2208,5,962737537
4888,3730,5,962737537
4888,912,5,962737613
4888,1178,5,962737613
4888,1204,5,962737613
4888,1217,4,962737613
4888,1256,5,962737613
4888,750,5,962737613
4888,3742,5,962737613
4888,3196,5,962737694
4888,1939,3,962737694
4888,3545,5,962737694
4888,41,3,962737694
4888,2972,5,962737694
4888,1233,5,962737694
4888,2075,5,962737786
4888,946,4,962737786
4888,969,5,962737786
4888,1250,5,962737786
4888,1262,5,962737786
4888,1272,3,962737786
4888,3724,3,962737786
4888,527,5,962737786
4888,919,5,962738003
4888,1198,4,962738003
4888,1254,5,962738003
4888,1303,5,962738003
4888,260,4,962738059
4888,1259,4,962738059
4888,2871,5,962738087
4888,1196,3,962738153
4888,3168,5,962738153
4888,2970,5,962738153
4888,1073,5,962738153
4888,952,5,962738180
4888,3104,5,962738180
4888,897,5,962738206
4888,3479,3,962738257
4888,1287,3,962738305
4888,3698,3,962738305
4888,2099,3,962738355
4888,2406,3,962738355
4888,2161,3,962738355
4888,918,4,962738410
4888,945,5,962738410
4888,1288,5,962738410
4888,2300,5,962738410
4888,899,5,962738410
4888,1066,5,962738410
4888,594,5,962738454
4888,1282,5,962738454
4888,3606,5,962738454
4888,199,4,962738454
4888,1022,5,962738454
4888,914,5,962738493
4888,938,4,962738493
4888,1947,4,962738493
4888,364,3,962738493
4888,1028,4,962738493
4888,2080,4,962738549
4888,2087,4,962738549
4888,900,5,962738549
4888,935,4,962738549
4888,3199,5,962738549
4888,1926,5,962738549
4888,3549,5,962738549
4888,3061,5,962738594
4888,2565,5,962738594
4888,2941,4,962738594
4888,1029,5,962738594
4888,242,5,962738652
4888,1035,3,962738652
4888,1081,5,962738652
4888,3599,5,962738653
4888,2971,4,962738653
4888,2657,5,962738653
4888,1487,4,962738688
4888,1951,4,962738688
4888,2746,3,962738688
4888,1088,3,962738688
4888,1219,5,962738765
4888,1260,5,962738765
4888,1267,5,962738765
4888,111,5,962738765
4888,908,5,962738826
4888,929,5,962738826
4888,965,5,962738826
4888,608,5,962738826
4888,924,4,962738875
4888,1953,5,962738875
4888,50,5,962738875
4888,1086,4,962738875
4888,593,5,962738918
4888,3461,3,962738918
4888,1264,5,962738918
4888,1269,5,962738918
4888,2349,5,962738918
4888,933,5,962738955
4888,3551,5,962738955
4888,2983,5,962738955
4888,3075,5,962738980
4888,2819,5,962739024
4888,1227,5,962739024
4888,2212,5,962739024
4888,906,5,962739067
4888,931,5,962739067
4888,2917,4,962739067
4888,1674,4,962739067
4888,1230,5,962739129
4888,928,3,962739200
4888,1188,5,962739200
4888,1247,4,962739200
4888,916,5,962739238
4888,2130,5,962739238
4888,2943,5,962739238
4888,907,5,962739323
4888,3475,3,962739323
4888,39,5,962739323
4888,2919,5,962739323
4888,1244,4,962739323
4888,2174,5,962739375
4888,2100,4,962739399
4888,2797,4,962739399
4888,2054,4,962739422
4888,2,4,962739422
4888,858,5,962739553
4888,2019,4,962739553
4888,978,5,962739636
4888,670,5,962739636
4888,820,4,962739636
4888,2351,5,962739636
4888,2927,4,962739697
4888,1224,3,962739697
4888,2732,5,962739697
4888,2925,5,962739729
4888,1228,5,962739729
4888,1237,4,962739729
4888,1251,5,962739729
4888,1419,5,962739791
4888,3067,5,962739791
4888,949,5,962739791
4888,3089,5,962739791
4888,3468,5,962739791
4888,2858,5,962739791
4888,3467,4,962739833
4888,1941,5,962739833
4888,154,4,962739833
4888,2348,4,962739867
4888,2731,5,962739867
4888,1945,4,962739901
4888,2728,3,962739901
4888,3735,5,962739901
4888,318,5,962739922
4888,1104,4,962739954
4888,296,5,962739954
4888,1231,4,962739954
4888,2028,3,962739954
4888,1263,5,962740010
4888,1300,5,962740010
4888,3504,5,962740051
4888,3543,5,962740051
4888,337,4,962740051
4888,1293,5,962740051
4888,669,5,962740079
4888,3069,3,962740124
4888,3469,5,962740124
4888,1185,5,962740124
4888,3201,5,962740124
4888,2612,3,962740124
4888,1362,5,962740124
4888,232,5,962740157
4888,1960,5,962740157
4888,1208,5,962740157
4888,1694,5,962740157
4888,36,5,962740238
4888,2969,5,962740238
4888,2238,5,962740238
4888,1299,5,962740238
4888,954,4,962740296
4888,959,4,962740296
4888,58,5,962740296
4888,1172,5,962740322
4888,3098,4,962740356
4888,1203,5,962740398
4888,3531,5,962740428
4888,3733,4,962740428
4888,971,4,962740469
4888,1150,4,962740469
4888,3152,5,962740469
4888,3198,4,962740469
4888,1955,4,962740469
4888,1096,4,962740487
4888,272,4,962740529
4888,2132,4,962740529
4888,1957,5,962740529
4888,1964,4,962740529
4888,2076,5,962740556
4888,3035,5,962740556
4888,2291,5,962740556
4888,950,5,962740618
4888,1913,5,962740618
4888,3788,5,962740618
4888,911,5,962740648
4888,1484,4,962740648
4888,2206,5,962740648
4888,492,4,962740648
4888,3251,4,962740680
4888,1732,5,962740680
4888,2414,3,962740716
4888,1909,3,962740741
4888,1711,4,962740763
4888,3037,5,962740855
4888,3508,3,962740855
4888,3671,5,962740855
4888,1304,5,962740855
4888,3365,5,962740855
4888,3093,5,962740897
4888,3122,4,962740897
4888,1283,4,962740897
4888,3682,3,962740897
4888,590,5,962740925
4888,3792,3,962740966
4888,3494,4,962740966
4888,383,3,962740966
4888,3368,4,962740966
4888,1206,4,962741036
4888,541,5,962741036
4888,1175,5,962741100
4888,1199,5,962741100
4888,1240,3,962741100
4888,1077,5,962741100
4888,3702,4,962741138
4888,3703,4,962741138
4888,1965,5,962741161
4888,1097,3,962741161
4888,3307,4,962741297
4888,2863,4,962741345
4888,1511,4,962741345
4888,910,5,962741385
4888,951,5,962741385
4888,1276,5,962741385
4888,2064,4,962741415
4888,947,5,962741415
4888,1294,5,962741415
4888,3341,5,962741415
4888,905,5,962741504
4888,3088,5,962741504
4888,955,5,962741504
4888,1394,5,962741504
4888,2788,5,962741504
4888,1136,4,962741554
4888,1948,4,962741554
4888,837,4,962741554
4888,909,4,962741582
4888,1238,5,962741582
4888,2973,5,962741610
4888,898,4,962741610
4888,921,4,962741638
4888,1281,4,962741638
4888,1080,5,962741638
4888,1234,5,962741684
4888,1278,5,962741684
4888,1734,5,962741684
4888,1079,5,962741684
4894,47,3,962732288
4894,1380,5,962732288
4894,902,4,962732312
4894,2988,3,962732312
4894,3578,3,962732367
4894,3418,5,962732440
4894,2085,5,962732483
4894,2117,4,962732565
4894,3707,4,962732565
4894,648,5,962732670
4894,3623,5,962732670
4894,3342,5,962732691
4894,563,3,962732800
4894,3222,5,962732821
4894,527,4,962732897
4894,589,4,962732984
4894,1240,4,962732984
4894,969,3,962733035
4894,260,5,962733035
4894,1954,3,962733052
4894,1214,5,962733070
4894,1690,4,962733149
4894,1692,4,962733149
4894,1320,5,962733149
4894,1196,5,962733271
4894,1233,5,962733288
4894,457,4,962733532
4894,2948,3,962733547
4894,1036,5,962733560
4894,1291,3,962733585
4894,110,4,962733597
4894,1210,5,962733615
4894,1209,5,962733651
4894,1227,4,962733651
4894,1544,3,962734013
4894,480,4,962734013
4894,593,5,962734052
4966,260,3,962609782
4966,2100,3,962609782
4966,952,4,962609832
4966,1210,3,962609832
4966,2971,4,962609832
4966,940,4,962610055
4966,1201,4,962610055
4966,858,5,962610055
4966,2019,5,962610055
4966,969,4,962610121
4966,1233,5,962610121
4966,3702,4,962610121
4966,3405,3,962610200
4966,1304,3,962610200
4966,2366,3,962610200
4966,2028,4,962610200
4966,3782,3,962610200
4966,1198,5,962610272
4966,1954,3,962610272
4966,1200,5,962610272
4966,2944,5,962610272
4966,1240,5,962610272
4966,1287,5,962610272
4966,3267,4,962610272
4966,110,4,962610272
4966,589,5,962610331
4966,2948,3,962610331
4966,2949,3,962610331
4966,1374,4,962610331
4966,2571,4,962610391
4966,2947,4,962610391
4966,1220,5,962610391
4966,1222,5,962610391
4966,2662,3,962610391
4966,3654,4,962610391
4966,457,4,962610391
4966,21,4,962610440
4966,2951,4,962610440
4966,2000,4,962610440
4966,2529,3,962610518
4966,3527,5,962610518
4966,2916,3,962610518
4966,3635,3,962610518
4966,3755,4,962687565
4979,1411,4,962598301
4979,2109,5,962598301
4979,1221,5,962598301
4979,2791,5,962598301
4979,2804,5,962598382
4979,1148,5,962598382
4979,1223,5,962598382
4979,745,5,962598382
4979,910,4,962598422
4979,663,3,962598422
4979,1276,4,962598422
4979,1079,5,962598422
4979,551,4,962598422
4979,1136,5,962598452
4979,1197,4,962598452
4979,1230,5,962598452
4979,2788,4,962598452
4979,3067,3,962598486
4979,34,5,962598486
4979,1278,4,962598486
4979,2396,5,962598486
4979,3424,4,962598521
4979,1234,4,962598521
4979,1244,3,962598521
4979,1265,4,962598521
4979,1304,4,962598521
4979,3504,5,962598552
4979,2918,3,962598552
4979,2289,4,962598552
4979,2300,4,962598552
4979,3052,5,962598578
4979,1288,5,962598578
4979,3608,3,962598578
4979,3421,5,962598612
4979,2542,3,962598612
4979,1270,4,962598612
4979,2716,4,962598612
4979,1963,4,962598640
4979,1394,5,962598640
4979,3396,5,962598640
4979,348,3,962598694
4979,1220,5,962598694
4979,2395,4,962598694
4979,3362,3,962598694
4979,1080,5,962598694
4979,951,5,962598749
4979,1500,4,962598749
4979,1285,5,962598749
4979,1292,5,962598749
4979,3361,5,962598749
4979,2150,4,962598778
4979,2080,5,962598806
4979,3086,4,962598806
4979,1307,3,962598806
4979,2502,4,962598835
4979,2355,3,962598835
4979,2863,3,962599360
4979,1172,3,962599360
4979,3210,3,962599360
4979,955,5,962599384
4979,2243,3,962599384
4979,223,5,962599405
4979,1845,3,962599405
4979,3039,5,962599431
4979,1215,4,962599431
4979,1261,3,962599431
4979,45,3,962599457
4979,2700,5,962599457
4979,514,3,962599457
4979,1517,5,962599495
4979,1580,5,962599495
4979,342,3,962599495
4979,1968,4,962599495
4979,3363,4,962599495
4979,2797,4,962599495
4979,1073,3,962599495
4979,1077,5,962599495
4979,952,4,962599518
4979,2759,4,962599518
4979,2065,4,962599551
4979,3552,5,962599551
4979,471,5,962599551
4979,2321,4,962599551
4979,3258,3,962599615
4979,2087,3,962599860
4979,260,5,962599860
4979,2872,5,962599860
4979,2968,4,962599860
4979,1097,4,962599860
4979,2100,4,962599900
4979,3153,3,962599900
4979,1019,4,962599925
4979,2,3,962599976
4979,2143,3,962599977
4979,2193,3,962599977
4979,2021,4,962599977
4979,1126,3,962600041
4979,3435,5,962600073
4979,1252,3,962600073
4979,1284,5,962600073
4979,913,5,962600098
4979,3683,5,962600098
4979,3334,5,962600098
4979,541,5,962600098
4979,1179,4,962600129
4979,2987,5,962600129
4979,1214,4,962600207
4979,1219,3,962600207
4979,1387,4,962600207
4979,2366,3,962600207
4979,1333,4,962600249
4979,1258,3,962600277
4979,2664,3,962600278
4979,1994,4,962600315
4979,2288,3,962600315
4979,968,3,962600344
4979,1130,3,962600344
4979,1321,4,962600387
4979,2747,3,962600387
4979,2118,4,962600424
4979,2167,4,962600424
4979,3264,3,962600424
4979,2867,4,962600590
4979,2746,3,962600590
4979,610,5,962600633
4979,2617,3,962600665
4979,1334,3,962600723
4979,2517,3,962600747
4979,919,3,962600799
4979,899,5,962600799
4979,594,4,962600843
4979,1282,3,962600843
4979,1022,3,962600880
4979,2096,3,962600881
4979,3061,3,962600881
4979,1947,3,962600881
4979,3675,3,962600881
4979,2078,5,962600922
4979,2565,3,962600922
4979,2946,3,962600922
4979,1029,3,962600922
4979,661,4,962600954
4979,1081,3,962600954
4979,2857,3,962600989
4979,1380,4,962600989
4979,1035,3,962600989
4979,1093,4,962600989
4979,1083,5,962601054
4979,2088,3,962601084
4979,903,5,962601150
4979,904,5,962601150
4979,800,5,962601150
4979,924,3,962601177
4979,1086,4,962601177
4979,906,4,962601203
4979,911,5,962601203
4979,1732,3,962601203
4979,2467,4,962601230
4979,492,3,962601230
4979,1459,4,962601323
4979,2414,3,962601323
4979,1711,3,962601351
4979,1092,4,962601351
4979,1689,4,962601375
4979,517,3,962601419
4979,2413,3,962601503
4979,2126,4,962601503
4979,912,5,962601573
4979,930,5,962601573
4979,1247,4,962601573
4979,2248,4,962601620
4979,3358,3,962601620
4979,2919,3,962601669
4979,898,5,962601669
4979,2020,4,962601669
4979,1094,3,962601669
4979,969,5,962601701
4979,265,4,962601701
4979,2291,4,962601701
4979,866,5,962601701
4979,2802,4,962601752
4979,1196,5,962601785
4979,750,5,962601785
4979,589,4,962601812
4979,1200,4,962601812
4979,1206,5,962601812
4979,1240,5,962601812
4979,1374,4,962601812
4979,3471,3,962601839
4979,3175,5,962601839
4979,2571,5,962601839
4979,3703,5,962601839
4979,1965,5,962601873
4979,1301,4,962601873
4979,1376,5,962601873
4979,3702,4,962601873
4979,2916,5,962601902
4979,1274,4,962601902
4979,3745,4,962601902
4979,2009,4,962601902
4979,1527,3,962601929
4979,741,4,962601929
4979,1573,4,962601964
4979,2985,3,962601964
4979,2662,3,962601964
4979,2363,3,962601964
4979,3070,3,962601999
4979,1129,3,962601999
4979,2640,3,962601999
4979,2365,4,962601999
4979,2011,3,962601999
4979,3770,4,962601999
4979,2116,3,962602026
4979,2528,3,962602026
4979,780,3,962602026
4979,2641,3,962602063
4979,2699,4,962602063
4979,442,4,962602091
4979,3033,3,962602120
4979,329,3,962602120
4979,2094,4,962602211
4979,379,4,962602211
4979,3698,4,962602211
4979,1690,4,962602249
4979,1371,3,962602249
4979,2346,3,962602281
4979,2364,4,962602311
4979,1373,3,962602340
4979,2034,3,962602366
4979,2450,3,962602402
4979,1882,3,962602402
4979,593,3,962602565
4979,50,5,962602565
4979,908,5,962602598
4979,293,5,962602598
4979,608,4,962602598
4979,373,3,962602598
4979,111,4,962602627
4979,1036,5,962602627
4979,457,3,962602659
4979,933,4,962602688
4979,2917,5,962602688
4979,1249,3,962602688
4979,377,4,962602711
4979,3267,4,962602711
4979,2353,5,962602738
4979,1674,4,962602767
4979,3505,4,962602808
4979,1610,5,962602808
4979,3256,3,962602808
4979,733,4,962602834
4979,2212,4,962602834
4979,2278,4,962602834
4979,3763,4,962602863
4979,161,4,962602936
4979,16,4,962602964
4979,1648,4,962602965
4979,2183,4,962602989
4979,861,4,962602989
4979,353,4,962603039
4979,2273,3,962603039
4979,1047,3,962603039
4979,2490,4,962603061
4979,163,4,962603061
4979,1370,4,962603110
4979,1722,4,962603110
4979,165,4,962603110
4979,2110,4,962603202
4979,2184,4,962603202
4979,2527,3,962603202
4979,521,4,962603228
4979,543,4,962603228
4979,18,3,962603254
4979,736,4,962603254
4979,3196,3,962603375
4979,3035,5,962603403
4979,1233,3,962603403
4979,1250,4,962603403
4979,1256,5,962603403
4979,2067,4,962603431
4979,2944,5,962603431
4979,1262,5,962603431
4979,1294,3,962603431
4979,110,5,962603431
4979,2890,4,962603461
4979,1208,5,962603461
4979,1210,5,962603461
4979,1289,3,962603461
4979,920,3,962603490
4979,1222,4,962603490
4979,1272,5,962603490
4979,3366,4,962603490
4979,1078,3,962603518
4979,1090,5,962603518
4979,3654,5,962603539
4979,3066,5,962603642
4979,466,4,962603642
4979,3339,5,962603675
4979,3037,5,962603732
4979,1266,4,962603732
4979,3671,4,962603732
4979,3508,5,962603767
4979,2922,5,962603767
4979,1201,5,962603767
4979,1209,5,962603767
4979,2951,5,962603767
4979,3681,5,962603767
4979,2921,4,962603797
4979,3682,5,962603797
4979,303,3,962603818
4979,368,4,962603818
4979,432,3,962603859
4979,1007,3,962603859
4979,2016,3,962603882
4979,1639,4,962603943
4979,1257,5,962603969
4979,1253,5,962604031
4979,3168,4,962604075
4979,2948,5,962604195
4979,453,3,962604195
4979,1010,5,962604278
4979,3635,4,962604374
4979,1124,3,962604449
4979,2947,5,962604449
4979,444,3,962604557
4979,2249,3,962604583
4979,1235,5,962604634
4979,858,5,962604692
4979,2019,4,962604692
4979,3095,3,962604726
4979,296,4,962604748
4979,923,5,962604769
4979,1225,5,962604769
4979,1224,4,962604810
4979,2728,5,962604810
4979,1193,5,962604851
4979,1952,4,962604851
4979,953,5,962604876
4979,3468,5,962604876
4979,1231,5,962604897
4979,3359,4,962604897
4979,1213,5,962604959
4979,1084,3,962604978
4979,3146,4,962605099
4979,1198,5,962605217
4979,1291,5,962605217
4979,1954,4,962605285
4979,2000,5,962605285
4979,3769,5,962605285
4979,2993,4,962605310
4979,1275,5,962605310
4979,1287,4,962605310
4979,2406,4,962605344
4979,2194,4,962605344
4979,21,4,962605344
4979,480,3,962605344
4979,2763,5,962605344
4979,592,4,962605374
4979,1429,4,962605374
4979,3418,4,962605374
4979,3527,3,962605374
4979,3633,4,962605374
4979,2991,4,962605405
4979,3624,5,962605405
4979,145,4,962605405
4979,3082,4,962605432
4979,1375,3,962605432
4979,2001,3,962605432
4979,380,4,962605453
4979,2989,4,962605453
4979,112,5,962605453
4979,3029,5,962605475
4979,3638,3,962605475
4979,1858,4,962605511
4979,1385,3,962605511
4979,1587,4,962605562
4979,2990,3,962605562
4979,2013,3,962605562
4979,3274,3,962605592
4979,3740,3,962605592
4979,2002,3,962605592
4979,2457,5,962605614
4979,2723,4,962605614
4979,1377,3,962605636
4979,2023,4,962605687
4979,3040,3,962605733
4979,1188,5,962605762
4979,1254,4,962605870
4979,2470,4,962605934
4979,1,5,962606062
4979,720,5,962606062
4979,3213,4,962606062
4979,1023,5,962606080
4979,2294,3,962606109
4979,3034,4,962606134
4979,1025,4,962606134
4979,3735,4,962606243
4979,2764,5,962606281
4979,999,3,962606306
4979,431,4,962606306
4979,1396,4,962606306
4979,2280,4,962606383
4979,3529,3,962606473
4979,2859,3,962606657
4979,2572,4,962606719
4979,2683,5,962606737
4979,2770,4,962606777
4979,2718,5,962606836
4979,785,4,962606926
4979,2734,4,962606993
4979,2598,3,962607030
4979,1884,4,962607261
4979,497,4,962607298
4979,1923,4,962607317
4979,2829,4,962607354
4979,3253,4,962607464
4979,3254,3,962607464
4979,1673,3,962607587
4979,3619,5,962607616
4979,3498,4,962607655
4979,2518,4,962607675
4979,10,5,962607877
4979,3723,4,962608264
4979,3773,4,962608265
4979,3707,4,962608296
4979,3693,3,962608332
4979,3712,5,962608332
4979,2858,5,963544180
4979,2997,5,963544180
4979,3189,4,963544209
4979,3811,4,963544335
4979,3812,4,963544413
4979,3814,5,963544513
4979,3760,4,963544513
4979,3774,3,963544513
4979,3809,4,963544577
4979,3819,5,963544577
4979,3771,4,965004493
4979,3807,3,965004821
4979,3869,4,968115024
4979,3868,4,968115064
4979,3793,4,968115189
4979,2976,4,968115223
4979,3926,4,969321975
4979,3927,4,969321975
4979,3936,3,969321975
4979,3000,5,969322191
4979,1060,3,972592668
4979,1101,3,984542228
4979,3896,4,984542228
4979,370,4,984542228
4979,3639,5,984542228
4979,3752,3,984542252
4979,2038,3,984542533
4979,1303,4,984542883
4979,2050,3,984542955
4979,2051,3,984542955
4979,1011,3,984542955
4979,2405,3,984543035
4979,674,4,984543035
4979,2471,3,984543142
4979,2373,3,984543142
4979,2949,5,984543260
4979,3208,3,984543893
4979,2409,3,984543965
4979,1606,3,984543965
4979,420,3,984544097
4979,2085,4,984544272
4979,3429,4,984544272
4979,2137,5,984544272
4979,88,3,984544394
4979,449,4,984544394
4979,580,3,984544891
4979,2973,3,984545031
4979,235,4,984545294
4979,1125,4,984545294
4979,1243,3,984545294
4979,1641,5,984545294
4979,2324,5,984545294
4979,3481,4,984545433
4979,3108,4,984545433
4979,3507,5,984545433
4979,2286,3,984545433
4979,1784,4,984545433
4979,2750,4,984545433
4979,1449,4,984545515
4979,2108,3,984545515
4979,2144,3,984545515
4979,1958,3,984545515
4979,141,3,984545515
4979,3028,4,984545516
4979,2064,3,984545596
4979,3526,3,984545596
4979,3685,4,984545596
4979,125,4,984545596
4979,1747,4,984545596
4979,3450,4,984545697
4979,2870,3,984545697
4979,2136,4,984545697
4979,345,4,984545697
4979,2915,3,984545697
4979,3255,4,984545697
4979,1663,5,984545697
4979,1485,4,984545752
4979,367,3,984545752
4979,2371,4,984545752
4979,1171,4,984545852
4979,322,5,984545852
4979,3591,4,984545852
4979,708,3,984545852
4979,2301,4,984545852
4979,180,3,984545852
4979,934,3,984545935
4979,2891,3,984545935
4979,2145,3,984545935
4979,344,4,984545935
4979,2012,3,984545935
4979,2111,3,984546018
4979,2539,3,984546018
4979,2469,3,984546110
4979,333,4,984546110
4979,122,3,984546110
4979,231,4,984546195
4979,1194,4,984546195
4979,3506,4,984546195
4979,3235,4,984546195
4979,585,3,984546328
4979,743,3,984546328
4979,3525,3,984546401
4979,445,4,984546401
4979,2792,4,984546401
4979,520,3,984546460
4979,3243,3,984546461
4979,2836,3,984546535
4979,312,3,984546535
4979,818,3,984546535
4979,1753,3,984546535
4979,3130,3,984546630
4979,1918,3,984546630
4979,157,3,984546718
4979,1640,3,984546874
4979,3649,3,984547095
4979,902,4,984547148
4979,3730,5,984547512
4979,3501,3,984547585
4979,3943,4,989201054
4979,2018,5,989201054
4979,3618,4,989201100
4979,3897,3,989201149
4979,3852,5,989201201
4979,3893,3,989201731
4979,2631,3,989201875
5044,3072,5,962503414
5044,2352,5,962503443
5044,1270,3,962503484
5044,1305,3,962503484
5044,1961,4,962503518
5044,3006,4,962503667
5044,2966,5,962503667
5044,3078,4,962503705
5044,3186,4,962503705
5044,2762,5,962503705
5044,2064,3,962503862
5044,1172,5,962503862
5044,2915,4,962503862
5044,2973,5,962503862
5044,1307,5,962503862
5044,2243,5,962503887
5044,3361,4,962503887
5044,1197,5,962503923
5044,1211,3,962503923
5044,1238,5,962503923
5044,2750,5,962503923
5044,2791,4,962503923
5044,2144,4,962503941
5044,2469,4,962503973
5044,3422,4,962503973
5044,2174,5,962503973
5044,1968,5,962503973
5044,2918,4,962503973
5044,2150,5,962503991
5044,2245,4,962503991
5044,2369,3,962504043
5044,2746,5,962504043
5044,1135,4,962504066
5044,2247,4,962504066
5044,2470,3,962504116
5044,1293,5,962545707
5044,1198,4,962545743
5044,1300,5,962545743
5044,3402,4,962545777
5044,2938,5,962545777
5044,1259,5,962545777
5044,541,3,962545777
5044,1097,4,962545777
5044,1199,5,962545807
5044,2917,4,962545807
5044,1246,4,962545807
5044,1674,4,962545807
5044,2987,3,962545827
5044,1299,5,962545827
5044,1956,5,962545861
5044,2065,4,962545881
5044,3547,4,962545881
5044,2068,4,962545906
5044,1185,5,962545906
5044,1288,4,962545956
5044,1959,4,962545970
5044,1240,5,962545997
5044,3684,3,962545997
5044,2312,4,962545997
5044,1302,4,962546020
5044,2745,4,962546020
5044,2797,5,962546035
5044,2022,4,962546052
5044,2474,3,962546098
5044,1088,4,962546098
5044,2240,5,962546113
5044,2942,4,962546243
5044,2476,3,962546262
5044,3707,4,962546313
5044,2950,3,962546412
5044,1303,5,962546550
5044,111,4,962546550
5044,3473,4,962546569
5044,1230,5,962546569
5044,1419,5,962546616
5044,3504,3,962546616
5044,1235,5,962546616
5044,1278,4,962546616
5044,3201,4,962546632
5044,3359,5,962546647
5044,1955,5,962546675
5044,3421,4,962546698
5044,3471,5,962546698
5044,1362,5,962546698
5044,3498,5,962546723
5044,1954,3,962546723
5044,1073,4,962546739
5044,2657,3,962546770
5044,1219,5,962546863
5044,1304,3,962546863
5044,2132,5,962546884
5044,1247,5,962546884
5044,1952,4,962546899
5044,1333,5,962546913
5044,909,5,962546950
5044,3168,4,962546950
5044,1028,5,962546950
5044,902,4,962546965
5044,914,5,962546982
5044,3451,5,962546982
5044,1951,5,962547007
5044,1537,5,976495913
5044,1500,4,976495938
5044,2696,5,976495938
5044,2396,4,976495956
5044,1265,5,976496020
5044,223,4,976496048
5044,1641,3,976496048
5044,2384,4,976496063
5044,3108,5,976496091
5044,1923,3,976496091
5044,3566,5,976496128
5044,1035,5,976496213
5044,2081,4,976496274
5044,1081,4,976496274
5044,2599,5,981506042
5044,1244,5,981506222
5044,3671,3,981506222
5044,3342,5,981506435
5044,36,5,981506748
5044,58,4,981506748
5044,2291,3,981506748
5044,1357,4,981506785
5044,1834,4,981506818
5044,3105,4,981506818
5044,3163,4,981506818
5044,2329,5,981506818
5046,3107,4,962498579
5046,111,5,962498579
5046,2289,4,962498607
5046,3249,3,962498607
5046,1097,4,962498607
5046,3006,3,962498721
5046,2858,4,962498721
5046,2997,5,962498721
5046,2762,4,962498721
5046,3176,4,962498738
5046,2912,4,962498738
5046,3052,3,962498755
5046,3125,4,962498755
5046,3174,3,962498771
5046,924,5,962498875
5046,2826,4,962498875
5046,3091,4,962498934
5046,2859,4,962498934
5046,1198,5,962498934
5046,3223,4,962498934
5046,3683,5,962498934
5046,2020,5,962498934
5046,3090,5,962498962
5046,3424,3,962498962
5046,1189,5,962498962
5046,3576,5,962498962
5046,1225,5,962498962
5046,1238,5,962498962
5046,1264,5,962498962
5046,3360,4,962498962
5046,921,4,962498990
5046,1218,5,962498990
5046,1224,4,962498990
5046,1228,5,962498990
5046,1231,4,962498990
5046,1240,5,962498990
5046,1242,5,962498990
5046,3361,4,962498990
5046,1196,5,962499011
5046,1200,5,962499011
5046,1288,5,962499011
5046,1394,5,962499011
5046,2064,3,962499034
5046,3068,3,962499034
5046,1270,4,962499034
5046,3703,5,962499034
5046,2791,5,962499034
5046,3019,3,962499057
5046,2872,5,962499057
5046,1150,4,962499057
5046,2918,3,962499057
5046,2348,3,962499057
5046,1036,5,962499057
5046,1222,4,962499081
5046,1227,4,962499081
5046,1261,5,962499081
5046,2716,3,962499081
5046,2130,4,962499100
5046,1957,3,962499100
5046,1994,5,962499100
5046,1293,3,962499100
5046,1299,5,962499100
5046,3104,5,962499121
5046,3169,4,962499121
5046,3505,5,962499121
5046,2987,3,962499121
5046,1347,5,962499121
5046,2070,5,962499145
5046,3072,3,962499145
5046,1674,4,962499145
5046,1374,4,962499145
5046,3039,4,962499168
5046,2852,3,962499168
5046,2917,4,962499168
5046,1220,3,962499168
5046,2000,5,962499168
5046,3763,4,962499168
5046,1259,4,962499188
5046,2288,4,962499188
5046,1663,4,962499188
5046,2312,4,962499188
5046,1127,4,962499210
5046,1186,4,962499210
5046,1376,4,962499210
5046,2915,5,962499211
5046,2926,4,962499211
5046,2968,5,962499211
5046,2423,4,962499235
5046,3101,3,962499235
5046,3552,5,962499235
5046,3203,5,962499235
5046,2344,5,962499235
5046,1090,4,962499235
5046,2401,3,962499260
5046,2551,3,962499260
5046,1968,4,962499260
5046,1210,3,962499260
5046,2243,4,962499260
5046,1302,4,962499260
5046,2011,3,962499260
5046,2455,5,962499281
5046,2174,4,962499281
5046,3526,4,962499281
5046,2313,5,962499281
5046,3700,5,962499281
5046,3071,5,962499301
5046,2118,4,962499301
5046,1257,5,962499301
5046,2659,4,962499301
5046,1965,4,962499313
5046,2929,4,962499338
5046,1246,4,962499338
5046,3397,4,962499338
5046,3479,4,962499360
5046,1173,5,962499360
5046,1274,3,962499360
5046,2795,4,962499360
5046,2467,4,962499379
5046,2100,5,962499379
5046,1289,5,962499379
5046,3444,4,962499402
5046,3448,4,962499402
5046,1129,3,962499402
5046,3102,4,962499402
5046,1395,3,962499402
5046,1961,3,962499417
5046,2001,5,962499417
5046,1101,3,962499438
5046,2928,3,962499438
5046,1297,4,962499438
5046,2474,3,962499464
5046,2115,4,962499464
5046,3701,3,962499464
5046,1587,4,962499482
5046,2989,4,962499482
5046,2245,4,962499482
5046,3791,3,962499502
5046,2193,4,962499502
5046,3525,5,962499502
5046,3684,5,962499502
5046,2517,4,962499523
5046,2240,4,962499523
5046,2371,4,962499523
5046,2403,3,962499544
5046,2144,4,962499544
5046,3704,3,962499544
5046,2518,5,962499566
5046,3395,4,962499566
5046,1135,4,962499588
5046,2111,4,962499588
5046,3524,4,962499588
5046,1987,3,962499588
5046,1332,4,962499602
5046,2476,4,962499620
5046,2752,3,962499620
5046,2416,4,962499638
5046,3698,3,962499638
5046,2956,4,962499655
5046,3459,4,962499669
5046,2134,4,962499669
5046,2370,4,962499693
5046,2374,4,962499693
5046,2802,4,962499714
5046,3387,4,962499714
5046,2942,3,962499730
5046,3423,4,962499759
5046,2241,4,962499759
5046,3708,4,962499759
5046,2796,3,962499773
5046,3688,4,962499795
5046,2717,4,962499814
5046,3385,3,962499814
5046,2421,3,962499849
5046,3394,4,962499849
5046,2404,4,962499878
5046,3691,3,962499878
5046,2410,4,962499881
5046,2816,4,962499903
5046,2122,4,962499920
5046,3692,4,962499947
5046,306,5,962500182
5046,593,5,962500198
5046,246,5,962500198
5046,527,4,962500198
5046,296,5,962500219
5046,50,4,962500219
5046,1617,5,962500219
5046,1,5,962500233
5046,1266,3,962500233
5046,1233,5,962500248
5046,2692,4,962500248
5046,162,5,962500248
5046,247,4,962500264
5046,363,5,962500264
5046,1249,4,962500264
5046,28,5,962500271
5046,2677,5,962500286
5046,1041,3,962500286
5046,2571,5,962500304
5046,34,5,962500304
5046,3266,4,962500304
5046,1265,4,962500317
5046,235,5,962500330
5046,1694,5,962500331
5046,3728,5,962500331
5046,1966,3,962500343
5046,2501,3,962500359
5046,1213,5,962500359
5046,150,4,962500359
5046,1179,4,962500374
5046,1188,4,962500374
5046,549,5,962500382
5046,448,5,962500391
5046,1277,5,962500408
5046,457,5,962500408
5046,1215,4,962500427
5046,1095,4,962500427
5046,32,3,962500441
5046,3499,4,962500460
5046,1673,5,962500460
5046,2336,5,962500460
5046,110,5,962500460
5046,39,5,962500474
5046,441,5,962500474
5046,778,4,962500492
5046,1358,5,962500492
5046,123,3,962500492
5046,300,5,962500507
5046,3253,4,962500507
5046,373,4,962500521
5046,866,4,962500521
5046,551,3,962500541
5046,1641,4,962500542
5046,2395,4,962500542
5046,1748,3,962500542
5046,6,4,962500559
5046,2890,5,962500559
5046,562,5,962500559
5046,1517,3,962500594
5046,1594,5,962500594
5046,1245,5,962500594
5046,3108,4,962500614
5046,1635,4,962500614
5046,1393,4,962500614
5046,514,4,962500614
5046,1094,4,962500628
5046,357,3,962500658
5046,474,4,962500658
5046,1729,5,962500670
5046,1408,5,962500684
5046,2542,3,962500684
5046,1466,4,962500704
5046,1845,4,962500704
5046,3267,5,962500704
5046,2355,3,962500704
5046,3060,3,962500716
5046,334,5,962500732
5046,2916,5,962500732
5046,628,3,962500747
5046,21,5,962500747
5046,164,3,962500762
5046,1449,3,962500780
5046,1625,4,962500780
5046,813,3,962500780
5046,2671,3,962500796
5046,1834,4,962500814
5046,2318,4,962500814
5046,198,4,962500814
5046,1653,3,962500835
5046,1923,5,962500856
5046,47,4,962500879
5046,590,4,962500901
5046,2759,4,962500901
5046,151,4,962500916
5046,1060,5,962500916
5046,3386,3,962500943
5046,538,3,962500943
5046,417,3,962500962
5046,1784,4,962500962
5046,522,4,962500962
5046,3476,3,962500979
5046,1580,4,962500979
5046,3255,3,962500979
5046,1268,4,962501002
5046,480,4,962501002
5046,2353,3,962501002
5046,555,4,962501051
5046,3418,4,962501072
5046,2706,5,962501088
5046,1573,5,962501105
5046,2268,3,962501105
5046,3256,5,962501105
5046,225,4,962501144
5046,838,4,962501144
5046,161,4,962501144
5046,1615,3,962501158
5046,2447,4,962501159
5046,45,4,962501191
5046,1343,4,962501191
5046,2502,4,962501225
5046,493,5,962501225
5046,1370,4,962501225
5046,1476,3,962501246
5046,2425,3,962501246
5046,3264,4,962501246
5046,1279,4,962501262
5046,440,3,962501262
5046,1883,4,962501279
5046,1047,4,962501279
5046,574,4,962501306
5046,2433,5,962501306
5046,371,3,962501306
5046,724,3,962501306
5046,349,5,962501326
5046,180,4,962501344
5046,2278,5,962501359
5046,1676,4,962501359
5046,269,4,962501379
5046,1711,3,962501379
5046,1810,4,962501393
5046,648,3,962501393
5046,3712,3,962501413
5046,1482,4,962501431
5046,477,5,962501431
5046,585,3,962501476
5046,380,4,962501493
5046,2334,4,962501506
5046,356,3,962501522
5046,3261,3,962501523
5046,1732,4,962501523
5046,3274,3,962501538
5046,22,4,962501542
5046,543,3,962501554
5046,785,5,962501572
5046,1342,3,962501572
5046,1385,3,962501572
5046,3082,3,962501595
5046,490,3,962501595
5046,852,4,962501607
5046,3263,4,962501621
5046,1092,5,962501636
5046,494,3,962501650
5046,1351,5,962501668
5046,2572,5,962501684
5046,454,3,962501684
5046,1377,5,962501698
5046,597,4,962501731
5046,2165,3,962501782
5046,2490,4,962501810
5046,231,5,962501828
5046,165,3,962501828
5046,1093,4,962501828
5046,1722,4,962501841
5046,3120,4,962501854
5046,292,3,962501895
5046,159,4,962501895
5046,350,4,962501929
5046,3254,4,962501929
5046,95,4,962501945
5046,2539,4,962501963
5046,788,4,962501963
5046,2616,3,962501999
5046,442,3,962502049
5046,203,3,962502068
5046,1544,4,962502068
5046,344,3,962502068
5046,2252,4,962502068
5046,2002,3,962502087
5046,196,4,962502103
5046,14,5,962502130
5046,466,4,962502130
5046,370,3,962502169
5046,719,3,962502200
5046,521,4,962502234
5046,382,4,962502253
5046,434,4,962502342
5046,637,4,962502375
5046,3243,4,962502375
5046,305,3,962502470
5046,140,4,962502495
5046,1866,4,962502524
5046,170,4,962502544
5046,511,4,962502558
5046,3773,4,962502585
5046,185,4,962502601
5046,208,4,962502625
5046,2605,4,962502625
5046,1100,4,962502718
5046,2986,4,962502718
5046,193,4,962502744
5046,429,4,962502824
5046,65,4,962502839
5046,2060,4,962502877
5046,546,3,962502943
5046,1468,4,962503253
5046,2817,4,962503392
5046,174,4,962503505
5046,2804,5,962503545
5046,1197,4,962503545
5046,1217,4,962503545
5046,1255,4,962503545
5046,541,3,962503545
5046,3543,5,962503558
5046,3608,5,962503571
5046,3018,5,962503601
5046,2076,4,962503601
5046,3210,5,962503601
5046,3527,5,962503614
5046,3070,5,962503622
5046,2406,3,962503641
5046,2194,5,962503641
5046,2985,5,962503641
5046,592,3,962503669
5046,3308,4,962503669
5046,1298,4,962503684
5046,3087,4,962503697
5046,3114,5,962503722
5046,260,5,962504941
5046,1221,5,962504941
5046,3265,4,962504941
5046,858,4,962504941
5046,2019,5,962504941
5046,589,4,962504960
5046,1214,4,962504960
5046,1304,4,962504960
5046,1387,5,962504960
5046,1912,5,962504980
5046,1953,5,962504980
5046,2944,4,962504980
5046,2947,4,962504980
5046,2948,5,962504981
5046,1954,5,962505003
5046,377,5,962505003
5046,1201,5,962505003
5046,2949,4,962505003
5046,1287,4,962505003
5046,2366,5,962505003
5046,2993,3,962505023
5046,1610,3,962505023
5046,3635,3,962505023
5046,3702,5,962505023
5046,733,4,962505068
5046,2662,5,962505068
5046,2763,4,962505068
5046,2427,5,962505086
5046,1785,5,962505086
5046,2613,5,962505100
5046,610,3,962505135
5046,1552,3,962505135
5046,2990,3,962505151
5046,748,4,962505151
5046,3710,3,962505151
5046,10,4,962505189
5046,390,4,962505207
5046,780,3,962505207
5046,70,4,962505223
5046,1391,3,962505223
5046,2524,3,962505246
5046,1918,4,962505246
5046,376,4,962505246
5046,3697,3,962505317
5046,737,4,962505372
5046,910,5,962505473
5046,3435,5,962505473
5046,1248,5,962505473
5046,608,5,962505496
5046,1945,5,962505496
5046,3362,5,962505496
5046,1084,5,962505496
5046,1089,5,962505496
5046,293,5,962505529
5046,3334,5,962505529
5046,3364,5,962505529
5046,2726,5,962505529
5046,2159,5,962505546
5046,2580,3,962505546
5046,1805,5,962505572
5046,1645,5,962505585
5046,532,4,962505602
5046,2023,3,962505602
5046,1230,4,962505694
5046,1136,4,962505718
5046,3504,4,962505718
5046,909,5,962505737
5046,1234,5,962505738
5046,1256,5,962505738
5046,2300,4,962505738
5046,1080,5,962505738
5046,2863,5,962505753
5046,1276,5,962505753
5046,1278,4,962505753
5046,2396,4,962505766
5046,2936,5,962505790
5046,1454,3,962505806
5046,3421,5,962505806
5046,1292,3,962505833
5046,3363,5,962505833
5046,3671,5,962505835
5046,1948,5,962505850
5046,2248,3,962505850
5046,1307,4,962505869
5046,497,4,962505869
5046,2700,5,962505883
5046,2282,4,962505898
5046,1125,4,962505943
5046,2361,5,962505944
5046,1794,5,962505944
5046,223,3,962505958
5046,2797,4,962505958
5046,2078,3,962505983
5046,1073,3,962506010
5046,1171,4,962506037
5046,3040,4,962506050
5046,1081,4,962506067
5046,2407,4,962506088
5046,2109,5,962506088
5046,671,4,962506088
5046,69,5,962506088
5046,11,3,962506102
5046,2779,4,962506116
5046,2247,4,962506136
5046,104,4,962506136
5046,3446,4,962506159
5046,3497,4,962506182
5046,187,4,962506231
5046,2163,4,962506240
5046,3760,5,962506256
5046,1405,4,962506273
5046,2469,3,962506273
5046,2054,4,962506288
5046,248,4,962506425
5046,122,3,962506455
5046,3247,3,962506518
5046,2792,3,962506532
5046,542,4,962506672
5046,688,3,962506783
5046,919,4,962506870
5046,3470,4,962506870
5046,1262,5,962506870
5046,2871,5,962506884
5046,2640,4,962506919
5046,2470,3,962506934
5046,2641,4,962506963
5046,1967,4,962507001
5046,303,4,962507084
5046,595,4,962507226
5046,2138,4,962507226
5046,1282,5,962507226
5046,588,3,962507245
5046,596,5,962507245
5046,2096,5,962507245
5046,2857,4,962507245
5046,1022,5,962507263
5046,1029,4,962507263
5046,2018,4,962507263
5046,1147,5,962507367
5046,1111,4,962507394
5046,3653,4,962507409
5046,1997,5,962507447
5046,1219,4,962507447
5046,2648,5,962507447
5046,1333,4,962507465
5046,2160,3,962507478
5046,2644,5,962507491
5046,1339,3,962507542
5046,599,4,962507713
5046,3508,3,962507713
5046,1283,5,962507713
5046,3681,5,962507713
5046,2922,3,962507736
5046,2951,4,962507736
5046,3682,4,962507736
5046,2527,3,962507753
5046,1209,5,962507753
5046,2478,4,962507767
5046,912,5,962507806
5046,1178,5,962507806
5046,750,5,962507806
5046,3742,5,962507806
5046,1944,5,962507820
5046,920,4,962507837
5046,1263,5,962507837
5046,1272,4,962507837
5046,1208,5,962507851
5046,647,4,962507897
5046,904,5,962507956
5046,1212,5,962507956
5046,1252,5,962507956
5046,1267,5,962507957
5046,903,5,962507971
5046,908,5,962507971
5046,3634,4,962507990
5046,933,3,962508004
5046,1407,3,962508023
5046,2178,4,962508059
5046,2009,3,962508103
5046,2744,5,962508293
5046,923,5,962508338
5046,3730,5,962508338
5046,1237,5,962508358
5046,3095,4,962508385
5046,1413,5,962508411
5046,1193,4,962508411
5046,3468,4,962508441
5046,1952,4,962508441
5046,3359,4,962508478
5046,949,4,962508530
5046,2728,5,962508530
5046,308,5,962508548
5046,3735,5,962508548
5046,913,4,962508733
5046,922,5,962508733
5046,1206,5,962508832
5046,3471,4,962508853
5046,1301,3,962508853
5046,2743,3,965927210
5046,3811,5,965927231
5046,1941,4,965927231
5046,1235,3,965927715
5046,3783,4,965927715
5046,926,5,965927736
5046,2010,5,965927736
5046,1719,4,965927767
5046,1758,3,965927767
5046,1950,5,965927790
5046,1251,4,965927790
5046,800,3,965927790
5046,2360,5,966359310
5046,3083,3,967568568
5046,3408,3,967568568
5046,3298,4,967568568
5046,30,4,968092323
5046,3148,3,970156899
5046,3160,4,970156899
5046,3316,4,970156935
5046,3481,4,973559061
5046,3555,4,973559108
5046,3535,5,973559127
5046,1340,5,975110016
5046,3201,5,975110330
5046,3738,5,975110346
5046,2866,4,975110428
5046,2038,4,975110527
5046,1345,5,975110549
5046,1247,5,975110737
5046,3788,5,975110759
5046,3868,5,975111094
5046,3036,5,975111153
5046,2746,3,975111153
5046,3844,3,975111169
5046,1958,5,975111193
5046,2369,4,975111193
5046,3740,4,975111193
5046,2022,4,975111193
5046,2301,4,975111258
5046,2117,4,975111274
5046,2420,5,975111319
5046,3917,5,975111320
5046,3617,4,981582805
5046,3744,5,981582805
5046,3911,4,990550240
5046,3893,5,990550261
5046,3317,3,990550261
5046,3827,4,990550290
5046,3865,4,990550290
5046,930,5,1011020852
5046,3897,3,1011020852
5046,515,5,1011020885
5046,412,3,1011020906
5046,2959,4,1036192249
5046,1035,5,1036192249
5046,1649,5,1036192293
5046,2083,4,1036192335
5046,953,3,1036194497
5046,1929,5,1036194498
5046,456,5,1036195694
5046,2788,5,1036196338
5046,3467,4,1036197163
5046,3330,5,1036197216
5046,1947,4,1036197515
5046,2764,3,1036197515
5046,3365,5,1036199360
5046,3929,5,1041626960
5046,3871,4,1041627073
5046,899,5,1041627132
5046,3741,5,1041627454
5046,17,4,1041627541
5046,2612,5,1041627691
5046,1284,5,1041627808
5046,3077,5,1041627809
5046,3819,4,1041627921
5046,25,3,1041627989
5046,1132,4,1041628075
5046,3260,5,1041628075
5046,1294,3,1041628583
5046,1131,5,1041628882
5046,1640,4,1041630180
5046,1414,4,1041630206
5046,2927,3,1044801437
5057,3420,3,962484541
5057,527,3,962484541
5057,1198,3,962484571
5057,1210,3,962484643
5057,1784,4,962484643
5057,3481,4,962484711
5057,3510,3,962484711
5057,3555,3,962484711
5057,3578,3,962484711
5057,3618,3,962484711
5057,3535,3,962484736
5057,3624,3,962484736
5057,3598,3,962484760
5057,3623,3,962484787
5057,3755,3,962484801
5057,3536,4,962484865
5057,318,4,962484976
5057,2501,3,962485001
5057,1358,3,962485001
5057,1089,4,962485001
5057,1617,4,962485034
5057,296,4,962485084
5057,608,5,962485104
5057,456,4,962485142
5057,1277,3,962485159
5057,549,4,962485189
5057,1411,4,962485232
5057,1249,3,962485232
5057,3499,3,962485259
5057,2571,3,962485259
5057,2692,4,962485259
5057,1279,4,962485287
5057,778,3,962485287
5057,3186,3,962485319
5057,2396,3,962485319
5057,1094,5,962485319
5057,3418,3,962485379
5057,1704,4,962485379
5057,2890,4,962485409
5057,1265,3,962485409
5057,535,4,962485409
5057,589,3,962485463
5057,41,4,962485463
5057,2336,4,962485463
5057,2762,3,962485481
5057,2596,3,962485499
5057,1300,3,962485547
5057,2069,3,962485565
5057,1270,3,962485584
5057,1230,5,962485625
5057,858,4,962485625
5057,1193,5,962485687
5057,1221,4,962485687
5057,1244,5,962485687
5057,111,3,962485687
5057,3362,4,962485687
5057,1136,5,962485717
5057,3198,4,962485717
5057,1387,3,962485717
5057,260,3,962485756
5057,1214,3,962485756
5057,1234,4,962485756
5057,1294,4,962485756
5057,3363,4,962485756
5057,1208,4,962485794
5057,3384,3,962485794
5057,1080,5,962485808
5057,1263,3,962485834
5057,1272,4,962485834
5057,3037,4,962485835
5057,2997,4,962485887
5057,1304,4,962485887
5204,208,3,961631533
5204,480,3,961631550
5204,1372,3,961631573
5204,1198,5,961631591
5204,260,5,961631626
5204,924,5,961631665
5204,370,4,961631711
5204,1136,5,961631737
5204,1206,5,961631757
5204,1275,5,961631785
5204,2467,5,961631804
5204,485,4,961631848
5204,589,5,961631862
5204,1240,5,961631862
5204,253,5,961631877
5204,7,4,961631894
5204,1356,4,961631939
5204,3698,5,961632009
5204,2916,5,961632024
5204,2115,5,961632056
5204,1291,5,961632056
5204,539,4,961632103
5204,2692,4,961632131
5204,32,5,961632232
5204,2968,5,961632251
5204,1270,5,961632273
5204,2011,4,961632273
5204,2012,3,961632273
5204,1175,4,961632414
5204,1396,4,961632414
5204,1584,5,961632432
5204,3471,5,961632460
5204,2118,4,961632518
5204,784,5,961632595
5204,19,4,961632610
5204,344,4,961632610
5204,367,5,961632629
5204,231,5,961632651
5204,3499,4,961632696
5204,2120,4,961632713
5204,1215,4,961632713
5204,2004,3,961632761
5326,3081,4,960844727
5326,1966,3,960844727
5326,2459,5,960844828
5326,3712,3,960844853
5326,3089,3,960844905
5326,2859,3,960844918
5326,1297,3,960844918
5326,1237,3,960844938
5326,1233,4,960844956
5326,2908,3,960845010
5326,535,3,960845022
5326,3699,3,960845046
5326,2551,3,960845061
5326,3683,3,960845089
5326,3701,4,960845089
5326,3396,3,960845109
5326,3671,4,960845126
5326,307,5,960845140
5326,2248,3,960845166
5326,3039,3,960845238
5326,3175,3,960845238
5326,1914,3,960845238
5326,151,4,960845238
5326,1079,3,960845238
5326,2136,3,960845267
5326,1249,3,960845267
5326,1625,3,960845267
5326,1429,5,960845297
5326,2890,3,960845297
5326,2011,3,960845297
5326,3203,4,960845365
5326,482,5,960845772
5326,2791,3,960845772
5326,3246,4,960845802
5326,3044,3,960845822
5326,1257,4,960845822
5326,1441,4,960845847
5326,1290,3,960845871
5326,1186,3,960845930
5326,1020,4,960845930
5326,433,3,960845959
5326,3444,5,960846002
5326,3043,5,960846024
5326,2315,5,960846024
5326,2261,3,960846055
5326,1466,3,960846067
5326,1073,3,960846067
5326,18,3,960846081
5326,3219,3,960846081
5326,1431,4,960846101
5326,519,4,960846101
5326,345,3,960846116
5343,1197,4,960681931
5343,1343,3,960681931
5343,1221,5,960681969
5343,3578,5,960682010
5343,457,5,960682055
5343,593,5,960682228
5343,608,5,960682228
5343,1617,4,960682228
5343,527,5,960682228
5343,2858,5,960682252
5343,2028,5,960682252
5343,1230,5,960682304
5343,3421,4,960682398
5343,910,5,960682425
5343,2791,4,960682425
5343,3408,5,966890382
5343,3298,5,966890382
5343,3301,4,966890407
5343,2762,5,966890555
5343,919,5,966890594
5343,3114,5,966890594
5343,1023,5,966890594
5343,1,5,966890616
5343,594,5,966890616
5343,595,5,966890616
5343,2137,4,966890616
5343,1097,5,966890616
5343,588,5,966890638
5343,2081,5,966890638
5343,1028,5,966890638
5343,2078,5,966890663
5343,2080,5,966890663
5343,2096,4,966890663
5343,1022,5,966890663
5343,1029,4,966890663
5461,3467,4,959903008
5461,1198,5,959903008
5461,334,5,959903034
5461,2247,5,959903034
5461,1673,3,959903060
5461,745,5,959903152
5461,3022,5,959903190
5461,905,4,959903190
5461,1148,5,959903190
5461,3114,4,959903190
5461,1235,3,959903190
5461,1304,3,959903212
5461,2396,4,959903212
5461,3067,5,959903232
5461,2355,3,959903232
5461,3362,4,959903298
5461,2282,4,959903317
5461,2289,4,959903317
5461,34,5,959903337
5461,1223,5,959903337
5461,2858,4,959903356
5461,916,5,959903388
5461,1234,3,959903413
5461,2797,4,959903413
5461,1,5,959903433
5461,2997,4,959903433
5461,1294,5,959903469
5461,1641,3,959903486
5461,3072,5,959903503
5461,2174,5,959903518
5461,3422,5,959903534
5461,2926,4,959903534
5461,2108,5,959903553
5461,2155,3,959903553
5461,2065,4,959903584
5461,2891,4,959903584
5461,2746,4,959903604
5461,2302,3,959903640
5461,2349,5,959903640
5461,3608,5,959903669
5461,2208,5,959903724
5461,2770,4,959903772
5461,588,3,959903816
5461,2150,3,959903864
5461,2136,3,959903895
5461,141,4,959903943
5499,3063,3,959796971
5499,3101,5,959796971
5499,2245,5,959796971
5499,110,5,959796986
5499,2628,5,959797007
5499,2355,4,959797007
5499,2858,5,959797053
5499,296,5,959797258
5499,608,4,959797258
5499,1213,5,959797258
5499,1060,5,959797258
5499,50,5,959797282
5499,1466,5,959797299
5499,412,5,959797312
5499,2028,5,959797324
5499,1617,5,959797335
5499,150,5,959797387
5499,16,5,959797408
5499,58,5,959797408
5499,1682,5,959797408
5499,441,4,959797408
5499,1777,5,959797408
5499,589,5,959797440
5499,1584,4,959797440
5499,1729,5,959797440
5499,3418,4,959797461
5499,3105,4,959797461
5499,1784,4,959797461
5499,3261,5,959797486
5499,2571,5,959797512
5499,1265,5,959797512
5499,1704,5,959797525
5499,1179,3,959797541
5499,3271,5,959797553
5499,457,5,959797553
5499,357,4,959797589
5499,2916,5,959797618
5499,1923,5,959797639
5499,474,5,959797639
5499,647,3,959797656
5499,1580,4,959797692
5499,1271,5,959797713
5499,1396,4,959797713
5499,2395,4,959797713
5499,3155,5,959797726
5499,1653,5,959797738
5499,3253,5,959797749
5499,1517,5,959797762
5499,377,5,959797775
5499,1370,5,959797775
5499,597,5,959797792
5499,1625,5,959797792
5499,2302,5,959797792
5499,3176,5,959797811
5499,349,5,959797811
5499,508,5,959797811
5499,39,4,959797848
5499,832,5,959797861
5499,141,4,959797876
5499,225,5,959797888
5499,2291,4,959797902
5499,3107,4,959797914
5499,223,5,959797939
5499,440,3,959798000
5499,1721,5,959798022
5499,550,3,959798054
5499,3614,3,959798067
5499,555,3,959798067
5499,852,3,959798088
5588,858,5,959274663
5588,593,3,959274693
5588,2395,4,959274693
5588,1080,4,959274725
5588,3006,4,959274790
5588,2858,5,959274790
5588,2762,3,959274790
5588,2804,5,959274905
5588,926,4,959274970
5588,1221,5,959274970
5588,923,4,959274992
5588,2732,3,959274992
5588,306,3,959275030
5588,1207,4,959275030
5588,1104,5,959275059
5588,1228,5,959275059
5588,1247,5,959275071
5588,971,5,959275108
5588,1224,4,959275133
5588,608,5,959275170
5588,1094,3,959275170
5588,1131,3,959275187
5588,34,4,959275187
5588,1172,5,959275210
5588,1354,5,959275210
5588,1196,3,959275240
5588,702,4,959275240
5588,1276,5,959275240
5588,1288,5,959275240
5588,2345,4,959275240
5588,265,5,959275256
5712,357,4,958512290
5712,110,5,958512290
5712,1191,3,958512302
5712,2550,3,958512335
5712,3578,5,958512335
5712,1196,3,958512396
5712,1198,5,958512396
5712,2571,5,958512396
5712,2019,5,958512396
5712,2028,4,958512396
5712,969,3,958512441
5712,1197,5,958512441
5712,2947,4,958512441
5712,1233,3,958512441
5712,1240,3,958512441
5712,1261,5,958512441
5712,3265,3,958512441
5712,2692,4,958512441
5712,1036,4,958512441
5712,260,5,958512490
5712,2948,4,958512490
5712,1287,4,958512490
5712,1610,3,958512490
5712,1304,4,958512490
5712,3000,5,958512515
5712,2529,5,958512515
5712,1200,5,958512515
5712,457,3,958512515
5712,3418,3,958512537
5712,1866,4,958512537
5712,2949,4,958512537
5712,2951,5,958512537
5712,2872,4,958512572
5712,3527,4,958512572
5712,1954,4,958512572
5712,1291,4,958512572
5712,3267,3,958512572
5712,2662,3,958512572
5712,1129,4,958512610
5712,1912,4,958512610
5712,1215,3,958512610
5712,2993,3,958512610
5712,2000,4,958512610
5712,6,5,958512645
5712,592,3,958512645
5712,1127,3,958512645
5712,3153,3,958512645
5712,2527,4,958512645
5712,2288,5,958512645
5712,1374,5,958512645
5712,3404,3,958512668
5712,2490,5,958512668
5712,2194,3,958512668
5712,480,3,958512668
5712,1525,4,958512686
5712,1580,4,958512686
5712,377,3,958512686
5712,2985,5,958512686
5712,733,3,958512686
5712,2640,3,958512686
5712,1408,4,958512711
5712,2528,5,958512711
5712,2924,4,958512711
5712,3256,3,958512711
5712,112,3,958512711
5712,1047,4,958512711
5712,555,4,958512711
5712,1101,4,958512726
5712,353,4,958512726
5712,2167,3,958512743
5712,1667,4,958512743
5712,1676,3,958512743
5823,912,4,957900053
5823,661,3,957900053
5823,2348,3,957900053
5823,1377,4,957900077
5823,900,4,957900101
5823,3253,3,957900101
5823,1721,4,957900101
5823,1211,5,957900149
5823,3527,3,957900263
5823,306,5,957900287
5823,318,4,957900287
5823,307,5,957900312
5823,308,3,957900312
5823,3175,5,957900362
5823,2718,5,957900388
5823,265,3,957900481
5823,2396,4,957900481
5823,1197,5,957900500
5823,1265,4,957900525
5823,17,4,957900554
5823,58,4,957900554
5823,497,4,957900571
5823,2080,4,957900597
5823,1307,4,957900597
5823,898,5,957900614
5823,955,5,957900630
5823,969,5,957900651
5823,919,3,957900834
5823,260,5,957900834
5823,1196,5,957900834
5823,1198,4,957900834
5823,1210,4,957900860
5823,1291,4,957900860
5823,590,4,957900893
5823,1261,5,957900893
5823,1376,3,957900893
5823,2916,3,957900925
5823,1580,5,957900946
5823,592,4,957900974
5823,2406,3,957900974
5823,1215,3,957900974
5823,1127,4,957901018
5823,2115,4,957901018
5823,1275,4,957901018
5823,1356,4,957901018
5823,1073,5,957901018
5823,2470,4,957901043
5823,2628,4,957901043
5823,648,4,957901062
5823,1587,4,957901062
5823,1375,4,957901093
5823,2105,4,957901112
5823,10,4,957901112
5823,316,3,957901141
5823,329,4,957901141
5823,1371,4,957901141
5823,653,4,957901201
5823,3489,3,957901247
5823,1917,3,957901268
5823,153,4,957901268
5823,673,3,957901306
5823,1148,5,957901366
5823,745,5,957901383
5823,345,4,957901449
5823,1288,4,957901449
5823,1,5,957901481
5823,1223,5,957901481
5823,1235,4,957901481
5823,1394,4,957901481
5823,1080,5,957901499
5823,750,5,957901583
5823,2010,5,957901583
5823,541,5,957901583
5823,2571,4,957901608
5823,1240,5,957901608
5823,1270,4,957901608
5823,589,4,957901637
5823,1199,5,957901637
5823,3503,3,957901637
5823,1206,5,957901637
5823,1921,5,957901657
5823,1584,4,957901678
5823,1965,4,957901678
5823,2985,4,957901696
5823,1527,5,957901734
5823,780,4,957901760
5823,1306,5,957901794
5823,185,3,957901891
5823,327,4,957901924
5823,1305,5,957901993
5823,595,4,957902504
5823,2081,4,957902504
5823,3061,5,957902504
5823,1220,5,957902504
5823,2677,5,957902636
5823,2683,4,957902754
5823,2772,3,957902754
5823,2700,5,957902932
5823,2762,4,957902932
5937,2628,4,957213769
5937,527,3,957213799
5937,3552,4,957213828
5937,2687,3,957213828
5937,3091,4,957213947
5937,1217,3,957213995
5937,2762,4,957213995
5937,541,5,957213995
5937,608,4,957214012
5937,318,4,957214012
5937,750,4,957214012
5937,260,4,957214029
5937,1394,4,957214045
5937,111,3,957214045
5937,3265,3,957214060
5937,593,3,957214114
5937,2571,5,957214114
5937,2716,3,957214114
5937,589,4,957214142
5937,1225,4,957214142
5937,3396,3,957214142
5937,1200,5,957214164
5937,1197,5,957214187
5937,1199,5,957214187
5937,1036,4,957214187
5937,1208,4,957214206
5937,235,3,957214229
5937,3527,4,957214229
5937,32,4,957214229
5937,1210,4,957214229
5937,1258,3,957214229
5937,441,3,957214243
5937,1193,3,957214256
5937,1299,3,957214278
5937,2288,4,957214278
5937,1079,4,957214278
5937,319,3,957214299
5937,1203,3,957214335
5937,1253,3,957214335
5937,1265,3,957214352
5937,1997,3,957214364
5937,3499,3,957214379
5937,1222,3,957214379
5937,3213,3,957214379
5937,3039,4,957214397
5937,2947,4,957214419
5937,1273,4,957214419
5937,2355,5,957214419
5937,592,3,957214447
5937,2804,4,957214447
5937,2797,3,957214447
5937,1090,3,957214447
5937,1097,3,957214447
5937,2918,4,957214471
5937,1127,5,957214481
5937,1300,4,957214495
5937,2000,3,957214495
5937,2664,3,957214548
5937,2150,5,957214581
5937,1527,4,957214581
5937,2968,4,957214612
5937,2371,3,957214612
5937,337,3,957214647
5937,1584,5,957214664
5937,10,4,957214687
5937,377,3,957214687
5937,1663,4,957214687
5937,2991,4,957214701
5937,1680,3,957214701
5937,2140,5,957214735
5937,610,5,957214749
5937,1967,5,957214749
5937,2359,3,957214763
5937,1961,3,957214797
5937,1073,3,957214797
5937,1396,3,957215067
5937,3398,3,957215067
5937,207,3,957215113
5937,3107,3,957215126
5937,1968,3,957215141
5937,89,4,957215141
5937,1370,4,957215141
5937,1625,5,957215153
5937,2100,3,957215165
5937,3089,4,957215196
5937,1924,4,957215214
6026,1246,4,956725396
6026,858,4,956725396
6026,3015,3,956725430
6026,2683,4,956725453
6026,589,4,956725858
6026,924,5,956725858
6026,3471,4,956725858
6026,260,5,956725858
6026,1214,4,956725858
6026,1240,3,956725858
6026,1270,4,956725858
6026,750,5,956725858
6026,541,5,956725858
6026,1196,5,956725904
6026,1200,3,956725904
6026,1206,5,956725904
6026,2662,3,956725904
6026,2010,3,956725904
6026,1199,5,956725941
6026,2571,4,956725941
6026,1210,5,956725941
6026,1253,3,956725941
6026,1301,4,956725941
6026,1077,5,956725941
6026,968,3,956725986
6026,32,3,956725986
6026,2916,4,956725986
6026,1374,4,956725986
6026,2363,3,956725986
6026,1097,5,956725986
6026,610,3,956726048
6026,2628,5,956726048
6026,2454,4,956726100
6026,2527,3,956726100
6026,1580,3,956726100
6026,2985,4,956726100
6026,1653,4,956726100
6026,2455,4,956726141
6026,2117,4,956726141
6026,2657,3,956726141
6026,2105,3,956726183
6026,2009,4,956726183
6026,2407,5,956726227
6026,2346,3,956726227
6026,3340,4,956726227
6026,426,3,956726266
6026,1334,3,956726266
6026,1375,4,956726266
6026,2054,3,956726304
6026,3033,3,956726304
6026,1924,4,956726304
6026,788,3,956726304
6026,674,4,956726392
6026,1391,4,956726392
6026,1037,3,956726448
6026,1917,4,956726567
6026,2986,3,956726567
6026,1221,3,956726640
6026,318,4,956726688
6026,50,3,956726688
6026,593,4,956726748
6026,246,4,956726748
6026,1198,4,956726748
6026,162,5,956726748
6026,923,5,956726796
6026,1225,5,956726796
6026,2728,3,956726796
6026,1204,4,956726822
6026,3068,4,956726855
6026,1233,5,956726855
6026,527,4,956726855
