user_id	book_id	rating	time
1418	57	4	2024-01-01 00:01:00
1418	45	4	2024-01-01 00:02:00
1418	249	5	2024-01-01 00:10:00
1418	587	5	2024-01-01 00:11:00
1418	40	5	2024-01-01 00:13:00
1418	620	5	2024-01-01 00:14:00
1418	100	5	2024-01-01 00:15:00
1418	860	4	2024-01-01 00:16:00
1418	1144	4	2024-01-01 00:17:00
1418	33	5	2024-01-01 00:24:00
1418	11	5	2024-01-01 00:25:00
1418	67	5	2024-01-01 00:26:00
1418	494	5	2024-01-01 00:29:00
1418	1168	5	2024-01-01 00:35:00
1418	410	5	2024-01-01 00:36:00
1418	65	3	2024-01-01 00:37:00
1418	405	4	2024-01-01 00:38:00
1418	306	4	2024-01-01 00:39:00
1418	489	5	2024-01-01 00:42:00
1418	461	4	2024-01-01 00:44:00
1418	150	5	2024-01-01 00:45:00
1418	82	5	2024-01-01 00:46:00
1418	236	5	2024-01-01 00:47:00
1418	1096	5	2024-01-01 00:48:00
1418	779	5	2024-01-01 00:51:00
1418	195	5	2024-01-01 00:52:00
1418	16	4	2024-01-01 00:54:00
1418	98	4	2024-01-01 00:55:00
1418	140	4	2024-01-01 00:56:00
1418	414	4	2024-01-01 00:57:00
1418	231	5	2024-01-01 00:58:00
1418	180	5	2024-01-01 00:59:00
1418	407	5	2024-01-01 01:02:00
1418	47	5	2024-01-01 01:03:00
1418	409	5	2024-01-01 01:04:00
1418	46	4	2024-01-01 01:05:00
1418	772	3	2024-01-01 01:06:00
1418	697	5	2024-01-01 01:07:00
1418	291	5	2024-01-01 01:10:00
1640	302	3	2024-01-01 00:00:00
1640	145	4	2024-01-01 00:02:00
1640	693	3	2024-01-01 00:03:00
1640	660	3	2024-01-01 00:04:00
1640	768	3	2024-01-01 00:05:00
1640	11	5	2024-01-01 00:08:00
1640	336	3	2024-01-01 00:13:00
1640	40	5	2024-01-01 00:16:00
1640	67	5	2024-01-01 00:17:00
1640	414	4	2024-01-01 00:26:00
1640	791	3	2024-01-01 00:28:00
1640	674	4	2024-01-01 00:35:00
1640	16	3	2024-01-01 00:38:00
1640	299	3	2024-01-01 00:39:00
1640	37	3	2024-01-01 00:40:00
1640	332	3	2024-01-01 00:41:00
1640	292	3	2024-01-01 00:42:00
1640	347	3	2024-01-01 00:43:00
1640	542	3	2024-01-01 00:44:00
1640	641	3	2024-01-01 00:45:00
1640	602	3	2024-01-01 00:46:00
1640	488	3	2024-01-01 00:48:00
1640	421	4	2024-01-01 00:49:00
1640	139	3	2024-01-01 00:50:00
1640	140	3	2024-01-01 00:51:00
1640	98	3	2024-01-01 00:52:00
1640	31	4	2024-01-01 00:54:00
1640	662	4	2024-01-01 00:56:00
1640	17	3	2024-01-01 00:57:00
1640	634	3	2024-01-01 01:00:00
1640	147	3	2024-01-01 01:02:00
1640	119	3	2024-01-01 01:05:00
1640	60	4	2024-01-01 01:07:00
1640	45	4	2024-01-01 01:08:00
1640	689	4	2024-01-01 01:11:00
1640	30	3	2024-01-01 01:12:00
1640	244	3	2024-01-01 01:13:00
1640	111	3	2024-01-01 01:16:00
1640	59	4	2024-01-01 01:18:00
1640	80	4	2024-01-01 01:19:00
2981	4	4	2024-01-01 00:00:00
2981	2	4	2024-01-01 00:01:00
2981	27	3	2024-01-01 00:02:00
2981	24	3	2024-01-01 00:03:00
2981	21	3	2024-01-01 00:04:00
2981	18	3	2024-01-01 00:05:00
2981	23	3	2024-01-01 00:06:00
2981	25	4	2024-01-01 00:07:00
2981	28	4	2024-01-01 00:09:00
2981	50	4	2024-01-01 00:10:00
2981	32	4	2024-01-01 00:11:00
2981	14	4	2024-01-01 00:12:00
2981	122	3	2024-01-01 00:13:00
2981	168	4	2024-01-01 00:15:00
2981	72	3	2024-01-01 00:16:00
2981	176	4	2024-01-01 00:17:00
2981	243	3	2024-01-01 00:18:00
2981	232	5	2024-01-01 00:19:00
2981	237	3	2024-01-01 00:20:00
2981	612	5	2024-01-01 00:21:00
2981	305	3	2024-01-01 00:22:00
2981	349	3	2024-01-01 00:23:00
2981	725	5	2024-01-01 00:24:00
2981	806	5	2024-01-01 00:25:00
2981	553	3	2024-01-01 00:26:00
2981	953	5	2024-01-01 00:27:00
2981	936	5	2024-01-01 00:28:00
2981	1261	3	2024-01-01 00:29:00
2981	670	3	2024-01-01 00:30:00
2981	556	3	2024-01-01 00:31:00
2981	1053	5	2024-01-01 00:32:00
2981	1248	5	2024-01-01 00:33:00
2981	578	3	2024-01-01 00:34:00
2981	675	3	2024-01-01 00:35:00
2981	865	3	2024-01-01 00:36:00
2981	705	4	2024-01-01 00:37:00
2981	915	4	2024-01-01 00:38:00
2981	1123	4	2024-01-01 00:39:00
2981	1498	3	2024-01-01 00:40:00
2981	986	3	2024-01-01 00:41:00
2981	967	3	2024-01-01 00:42:00
2981	1075	4	2024-01-01 00:43:00
2981	609	4	2024-01-01 00:44:00
2981	1139	3	2024-01-01 00:46:00
2981	944	3	2024-01-01 00:47:00
2981	911	4	2024-01-01 00:50:00
2981	1288	4	2024-01-01 00:53:00
2981	1208	4	2024-01-01 00:56:00
2981	703	4	2024-01-01 01:12:00
2981	739	3	2024-01-01 01:13:00
2981	173	4	2024-01-01 01:19:00
2981	264	3	2024-01-01 01:20:00
2981	367	5	2024-01-01 01:23:00
2981	271	5	2024-01-01 01:41:00
2981	63	5	2024-01-01 01:42:00
3021	1096	4	2024-01-01 00:02:00
3021	92	5	2024-01-01 00:04:00
3021	736	4	2024-01-01 00:07:00
3021	258	5	2024-01-01 00:08:00
3021	271	5	2024-01-01 00:09:00
3021	570	4	2024-01-01 00:10:00
3021	795	4	2024-01-01 00:11:00
3021	187	3	2024-01-01 00:13:00
3021	104	4	2024-01-01 00:14:00
3021	3	3	2024-01-01 00:16:00
3021	49	3	2024-01-01 00:17:00
3021	52	3	2024-01-01 00:18:00
3021	56	3	2024-01-01 00:19:00
3021	60	3	2024-01-01 00:22:00
3021	572	5	2024-01-01 00:23:00
3021	119	5	2024-01-01 00:25:00
3021	883	4	2024-01-01 00:26:00
3021	407	5	2024-01-01 00:27:00
3021	682	5	2024-01-01 00:28:00
3021	867	3	2024-01-01 00:29:00
3021	522	3	2024-01-01 00:30:00
3021	653	4	2024-01-01 00:32:00
3021	688	4	2024-01-01 00:33:00
3021	467	4	2024-01-01 00:34:00
3021	189	4	2024-01-01 00:35:00
3021	131	3	2024-01-01 00:36:00
3021	225	3	2024-01-01 00:37:00
3021	80	4	2024-01-01 00:38:00
3021	121	4	2024-01-01 00:39:00
3021	66	4	2024-01-01 00:40:00
3021	15	3	2024-01-01 00:41:00
3021	255	3	2024-01-01 00:42:00
3021	37	5	2024-01-01 00:43:00
3021	48	5	2024-01-01 00:44:00
3021	337	4	2024-01-01 00:45:00
3021	178	4	2024-01-01 00:46:00
3021	1214	3	2024-01-01 00:47:00
3021	162	4	2024-01-01 00:48:00
3021	461	4	2024-01-01 00:49:00
3021	233	4	2024-01-01 00:50:00
3021	323	5	2024-01-01 00:51:00
3021	118	3	2024-01-01 00:52:00
3021	301	4	2024-01-01 00:53:00
3021	158	4	2024-01-01 00:54:00
3021	43	3	2024-01-01 00:56:00
3021	177	4	2024-01-01 00:57:00
3021	109	5	2024-01-01 00:58:00
3021	172	4	2024-01-01 00:59:00
3021	126	3	2024-01-01 01:00:00
3021	79	4	2024-01-01 01:01:00
3021	840	5	2024-01-01 01:02:00
3021	191	4	2024-01-01 01:09:00
3021	85	5	2024-01-01 01:10:00
3021	480	3	2024-01-01 01:11:00
3021	368	4	2024-01-01 01:12:00
3021	16	3	2024-01-01 01:15:00
3021	193	4	2024-01-01 01:17:00
3021	584	4	2024-01-01 01:18:00
3021	192	5	2024-01-01 01:19:00
3021	214	3	2024-01-01 01:22:00
3021	159	3	2024-01-01 01:23:00
3021	175	3	2024-01-01 01:24:00
3021	201	3	2024-01-01 01:25:00
3021	291	4	2024-01-01 01:33:00
3021	1	4	2024-01-01 01:35:00
3021	20	4	2024-01-01 01:36:00
3021	17	4	2024-01-01 01:37:00
3021	98	4	2024-01-01 01:38:00
3059	10	5	2024-01-01 00:00:00
3059	4	4	2024-01-01 00:01:00
3059	43	5	2024-01-01 00:02:00
3059	5	4	2024-01-01 00:03:00
3059	48	4	2024-01-01 00:04:00
3059	432	3	2024-01-01 00:05:00
3059	709	3	2024-01-01 00:08:00
3059	456	3	2024-01-01 00:09:00
3059	899	4	2024-01-01 00:10:00
3059	1088	5	2024-01-01 00:20:00
3059	133	3	2024-01-01 00:21:00
3059	225	5	2024-01-01 00:22:00
3059	129	3	2024-01-01 00:23:00
3059	113	3	2024-01-01 00:24:00
3059	461	4	2024-01-01 00:26:00
3059	829	5	2024-01-01 00:27:00
3059	63	4	2024-01-01 00:28:00
3059	29	4	2024-01-01 00:29:00
3059	8	3	2024-01-01 00:30:00
3059	42	4	2024-01-01 00:31:00
3059	664	4	2024-01-01 00:32:00
3059	87	5	2024-01-01 00:36:00
3059	76	5	2024-01-01 00:38:00
3059	71	4	2024-01-01 00:39:00
3059	230	4	2024-01-01 00:40:00
3059	171	5	2024-01-01 00:41:00
3059	172	4	2024-01-01 00:45:00
3059	451	4	2024-01-01 00:46:00
3059	124	4	2024-01-01 00:47:00
3059	11	5	2024-01-01 00:48:00
3059	150	3	2024-01-01 00:49:00
3059	378	5	2024-01-01 00:50:00
3059	273	4	2024-01-01 00:51:00
3059	848	4	2024-01-01 00:52:00
3059	1159	5	2024-01-01 00:53:00
3059	779	5	2024-01-01 00:58:00
3059	901	5	2024-01-01 01:00:00
3059	148	4	2024-01-01 01:01:00
3059	38	4	2024-01-01 01:03:00
3059	22	4	2024-01-01 01:04:00
3059	697	5	2024-01-01 01:05:00
3059	60	4	2024-01-01 01:06:00
3059	522	3	2024-01-01 01:07:00
3059	820	4	2024-01-01 01:08:00
3059	494	4	2024-01-01 01:09:00
3059	407	5	2024-01-01 01:10:00
3059	948	4	2024-01-01 01:11:00
3059	333	4	2024-01-01 01:20:00
3059	67	4	2024-01-01 01:21:00
3059	258	4	2024-01-01 01:22:00
3059	737	4	2024-01-01 01:25:00
3059	45	4	2024-01-01 01:28:00
3059	291	5	2024-01-01 01:29:00
3059	906	4	2024-01-01 01:30:00
3455	84	4	2024-01-01 00:11:00
3455	487	3	2024-01-01 00:12:00
3455	693	5	2024-01-01 00:13:00
3455	575	4	2024-01-01 00:14:00
3455	640	3	2024-01-01 00:15:00
3455	123	5	2024-01-01 00:20:00
3455	596	5	2024-01-01 00:21:00
3455	1057	5	2024-01-01 00:22:00
3455	362	4	2024-01-01 00:26:00
3455	219	5	2024-01-01 00:27:00
3455	493	4	2024-01-01 00:28:00
3455	10	4	2024-01-01 00:33:00
3455	161	5	2024-01-01 00:36:00
3455	155	5	2024-01-01 00:37:00
3455	19	5	2024-01-01 00:38:00
3455	7	5	2024-01-01 00:39:00
3455	13	4	2024-01-01 00:40:00
3455	55	4	2024-01-01 00:41:00
3455	126	4	2024-01-01 00:42:00
3455	4	5	2024-01-01 00:43:00
3455	8	3	2024-01-01 00:44:00
3455	225	5	2024-01-01 00:45:00
3455	32	3	2024-01-01 00:46:00
3455	181	4	2024-01-01 00:49:00
3455	2	3	2024-01-01 00:51:00
3455	18	4	2024-01-01 00:52:00
3455	24	4	2024-01-01 00:53:00
3455	27	5	2024-01-01 00:54:00
3455	25	5	2024-01-01 00:55:00
3455	21	4	2024-01-01 00:56:00
3455	23	3	2024-01-01 00:57:00
3455	264	5	2024-01-01 01:04:00
3455	54	4	2024-01-01 01:06:00
3455	867	3	2024-01-01 01:24:00
3687	27	5	2024-01-01 00:00:00
3687	25	5	2024-01-01 00:01:00
3687	49	5	2024-01-01 00:02:00
3687	52	4	2024-01-01 00:03:00
3687	500	3	2024-01-01 00:04:00
3687	223	5	2024-01-01 00:07:00
3687	356	4	2024-01-01 00:17:00
3687	793	5	2024-01-01 00:19:00
3687	77	4	2024-01-01 00:21:00
3687	486	5	2024-01-01 00:22:00
3687	373	5	2024-01-01 00:23:00
3687	21	5	2024-01-01 00:25:00
3687	1	4	2024-01-01 00:26:00
3687	175	4	2024-01-01 00:27:00
3687	11	5	2024-01-01 00:28:00
3687	5	3	2024-01-01 00:29:00
3687	476	4	2024-01-01 00:30:00
3687	363	4	2024-01-01 00:31:00
3687	120	3	2024-01-01 00:36:00
3687	541	4	2024-01-01 00:38:00
3687	443	5	2024-01-01 00:40:00
3687	615	4	2024-01-01 00:41:00
3687	328	5	2024-01-01 00:44:00
3687	2	5	2024-01-01 00:49:00
3687	159	4	2024-01-01 00:50:00
3687	368	3	2024-01-01 00:51:00
3687	29	4	2024-01-01 01:01:00
3687	555	5	2024-01-01 01:02:00
3687	325	5	2024-01-01 01:06:00
4235	193	5	2024-01-01 00:01:00
4235	47	5	2024-01-01 00:02:00
4235	314	3	2024-01-01 00:04:00
4235	58	3	2024-01-01 00:05:00
4235	263	5	2024-01-01 00:08:00
4235	388	5	2024-01-01 00:13:00
4235	627	5	2024-01-01 00:17:00
4235	728	5	2024-01-01 00:18:00
4235	549	5	2024-01-01 00:19:00
4235	241	5	2024-01-01 00:20:00
4235	905	4	2024-01-01 00:21:00
4235	868	5	2024-01-01 00:22:00
4235	85	5	2024-01-01 00:25:00
4235	102	5	2024-01-01 00:26:00
4235	296	5	2024-01-01 00:27:00
4235	36	5	2024-01-01 00:28:00
4235	661	5	2024-01-01 00:29:00
4235	454	5	2024-01-01 00:30:00
4235	369	5	2024-01-01 00:40:00
4235	49	3	2024-01-01 00:49:00
4235	56	4	2024-01-01 00:51:00
4235	808	4	2024-01-01 00:52:00
4235	195	5	2024-01-01 00:53:00
4235	417	4	2024-01-01 00:54:00
4235	133	5	2024-01-01 00:55:00
4235	1	5	2024-01-01 00:56:00
4235	901	4	2024-01-01 00:57:00
4235	1024	4	2024-01-01 00:58:00
4235	31	5	2024-01-01 00:59:00
4235	501	3	2024-01-01 01:00:00
4235	396	4	2024-01-01 01:01:00
4235	81	4	2024-01-01 01:05:00
4235	17	4	2024-01-01 01:07:00
4235	20	4	2024-01-01 01:12:00
4235	100	4	2024-01-01 01:13:00
4235	192	4	2024-01-01 01:14:00
4235	923	3	2024-01-01 01:15:00
4235	208	3	2024-01-01 01:16:00
4235	160	5	2024-01-01 01:18:00
4235	43	4	2024-01-01 01:21:00
4235	677	4	2024-01-01 01:23:00
4235	185	4	2024-01-01 01:26:00
4235	362	3	2024-01-01 01:27:00
4434	531	5	2024-01-01 00:00:00
4434	191	5	2024-01-01 00:01:00
4434	126	5	2024-01-01 00:03:00
4434	1394	4	2024-01-01 00:04:00
4434	526	5	2024-01-01 00:06:00
4434	135	4	2024-01-01 00:13:00
4434	1034	4	2024-01-01 00:16:00
4434	1363	4	2024-01-01 00:17:00
4434	1228	3	2024-01-01 00:18:00
4434	39	4	2024-01-01 00:21:00
4434	1340	5	2024-01-01 00:22:00
4434	450	3	2024-01-01 00:27:00
4434	1127	4	2024-01-01 00:28:00
4434	1450	4	2024-01-01 00:29:00
4434	110	4	2024-01-01 00:30:00
4434	1304	4	2024-01-01 00:31:00
4434	165	3	2024-01-01 00:33:00
4434	891	3	2024-01-01 00:34:00
4434	188	3	2024-01-01 00:40:00
4434	7	5	2024-01-01 00:41:00
4434	189	4	2024-01-01 00:42:00
4434	611	3	2024-01-01 00:43:00
4434	192	5	2024-01-01 00:44:00
4434	307	4	2024-01-01 00:45:00
4434	70	5	2024-01-01 00:50:00
4434	760	4	2024-01-01 00:51:00
4434	167	5	2024-01-01 00:55:00
4434	312	3	2024-01-01 00:56:00
4434	109	4	2024-01-01 01:08:00
4434	53	4	2024-01-01 01:10:00
4434	345	3	2024-01-01 01:11:00
4434	13	3	2024-01-01 01:14:00
4434	54	5	2024-01-01 01:15:00
4463	126	5	2024-01-01 00:04:00
4463	718	3	2024-01-01 00:06:00
4463	365	4	2024-01-01 00:07:00
4463	322	3	2024-01-01 00:09:00
4463	766	4	2024-01-01 00:14:00
4463	587	4	2024-01-01 00:21:00
4463	177	5	2024-01-01 00:22:00
4463	65	4	2024-01-01 00:24:00
4463	1074	4	2024-01-01 00:25:00
4463	284	3	2024-01-01 00:29:00
4463	71	5	2024-01-01 00:31:00
4463	100	5	2024-01-01 00:36:00
4463	360	3	2024-01-01 00:37:00
4463	974	3	2024-01-01 00:38:00
4463	323	4	2024-01-01 00:41:00
4463	765	5	2024-01-01 00:43:00
4463	546	4	2024-01-01 00:46:00
4463	350	5	2024-01-01 00:47:00
4463	344	4	2024-01-01 00:50:00
4463	426	4	2024-01-01 00:54:00
4463	709	4	2024-01-01 00:55:00
4463	483	4	2024-01-01 00:56:00
4463	131	4	2024-01-01 00:57:00
4463	494	3	2024-01-01 00:58:00
4463	7	5	2024-01-01 00:59:00
4463	5	3	2024-01-01 01:00:00
4463	8	4	2024-01-01 01:01:00
5102	249	4	2024-01-01 00:00:00
5102	111	3	2024-01-01 00:01:00
5102	46	3	2024-01-01 00:02:00
5102	38	5	2024-01-01 00:04:00
5102	81	5	2024-01-01 00:05:00
5102	119	5	2024-01-01 00:06:00
5102	64	4	2024-01-01 00:07:00
5102	60	4	2024-01-01 00:08:00
5102	13	5	2024-01-01 00:09:00
5102	4	5	2024-01-01 00:10:00
5102	82	3	2024-01-01 00:11:00
5102	236	5	2024-01-01 00:12:00
5102	104	4	2024-01-01 00:13:00
5102	117	5	2024-01-01 00:15:00
5102	508	4	2024-01-01 00:16:00
5102	100	5	2024-01-01 00:17:00
5102	101	4	2024-01-01 00:18:00
5102	22	4	2024-01-01 00:19:00
5102	57	3	2024-01-01 00:20:00
5102	414	5	2024-01-01 00:21:00
5102	595	5	2024-01-01 00:23:00
5102	381	3	2024-01-01 00:26:00
5102	238	4	2024-01-01 00:27:00
5102	67	5	2024-01-01 00:28:00
5102	156	5	2024-01-01 00:29:00
5102	3	5	2024-01-01 00:30:00
5102	11	4	2024-01-01 00:31:00
5102	26	4	2024-01-01 00:32:00
5102	32	3	2024-01-01 00:34:00
5102	455	4	2024-01-01 00:35:00
5102	16	5	2024-01-01 00:38:00
5102	344	4	2024-01-01 00:39:00
5102	193	5	2024-01-01 00:40:00
5102	526	3	2024-01-01 00:41:00
5102	758	5	2024-01-01 00:43:00
5102	98	5	2024-01-01 00:45:00
5102	140	4	2024-01-01 00:46:00
5102	584	4	2024-01-01 00:47:00
5102	20	5	2024-01-01 00:48:00
5102	563	3	2024-01-01 00:51:00
5102	41	5	2024-01-01 00:59:00
5102	550	4	2024-01-01 01:00:00
5102	91	4	2024-01-01 01:01:00
5102	259	4	2024-01-01 01:02:00
5102	151	3	2024-01-01 01:03:00
5102	211	4	2024-01-01 01:04:00
5102	677	5	2024-01-01 01:07:00
5102	214	4	2024-01-01 01:09:00
5102	14	4	2024-01-01 01:10:00
5102	159	4	2024-01-01 01:11:00
5487	3	5	2024-01-01 00:00:00
5487	49	4	2024-01-01 00:01:00
5487	52	5	2024-01-01 00:02:00
5487	56	5	2024-01-01 00:03:00
5487	73	4	2024-01-01 00:04:00
5487	142	5	2024-01-01 00:05:00
5487	186	5	2024-01-01 00:07:00
5487	700	4	2024-01-01 00:10:00
5487	156	4	2024-01-01 00:14:00
5487	455	4	2024-01-01 00:15:00
5487	64	5	2024-01-01 00:17:00
5487	328	5	2024-01-01 00:18:00
5487	331	3	2024-01-01 00:19:00
5487	606	4	2024-01-01 00:23:00
5487	575	4	2024-01-01 00:39:00
5487	994	4	2024-01-01 00:40:00
5487	228	4	2024-01-01 00:43:00
5487	133	3	2024-01-01 00:44:00
5487	270	3	2024-01-01 00:45:00
5487	212	3	2024-01-01 00:52:00
5487	269	4	2024-01-01 00:53:00
5487	78	4	2024-01-01 00:54:00
5487	310	3	2024-01-01 00:55:00
5487	306	3	2024-01-01 00:56:00
5487	38	5	2024-01-01 01:00:00
5487	150	5	2024-01-01 01:02:00
5487	381	3	2024-01-01 01:03:00
5487	509	3	2024-01-01 01:04:00
5487	60	3	2024-01-01 01:05:00
5487	26	4	2024-01-01 01:08:00
5487	311	4	2024-01-01 01:09:00
5487	33	5	2024-01-01 01:10:00
5487	840	4	2024-01-01 01:11:00
5487	411	3	2024-01-01 01:13:00
5487	625	4	2024-01-01 01:14:00
5487	15	4	2024-01-01 01:16:00
5487	13	3	2024-01-01 01:17:00
5487	43	3	2024-01-01 01:19:00
5487	256	5	2024-01-01 01:21:00
5487	119	4	2024-01-01 01:24:00
5487	195	3	2024-01-01 01:25:00
5487	42	4	2024-01-01 01:26:00
5487	4	3	2024-01-01 01:27:00
5487	261	4	2024-01-01 01:28:00
5487	46	4	2024-01-01 01:29:00
5487	2	5	2024-01-01 01:30:00
5487	10	4	2024-01-01 01:32:00
5487	115	3	2024-01-01 01:33:00
5487	100	4	2024-01-01 01:34:00
5487	31	5	2024-01-01 01:35:00
5487	25	5	2024-01-01 01:36:00
5487	81	4	2024-01-01 01:37:00
5487	18	5	2024-01-01 01:38:00
5487	24	5	2024-01-01 01:40:00
5487	198	3	2024-01-01 01:41:00
5487	63	3	2024-01-01 01:42:00
5487	76	4	2024-01-01 01:43:00
5487	273	4	2024-01-01 01:46:00
5487	28	3	2024-01-01 01:47:00
5487	89	3	2024-01-01 01:48:00
5487	487	4	2024-01-01 01:51:00
5487	773	3	2024-01-01 01:52:00
5487	126	5	2024-01-01 01:53:00
5487	304	5	2024-01-01 01:54:00
6144	256	4	2024-01-01 00:00:00
6144	46	4	2024-01-01 00:03:00
6144	463	4	2024-01-01 00:05:00
6144	554	3	2024-01-01 00:06:00
6144	207	4	2024-01-01 00:07:00
6144	912	4	2024-01-01 00:08:00
6144	996	4	2024-01-01 00:09:00
6144	1067	4	2024-01-01 00:10:00
6144	1151	4	2024-01-01 00:11:00
6144	1226	4	2024-01-01 00:12:00
6144	1232	4	2024-01-01 00:13:00
6144	1181	4	2024-01-01 00:14:00
6144	1267	4	2024-01-01 00:17:00
6144	49	4	2024-01-01 00:26:00
6144	743	5	2024-01-01 00:28:00
6144	52	3	2024-01-01 00:29:00
6144	56	4	2024-01-01 00:30:00
6144	521	4	2024-01-01 00:52:00
6144	208	3	2024-01-01 00:55:00
6144	1	4	2024-01-01 00:56:00
6144	20	4	2024-01-01 00:57:00
6144	17	4	2024-01-01 00:58:00
6144	34	3	2024-01-01 00:59:00
6144	324	4	2024-01-01 01:00:00
6144	164	4	2024-01-01 01:02:00
6144	30	3	2024-01-01 01:03:00
6144	698	4	2024-01-01 01:04:00
6144	31	3	2024-01-01 01:11:00
6144	438	4	2024-01-01 01:12:00
6144	235	3	2024-01-01 01:13:00
7041	125	5	2024-01-01 00:00:00
7041	353	3	2024-01-01 00:01:00
7041	682	4	2024-01-01 00:07:00
7041	62	4	2024-01-01 00:08:00
7041	368	5	2024-01-01 00:09:00
7041	480	5	2024-01-01 00:10:00
7041	255	5	2024-01-01 00:11:00
7041	167	5	2024-01-01 00:13:00
7041	322	5	2024-01-01 00:14:00
7041	377	5	2024-01-01 00:15:00
7041	56	3	2024-01-01 00:19:00
7041	54	5	2024-01-01 00:20:00
7041	85	5	2024-01-01 00:21:00
7041	7	4	2024-01-01 00:22:00
7041	229	4	2024-01-01 00:23:00
7041	26	3	2024-01-01 00:24:00
7041	102	5	2024-01-01 00:25:00
7041	597	4	2024-01-01 00:27:00
7041	9	4	2024-01-01 00:28:00
7041	439	5	2024-01-01 00:30:00
7041	301	4	2024-01-01 00:32:00
7041	278	5	2024-01-01 00:33:00
7041	158	3	2024-01-01 00:35:00
7041	402	5	2024-01-01 00:37:00
7041	824	4	2024-01-01 00:38:00
7041	341	4	2024-01-01 00:39:00
7041	512	4	2024-01-01 00:40:00
7041	271	3	2024-01-01 00:41:00
7041	1167	5	2024-01-01 00:42:00
7041	117	4	2024-01-01 00:44:00
7041	37	3	2024-01-01 00:45:00
7041	114	4	2024-01-01 00:46:00
7041	48	4	2024-01-01 00:47:00
7041	13	5	2024-01-01 00:48:00
7041	79	4	2024-01-01 00:49:00
7041	58	5	2024-01-01 00:50:00
7041	50	5	2024-01-01 00:51:00
7041	8	5	2024-01-01 00:52:00
7041	792	5	2024-01-01 00:54:00
7041	977	5	2024-01-01 00:55:00
7041	97	4	2024-01-01 00:56:00
7041	371	3	2024-01-01 00:58:00
7041	55	5	2024-01-01 00:59:00
7041	71	4	2024-01-01 01:00:00
7041	14	4	2024-01-01 01:02:00
7041	65	5	2024-01-01 01:03:00
7041	337	5	2024-01-01 01:04:00
7123	767	5	2024-01-01 00:03:00
7123	494	5	2024-01-01 00:04:00
7123	801	4	2024-01-01 00:05:00
7123	1030	3	2024-01-01 00:06:00
7123	104	4	2024-01-01 00:08:00
7123	212	4	2024-01-01 00:09:00
7123	727	4	2024-01-01 00:10:00
7123	47	4	2024-01-01 00:14:00
7123	380	5	2024-01-01 00:15:00
7123	320	4	2024-01-01 00:17:00
7123	1	5	2024-01-01 00:18:00
7123	484	5	2024-01-01 00:19:00
7123	146	5	2024-01-01 00:20:00
7123	822	4	2024-01-01 00:21:00
7123	100	5	2024-01-01 00:22:00
7123	430	5	2024-01-01 00:23:00
7123	2	5	2024-01-01 00:24:00
7123	185	4	2024-01-01 00:25:00
7123	122	3	2024-01-01 00:26:00
7123	551	3	2024-01-01 00:27:00
7123	84	4	2024-01-01 00:28:00
7123	239	4	2024-01-01 00:29:00
7123	426	4	2024-01-01 00:30:00
7123	520	4	2024-01-01 00:31:00
7123	306	5	2024-01-01 00:32:00
7123	883	3	2024-01-01 00:34:00
7123	869	4	2024-01-01 00:35:00
7123	930	4	2024-01-01 00:36:00
7123	272	4	2024-01-01 00:37:00
7123	453	4	2024-01-01 00:38:00
7123	919	4	2024-01-01 00:39:00
7123	733	4	2024-01-01 00:40:00
7123	311	5	2024-01-01 00:41:00
7123	948	3	2024-01-01 00:42:00
7123	106	4	2024-01-01 00:46:00
7123	745	4	2024-01-01 00:47:00
7123	495	5	2024-01-01 00:48:00
7123	574	4	2024-01-01 00:50:00
7123	1021	3	2024-01-01 00:52:00
7123	236	5	2024-01-01 00:53:00
7123	1048	3	2024-01-01 00:54:00
7123	114	3	2024-01-01 01:04:00
7123	144	5	2024-01-01 01:05:00
7123	771	4	2024-01-01 01:06:00
7123	508	4	2024-01-01 01:08:00
7123	208	4	2024-01-01 01:09:00
7348	4	4	2024-01-01 00:00:00
7348	14	3	2024-01-01 00:01:00
7348	58	3	2024-01-01 00:02:00
7348	29	3	2024-01-01 00:03:00
7348	79	3	2024-01-01 00:04:00
7348	194	4	2024-01-01 00:05:00
7348	100	3	2024-01-01 00:06:00
7348	56	4	2024-01-01 00:07:00
7348	49	4	2024-01-01 00:08:00
7348	3	4	2024-01-01 00:09:00
7348	2	5	2024-01-01 00:10:00
7348	25	5	2024-01-01 00:11:00
7348	18	5	2024-01-01 00:12:00
7348	24	5	2024-01-01 00:13:00
7348	27	5	2024-01-01 00:14:00
7348	21	5	2024-01-01 00:15:00
7348	23	5	2024-01-01 00:16:00
7348	399	4	2024-01-01 00:17:00
7348	314	4	2024-01-01 00:20:00
7348	19	4	2024-01-01 00:22:00
7348	10	3	2024-01-01 00:23:00
7348	37	5	2024-01-01 00:24:00
7348	15	4	2024-01-01 00:25:00
7348	155	4	2024-01-01 00:26:00
7348	161	4	2024-01-01 00:27:00
7348	62	5	2024-01-01 00:28:00
7348	225	4	2024-01-01 00:29:00
7348	219	5	2024-01-01 00:30:00
7348	44	4	2024-01-01 00:31:00
7348	335	3	2024-01-01 00:32:00
7348	368	5	2024-01-01 00:33:00
7348	480	5	2024-01-01 00:34:00
7348	321	4	2024-01-01 00:35:00
7348	116	3	2024-01-01 00:36:00
7348	937	5	2024-01-01 00:37:00
7348	641	5	2024-01-01 00:38:00
7348	97	3	2024-01-01 00:39:00
7348	229	3	2024-01-01 00:40:00
7348	204	3	2024-01-01 00:41:00
7348	341	4	2024-01-01 00:42:00
7348	221	3	2024-01-01 00:44:00
7348	361	3	2024-01-01 00:45:00
7348	422	5	2024-01-01 00:48:00
7348	531	3	2024-01-01 00:50:00
7696	736	4	2024-01-01 00:02:00
7696	204	4	2024-01-01 00:03:00
7696	25	3	2024-01-01 00:06:00
7696	727	3	2024-01-01 00:07:00
7696	658	3	2024-01-01 00:08:00
7696	93	4	2024-01-01 00:11:00
7696	162	3	2024-01-01 00:13:00
7696	480	4	2024-01-01 00:15:00
7696	407	3	2024-01-01 00:16:00
7696	135	3	2024-01-01 00:17:00
7696	457	4	2024-01-01 00:20:00
7696	284	4	2024-01-01 00:22:00
7696	730	3	2024-01-01 00:23:00
7696	289	4	2024-01-01 00:24:00
7696	291	5	2024-01-01 00:25:00
7696	323	3	2024-01-01 00:27:00
7696	1167	3	2024-01-01 00:29:00
7696	97	4	2024-01-01 00:36:00
7696	243	4	2024-01-01 00:37:00
7696	696	3	2024-01-01 00:39:00
7696	1	3	2024-01-01 00:41:00
7696	30	3	2024-01-01 00:42:00
7696	128	4	2024-01-01 00:43:00
7696	225	5	2024-01-01 00:44:00
7696	172	4	2024-01-01 00:45:00
7696	61	3	2024-01-01 00:47:00
7696	59	5	2024-01-01 00:49:00
7696	939	4	2024-01-01 01:01:00
7696	117	5	2024-01-01 01:04:00
7696	404	5	2024-01-01 01:05:00
7696	924	3	2024-01-01 01:07:00
7696	1178	3	2024-01-01 01:11:00
7696	98	3	2024-01-01 01:14:00
7696	768	4	2024-01-01 01:15:00
8162	320	3	2024-01-01 00:00:00
8162	455	3	2024-01-01 00:03:00
8162	801	5	2024-01-01 00:05:00
8162	1030	3	2024-01-01 00:10:00
8162	689	4	2024-01-01 00:15:00
8162	414	4	2024-01-01 00:17:00
8162	295	4	2024-01-01 00:18:00
8162	6	3	2024-01-01 00:19:00
8162	993	4	2024-01-01 00:20:00
8162	226	3	2024-01-01 00:26:00
8162	1011	5	2024-01-01 00:31:00
8162	482	4	2024-01-01 00:33:00
8162	1	4	2024-01-01 00:35:00
8162	31	4	2024-01-01 00:36:00
8162	924	3	2024-01-01 00:38:00
8162	34	4	2024-01-01 00:39:00
8162	771	3	2024-01-01 00:40:00
8162	46	4	2024-01-01 00:43:00
8162	4	4	2024-01-01 00:46:00
8162	15	5	2024-01-01 00:47:00
8162	2	4	2024-01-01 00:48:00
8162	87	5	2024-01-01 00:49:00
8162	11	5	2024-01-01 00:50:00
8162	25	5	2024-01-01 00:51:00
8162	42	4	2024-01-01 00:52:00
8162	47	5	2024-01-01 00:53:00
8162	18	5	2024-01-01 00:54:00
8162	24	5	2024-01-01 00:55:00
8162	33	4	2024-01-01 00:56:00
8162	27	5	2024-01-01 00:57:00
8162	114	3	2024-01-01 00:58:00
8162	90	4	2024-01-01 00:59:00
8162	61	4	2024-01-01 01:00:00
8162	668	5	2024-01-01 01:13:00
8162	617	3	2024-01-01 01:16:00
8162	437	5	2024-01-01 01:17:00
8162	250	4	2024-01-01 01:19:00
8162	811	4	2024-01-01 01:22:00
8851	4	4	2024-01-01 00:00:00
8851	8	4	2024-01-01 00:01:00
8851	5	4	2024-01-01 00:02:00
8851	14	4	2024-01-01 00:03:00
8851	94	4	2024-01-01 00:04:00
8851	29	4	2024-01-01 00:05:00
8851	58	4	2024-01-01 00:06:00
8851	42	4	2024-01-01 00:07:00
8851	83	4	2024-01-01 00:08:00
8851	79	4	2024-01-01 00:09:00
8851	103	4	2024-01-01 00:10:00
8851	109	4	2024-01-01 00:11:00
8851	57	3	2024-01-01 00:12:00
8851	118	5	2024-01-01 00:13:00
8851	261	5	2024-01-01 00:14:00
8851	26	5	2024-01-01 00:15:00
8851	15	4	2024-01-01 00:16:00
8851	2	5	2024-01-01 00:17:00
8851	62	5	2024-01-01 00:18:00
8851	38	4	2024-01-01 00:19:00
8851	43	4	2024-01-01 00:20:00
8851	76	4	2024-01-01 00:21:00
8851	44	5	2024-01-01 00:22:00
8851	66	4	2024-01-01 00:23:00
8851	272	5	2024-01-01 00:24:00
8851	13	4	2024-01-01 00:25:00
8851	126	4	2024-01-01 00:27:00
8851	136	4	2024-01-01 00:28:00
8851	10	4	2024-01-01 00:29:00
8851	19	5	2024-01-01 00:30:00
8851	7	5	2024-01-01 00:31:00
8851	127	3	2024-01-01 00:32:00
8851	84	4	2024-01-01 00:33:00
8851	288	4	2024-01-01 00:34:00
8851	222	5	2024-01-01 00:35:00
8851	209	5	2024-01-01 00:36:00
8851	72	4	2024-01-01 00:37:00
8851	25	5	2024-01-01 00:38:00
8851	24	5	2024-01-01 00:39:00
8851	18	5	2024-01-01 00:40:00
8851	27	5	2024-01-01 00:41:00
8851	21	5	2024-01-01 00:42:00
8851	23	5	2024-01-01 00:43:00
8851	9	5	2024-01-01 00:44:00
8851	85	5	2024-01-01 00:45:00
8851	45	5	2024-01-01 00:46:00
8851	102	5	2024-01-01 00:47:00
8851	339	5	2024-01-01 00:48:00
8851	661	5	2024-01-01 00:49:00
8851	679	4	2024-01-01 00:50:00
8890	125	3	2024-01-01 00:00:00
8890	264	3	2024-01-01 00:01:00
8890	77	4	2024-01-01 00:02:00
8890	1033	4	2024-01-01 00:03:00
8890	88	5	2024-01-01 00:04:00
8890	179	3	2024-01-01 00:05:00
8890	356	4	2024-01-01 00:10:00
8890	873	4	2024-01-01 00:11:00
8890	219	4	2024-01-01 00:19:00
8890	154	3	2024-01-01 00:20:00
8890	390	3	2024-01-01 00:24:00
8890	401	4	2024-01-01 00:25:00
8890	332	4	2024-01-01 00:33:00
8890	25	5	2024-01-01 00:35:00
8890	27	5	2024-01-01 00:36:00
8890	21	5	2024-01-01 00:37:00
8890	24	5	2024-01-01 00:38:00
8890	275	4	2024-01-01 00:39:00
8890	74	5	2024-01-01 00:40:00
8890	1465	4	2024-01-01 00:41:00
8890	646	3	2024-01-01 00:42:00
8890	248	4	2024-01-01 00:46:00
8890	353	3	2024-01-01 00:47:00
8890	530	3	2024-01-01 00:48:00
8890	361	3	2024-01-01 00:49:00
8890	770	3	2024-01-01 00:50:00
8890	773	3	2024-01-01 00:51:00
8890	576	3	2024-01-01 00:52:00
8890	293	3	2024-01-01 00:53:00
8890	498	3	2024-01-01 00:54:00
8890	413	3	2024-01-01 00:55:00
8890	855	3	2024-01-01 00:56:00
9178	180	4	2024-01-01 00:00:00
9178	101	3	2024-01-01 00:06:00
9178	68	3	2024-01-01 00:11:00
9178	284	4	2024-01-01 00:12:00
9178	58	3	2024-01-01 00:16:00
9178	1037	3	2024-01-01 00:18:00
9178	93	3	2024-01-01 00:19:00
9178	540	3	2024-01-01 00:20:00
9178	59	4	2024-01-01 00:24:00
9178	158	5	2024-01-01 00:27:00
9178	161	5	2024-01-01 00:31:00
9178	121	4	2024-01-01 00:35:00
9178	128	4	2024-01-01 00:36:00
9178	403	3	2024-01-01 00:37:00
9178	1497	4	2024-01-01 00:39:00
9178	106	5	2024-01-01 00:42:00
9178	924	3	2024-01-01 00:45:00
9178	232	4	2024-01-01 00:46:00
9178	471	3	2024-01-01 00:47:00
9178	1135	3	2024-01-01 00:49:00
9178	46	3	2024-01-01 00:50:00
9178	60	3	2024-01-01 00:51:00
9178	264	4	2024-01-01 00:52:00
9178	414	3	2024-01-01 00:53:00
9178	57	3	2024-01-01 00:54:00
9178	546	4	2024-01-01 00:55:00
9178	290	3	2024-01-01 00:56:00
9178	706	3	2024-01-01 00:58:00
9178	972	3	2024-01-01 00:59:00
9178	171	3	2024-01-01 01:00:00
9178	293	4	2024-01-01 01:01:00
9178	514	3	2024-01-01 01:02:00
9178	71	4	2024-01-01 01:03:00
9178	520	3	2024-01-01 01:04:00
9178	146	4	2024-01-01 01:06:00
9178	547	3	2024-01-01 01:08:00
9178	95	4	2024-01-01 01:09:00
9178	6	4	2024-01-01 01:11:00
9178	408	4	2024-01-01 01:15:00
9178	352	4	2024-01-01 01:16:00
9178	664	4	2024-01-01 01:20:00
9178	94	5	2024-01-01 01:21:00
9528	35	4	2024-01-01 00:00:00
9528	29	3	2024-01-01 00:01:00
9528	28	4	2024-01-01 00:02:00
9528	22	4	2024-01-01 00:03:00
9528	86	4	2024-01-01 00:04:00
9528	84	3	2024-01-01 00:05:00
9528	92	4	2024-01-01 00:06:00
9528	7	3	2024-01-01 00:07:00
9528	19	4	2024-01-01 00:08:00
9528	54	5	2024-01-01 00:09:00
9528	126	4	2024-01-01 00:10:00
9528	682	5	2024-01-01 00:11:00
9528	430	3	2024-01-01 00:12:00
9528	192	5	2024-01-01 00:13:00
9528	746	4	2024-01-01 00:17:00
9528	39	5	2024-01-01 00:18:00
9528	110	5	2024-01-01 00:19:00
9528	135	4	2024-01-01 00:20:00
9528	142	4	2024-01-01 00:25:00
9528	642	5	2024-01-01 00:26:00
9528	494	5	2024-01-01 00:28:00
9528	4	4	2024-01-01 00:29:00
9528	189	4	2024-01-01 00:30:00
9528	37	4	2024-01-01 00:31:00
9528	83	3	2024-01-01 00:32:00
9528	45	4	2024-01-01 00:33:00
9528	125	4	2024-01-01 00:34:00
9528	498	4	2024-01-01 00:35:00
9528	194	4	2024-01-01 00:36:00
9528	219	4	2024-01-01 00:37:00
9528	154	4	2024-01-01 00:38:00
9528	520	5	2024-01-01 00:39:00
9528	132	4	2024-01-01 00:40:00
9528	184	4	2024-01-01 00:41:00
9528	205	3	2024-01-01 00:42:00
9528	212	4	2024-01-01 00:43:00
9528	60	4	2024-01-01 00:44:00
9528	62	3	2024-01-01 00:45:00
9528	301	4	2024-01-01 00:46:00
9528	161	4	2024-01-01 00:47:00
9528	258	5	2024-01-01 00:48:00
9528	122	4	2024-01-01 00:49:00
9528	330	5	2024-01-01 00:50:00
9528	937	3	2024-01-01 00:51:00
9528	598	4	2024-01-01 00:52:00
9528	593	5	2024-01-01 00:54:00
10089	523	4	2024-01-01 00:00:00
10089	50	5	2024-01-01 00:01:00
10089	8	3	2024-01-01 00:03:00
10089	13	5	2024-01-01 00:04:00
10089	4	4	2024-01-01 00:05:00
10089	5	5	2024-01-01 00:06:00
10089	14	3	2024-01-01 00:07:00
10089	32	4	2024-01-01 00:08:00
10089	101	4	2024-01-01 00:09:00
10089	94	5	2024-01-01 00:10:00
10089	58	5	2024-01-01 00:11:00
10089	79	5	2024-01-01 00:12:00
10089	265	3	2024-01-01 00:14:00
10089	229	4	2024-01-01 00:15:00
10089	7	4	2024-01-01 00:16:00
10089	131	4	2024-01-01 00:17:00
10089	26	3	2024-01-01 00:18:00
10089	54	4	2024-01-01 00:20:00
10089	177	5	2024-01-01 00:21:00
10089	117	3	2024-01-01 00:22:00
10089	87	4	2024-01-01 00:23:00
10089	125	5	2024-01-01 00:24:00
10089	468	3	2024-01-01 00:25:00
10089	592	4	2024-01-01 00:26:00
10089	160	3	2024-01-01 00:27:00
10089	357	3	2024-01-01 00:28:00
10089	321	4	2024-01-01 00:29:00
10089	1167	4	2024-01-01 00:31:00
10089	154	5	2024-01-01 00:32:00
10089	233	3	2024-01-01 00:33:00
10089	162	5	2024-01-01 00:34:00
10089	213	5	2024-01-01 00:35:00
10089	116	3	2024-01-01 00:36:00
10089	296	5	2024-01-01 00:37:00
10089	62	4	2024-01-01 00:38:00
10089	301	5	2024-01-01 00:39:00
10089	426	5	2024-01-01 00:40:00
10089	339	5	2024-01-01 00:41:00
10089	354	3	2024-01-01 00:42:00
10089	561	5	2024-01-01 00:43:00
10089	736	5	2024-01-01 00:44:00
10089	387	5	2024-01-01 00:45:00
10089	444	4	2024-01-01 00:46:00
10089	77	3	2024-01-01 00:47:00
10089	516	4	2024-01-01 00:48:00
10089	395	3	2024-01-01 00:50:00
10089	1465	3	2024-01-01 00:51:00
10089	1055	5	2024-01-01 00:52:00
11846	542	4	2024-01-01 00:00:00
11846	641	3	2024-01-01 00:02:00
11846	337	5	2024-01-01 00:04:00
11846	478	4	2024-01-01 00:05:00
11846	499	4	2024-01-01 00:07:00
11846	178	4	2024-01-01 00:10:00
11846	618	3	2024-01-01 00:11:00
11846	293	4	2024-01-01 00:13:00
11846	485	5	2024-01-01 00:14:00
11846	650	3	2024-01-01 00:15:00
11846	1367	4	2024-01-01 00:16:00
11846	189	4	2024-01-01 00:17:00
11846	646	4	2024-01-01 00:18:00
11846	335	4	2024-01-01 00:20:00
11846	620	3	2024-01-01 00:21:00
11846	102	4	2024-01-01 00:22:00
11846	219	3	2024-01-01 00:23:00
11846	301	4	2024-01-01 00:24:00
11846	972	3	2024-01-01 00:26:00
11846	131	3	2024-01-01 00:38:00
11846	188	3	2024-01-01 00:39:00
11846	862	5	2024-01-01 00:42:00
11846	474	4	2024-01-01 00:43:00
11846	408	4	2024-01-01 00:44:00
11846	6	5	2024-01-01 00:49:00
11846	794	4	2024-01-01 00:52:00
12060	272	3	2024-01-01 00:00:00
12060	544	4	2024-01-01 00:01:00
12060	681	4	2024-01-01 00:02:00
12060	1131	3	2024-01-01 00:07:00
12060	387	4	2024-01-01 00:09:00
12060	227	3	2024-01-01 00:10:00
12060	329	4	2024-01-01 00:11:00
12060	75	3	2024-01-01 00:14:00
12060	106	4	2024-01-01 00:19:00
12060	290	3	2024-01-01 00:20:00
12060	393	3	2024-01-01 00:28:00
12060	752	3	2024-01-01 00:31:00
12060	575	3	2024-01-01 00:36:00
12060	73	3	2024-01-01 00:42:00
12060	210	3	2024-01-01 00:51:00
12060	384	3	2024-01-01 00:52:00
12060	394	3	2024-01-01 00:53:00
12060	419	3	2024-01-01 00:54:00
12184	4	3	2024-01-01 00:00:00
12184	8	3	2024-01-01 00:01:00
12184	5	3	2024-01-01 00:02:00
12184	50	5	2024-01-01 00:03:00
12184	14	5	2024-01-01 00:04:00
12184	32	4	2024-01-01 00:05:00
12184	65	5	2024-01-01 00:06:00
12184	35	3	2024-01-01 00:07:00
12184	94	5	2024-01-01 00:09:00
12184	29	5	2024-01-01 00:10:00
12184	83	3	2024-01-01 00:15:00
12184	71	5	2024-01-01 00:16:00
12184	103	5	2024-01-01 00:17:00
12184	109	3	2024-01-01 00:18:00
12184	194	4	2024-01-01 00:19:00
12184	22	5	2024-01-01 00:21:00
12184	100	3	2024-01-01 00:23:00
12184	115	5	2024-01-01 00:24:00
12184	118	4	2024-01-01 00:25:00
12184	111	4	2024-01-01 00:26:00
12184	121	4	2024-01-01 00:27:00
12184	26	5	2024-01-01 00:29:00
12184	11	4	2024-01-01 00:30:00
12184	72	5	2024-01-01 00:31:00
12184	86	5	2024-01-01 00:32:00
12184	209	5	2024-01-01 00:33:00
12184	222	5	2024-01-01 00:34:00
12184	288	5	2024-01-01 00:36:00
12184	266	5	2024-01-01 00:37:00
12184	367	5	2024-01-01 00:38:00
12184	2	5	2024-01-01 00:47:00
12799	4	5	2024-01-01 00:00:00
12799	8	5	2024-01-01 00:01:00
12799	5	5	2024-01-01 00:02:00
12799	14	4	2024-01-01 00:03:00
12799	65	5	2024-01-01 00:04:00
12799	94	3	2024-01-01 00:06:00
12799	29	5	2024-01-01 00:07:00
12799	28	5	2024-01-01 00:08:00
12799	58	5	2024-01-01 00:09:00
12799	42	5	2024-01-01 00:10:00
12799	79	4	2024-01-01 00:11:00
12799	83	5	2024-01-01 00:12:00
12799	71	4	2024-01-01 00:13:00
12799	194	5	2024-01-01 00:16:00
12799	22	5	2024-01-01 00:17:00
12799	100	3	2024-01-01 00:18:00
12799	118	5	2024-01-01 00:19:00
12799	115	4	2024-01-01 00:20:00
12799	121	5	2024-01-01 00:21:00
12799	26	4	2024-01-01 00:22:00
12799	209	5	2024-01-01 00:23:00
12799	84	5	2024-01-01 00:24:00
12799	222	3	2024-01-01 00:25:00
12799	288	4	2024-01-01 00:26:00
12799	266	3	2024-01-01 00:27:00
12799	367	5	2024-01-01 00:28:00
12799	15	5	2024-01-01 00:29:00
12799	82	4	2024-01-01 00:30:00
12799	181	5	2024-01-01 00:31:00
12799	92	3	2024-01-01 00:32:00
12799	236	5	2024-01-01 00:33:00
12799	127	5	2024-01-01 00:34:00
12799	2	5	2024-01-01 00:35:00
12799	7	5	2024-01-01 00:36:00
12799	19	5	2024-01-01 00:37:00
12799	66	3	2024-01-01 00:38:00
12799	13	4	2024-01-01 00:39:00
12799	55	4	2024-01-01 00:40:00
12799	48	4	2024-01-01 00:41:00
12799	54	5	2024-01-01 00:42:00
12799	70	5	2024-01-01 00:43:00
12799	126	5	2024-01-01 00:44:00
13133	168	5	2024-01-01 00:00:00
13133	176	4	2024-01-01 00:01:00
13133	232	5	2024-01-01 00:02:00
13133	237	3	2024-01-01 00:03:00
13133	612	5	2024-01-01 00:04:00
13133	725	5	2024-01-01 00:05:00
13133	806	5	2024-01-01 00:06:00
13133	739	4	2024-01-01 00:07:00
13133	936	5	2024-01-01 00:08:00
13133	953	5	2024-01-01 00:09:00
13133	1248	5	2024-01-01 00:10:00
13133	1053	5	2024-01-01 00:11:00
13133	915	4	2024-01-01 00:12:00
13133	818	4	2024-01-01 00:13:00
13133	986	4	2024-01-01 00:14:00
13133	944	5	2024-01-01 00:15:00
13133	441	5	2024-01-01 00:16:00
13133	1288	5	2024-01-01 00:19:00
13133	197	5	2024-01-01 00:27:00
13133	527	5	2024-01-01 00:28:00
13133	563	5	2024-01-01 00:29:00
13133	558	5	2024-01-01 00:30:00
13133	631	5	2024-01-01 00:31:00
13133	652	5	2024-01-01 00:32:00
13133	624	5	2024-01-01 00:33:00
13133	724	5	2024-01-01 00:34:00
13133	748	5	2024-01-01 00:35:00
13133	871	5	2024-01-01 00:36:00
13133	25	5	2024-01-01 00:52:00
13133	27	5	2024-01-01 00:53:00
13133	24	5	2024-01-01 00:54:00
13133	21	5	2024-01-01 00:55:00
13133	132	4	2024-01-01 00:56:00
13133	53	3	2024-01-01 00:57:00
13133	743	5	2024-01-01 00:58:00
13133	54	4	2024-01-01 00:59:00
13133	360	4	2024-01-01 01:00:00
13133	633	5	2024-01-01 01:01:00
13133	4	4	2024-01-01 01:02:00
13133	189	4	2024-01-01 01:04:00
13133	2	5	2024-01-01 01:06:00
13133	37	3	2024-01-01 01:07:00
13133	7	4	2024-01-01 01:08:00
13133	28	3	2024-01-01 01:09:00
13133	18	5	2024-01-01 01:10:00
13133	33	4	2024-01-01 01:11:00
13133	19	4	2024-01-01 01:12:00
13133	158	4	2024-01-01 01:13:00
13133	85	4	2024-01-01 01:14:00
13133	321	3	2024-01-01 01:15:00
13133	23	5	2024-01-01 01:16:00
13133	90	3	2024-01-01 01:17:00
13133	62	5	2024-01-01 01:18:00
13133	50	5	2024-01-01 01:19:00
13133	89	4	2024-01-01 01:20:00
13133	205	3	2024-01-01 01:21:00
13133	283	4	2024-01-01 01:22:00
13133	335	4	2024-01-01 01:23:00
13133	373	5	2024-01-01 01:24:00
13133	416	5	2024-01-01 01:25:00
13133	184	4	2024-01-01 01:26:00
13133	278	5	2024-01-01 01:27:00
13226	13	3	2024-01-01 00:00:00
13226	48	3	2024-01-01 00:01:00
13226	75	4	2024-01-01 00:02:00
13226	78	4	2024-01-01 00:03:00
13226	228	4	2024-01-01 00:04:00
13226	310	5	2024-01-01 00:05:00
13226	156	5	2024-01-01 00:07:00
13226	906	4	2024-01-01 00:08:00
13226	217	4	2024-01-01 00:09:00
13226	16	5	2024-01-01 00:10:00
13226	9	4	2024-01-01 00:11:00
13226	98	4	2024-01-01 00:12:00
13226	140	4	2024-01-01 00:13:00
13226	123	5	2024-01-01 00:14:00
13226	538	5	2024-01-01 00:16:00
13226	195	5	2024-01-01 00:17:00
13226	657	4	2024-01-01 00:19:00
13226	930	3	2024-01-01 00:21:00
13226	193	3	2024-01-01 00:22:00
13226	24	4	2024-01-01 00:23:00
13226	27	4	2024-01-01 00:24:00
13226	25	4	2024-01-01 00:25:00
13226	620	5	2024-01-01 00:26:00
13226	21	4	2024-01-01 00:27:00
13226	225	4	2024-01-01 00:28:00
13226	642	3	2024-01-01 00:29:00
13226	142	5	2024-01-01 00:30:00
13226	424	4	2024-01-01 00:31:00
13226	186	3	2024-01-01 00:32:00
13226	311	5	2024-01-01 00:33:00
13226	46	4	2024-01-01 00:35:00
13226	64	4	2024-01-01 00:36:00
13226	67	4	2024-01-01 00:37:00
13226	18	4	2024-01-01 00:38:00
13226	23	4	2024-01-01 00:39:00
13226	31	4	2024-01-01 00:40:00
13226	212	3	2024-01-01 00:41:00
13226	201	3	2024-01-01 00:42:00
13226	407	4	2024-01-01 00:44:00
13226	132	4	2024-01-01 00:45:00
13226	273	4	2024-01-01 00:46:00
13226	378	5	2024-01-01 00:47:00
13226	550	3	2024-01-01 00:48:00
13226	948	4	2024-01-01 00:49:00
13226	882	4	2024-01-01 00:50:00
13226	440	4	2024-01-01 00:51:00
13226	291	5	2024-01-01 01:02:00
13226	338	4	2024-01-01 01:03:00
13226	281	4	2024-01-01 01:15:00
13726	31	4	2024-01-01 00:03:00
13726	11	4	2024-01-01 00:07:00
13726	170	4	2024-01-01 00:08:00
13726	145	4	2024-01-01 00:09:00
13726	64	4	2024-01-01 00:31:00
13726	882	4	2024-01-01 00:37:00
13726	437	4	2024-01-01 00:39:00
13726	47	4	2024-01-01 00:40:00
13726	16	4	2024-01-01 00:45:00
13726	768	4	2024-01-01 00:46:00
13726	811	4	2024-01-01 00:47:00
13726	1	3	2024-01-01 00:48:00
13726	123	5	2024-01-01 00:49:00
13726	521	4	2024-01-01 00:50:00
13726	227	4	2024-01-01 00:51:00
13726	596	4	2024-01-01 00:53:00
13726	26	4	2024-01-01 01:02:00
13726	9	4	2024-01-01 01:03:00
13726	222	4	2024-01-01 01:04:00
13726	86	4	2024-01-01 01:05:00
13726	1176	3	2024-01-01 01:06:00
14803	4	5	2024-01-01 00:00:00
14803	65	4	2024-01-01 00:01:00
14803	109	4	2024-01-01 00:02:00
14803	26	3	2024-01-01 00:03:00
14803	72	5	2024-01-01 00:04:00
14803	86	4	2024-01-01 00:05:00
14803	209	3	2024-01-01 00:06:00
14803	84	4	2024-01-01 00:07:00
14803	288	5	2024-01-01 00:08:00
14803	2	4	2024-01-01 00:09:00
14803	7	5	2024-01-01 00:10:00
14803	19	5	2024-01-01 00:11:00
14803	55	4	2024-01-01 00:12:00
14803	48	4	2024-01-01 00:13:00
14803	70	5	2024-01-01 00:14:00
14803	126	5	2024-01-01 00:15:00
14803	276	4	2024-01-01 00:16:00
14803	400	3	2024-01-01 00:17:00
14803	25	4	2024-01-01 00:18:00
14803	18	4	2024-01-01 00:19:00
14803	24	4	2024-01-01 00:20:00
14803	27	4	2024-01-01 00:21:00
14803	21	4	2024-01-01 00:22:00
14803	23	4	2024-01-01 00:23:00
14803	298	5	2024-01-01 00:26:00
14803	432	4	2024-01-01 00:27:00
14803	897	4	2024-01-01 00:28:00
14803	503	5	2024-01-01 00:29:00
14803	693	4	2024-01-01 00:30:00
14803	104	5	2024-01-01 00:31:00
14803	1003	4	2024-01-01 00:32:00
14803	239	4	2024-01-01 00:33:00
14803	929	4	2024-01-01 00:34:00
14803	191	4	2024-01-01 00:35:00
14803	168	5	2024-01-01 00:37:00
14803	176	5	2024-01-01 00:38:00
14803	232	4	2024-01-01 00:39:00
14803	731	5	2024-01-01 00:40:00
14803	243	4	2024-01-01 00:41:00
14803	305	5	2024-01-01 00:42:00
14803	237	5	2024-01-01 00:43:00
14803	349	5	2024-01-01 00:44:00
14803	556	4	2024-01-01 00:45:00
14803	553	4	2024-01-01 00:46:00
14803	578	5	2024-01-01 00:47:00
14803	609	3	2024-01-01 00:48:00
14803	675	4	2024-01-01 00:49:00
14803	865	5	2024-01-01 00:50:00
14803	967	3	2024-01-01 00:51:00
14803	703	3	2024-01-01 00:52:00
14803	1123	5	2024-01-01 00:53:00
14803	915	3	2024-01-01 00:54:00
14803	1208	4	2024-01-01 00:55:00
14893	281	4	2024-01-01 00:00:00
14893	227	5	2024-01-01 00:01:00
14893	343	5	2024-01-01 00:02:00
14893	596	5	2024-01-01 00:03:00
14893	473	5	2024-01-01 00:04:00
14893	1037	5	2024-01-01 00:05:00
14893	833	5	2024-01-01 00:06:00
14893	1057	5	2024-01-01 00:08:00
14893	963	5	2024-01-01 00:11:00
14893	1245	5	2024-01-01 00:12:00
14893	123	5	2024-01-01 00:33:00
14893	237	3	2024-01-01 00:35:00
14893	200	5	2024-01-01 00:37:00
14893	731	5	2024-01-01 00:39:00
14893	866	5	2024-01-01 00:40:00
14893	982	5	2024-01-01 00:42:00
14893	59	5	2024-01-01 00:46:00
14893	679	5	2024-01-01 00:47:00
14893	601	5	2024-01-01 00:48:00
14893	545	5	2024-01-01 00:49:00
14893	364	5	2024-01-01 00:50:00
14893	544	5	2024-01-01 00:51:00
14893	87	5	2024-01-01 00:52:00
14893	512	5	2024-01-01 00:54:00
14893	271	4	2024-01-01 00:55:00
14893	321	5	2024-01-01 00:56:00
14893	1373	5	2024-01-01 00:57:00
15388	50	4	2024-01-01 00:00:00
15388	5	3	2024-01-01 00:01:00
15388	4	3	2024-01-01 00:03:00
15388	32	4	2024-01-01 00:04:00
15388	79	5	2024-01-01 00:05:00
15388	29	5	2024-01-01 00:07:00
15388	7	5	2024-01-01 00:10:00
15388	2	5	2024-01-01 00:11:00
15388	19	5	2024-01-01 00:12:00
15388	10	4	2024-01-01 00:14:00
15388	66	3	2024-01-01 00:15:00
15388	89	4	2024-01-01 00:16:00
15388	70	5	2024-01-01 00:19:00
15388	136	3	2024-01-01 00:20:00
15388	310	4	2024-01-01 00:21:00
15388	21	4	2024-01-01 00:31:00
15388	23	5	2024-01-01 00:32:00
15388	18	4	2024-01-01 00:33:00
15388	399	5	2024-01-01 00:34:00
15388	25	5	2024-01-01 00:35:00
15388	24	5	2024-01-01 00:36:00
15388	27	5	2024-01-01 00:37:00
15388	41	5	2024-01-01 00:41:00
15388	151	5	2024-01-01 00:42:00
15388	214	5	2024-01-01 00:43:00
15388	159	5	2024-01-01 00:44:00
15388	175	5	2024-01-01 00:45:00
15388	163	5	2024-01-01 00:46:00
15388	223	4	2024-01-01 00:47:00
15388	918	4	2024-01-01 00:48:00
15388	1	5	2024-01-01 00:54:00
15388	39	4	2024-01-01 00:55:00
15388	17	5	2024-01-01 00:56:00
15388	20	5	2024-01-01 00:57:00
15729	130	4	2024-01-01 00:02:00
15729	233	5	2024-01-01 00:03:00
15729	317	4	2024-01-01 00:04:00
15729	83	3	2024-01-01 00:05:00
15729	54	3	2024-01-01 00:07:00
15729	121	3	2024-01-01 00:08:00
15729	597	3	2024-01-01 00:09:00
15729	177	3	2024-01-01 00:10:00
15729	4	5	2024-01-01 00:11:00
15729	335	5	2024-01-01 00:12:00
15729	545	5	2024-01-01 00:13:00
15729	63	4	2024-01-01 00:14:00
15729	119	5	2024-01-01 00:16:00
15729	94	5	2024-01-01 00:17:00
15729	43	5	2024-01-01 00:18:00
15729	42	3	2024-01-01 00:19:00
15729	19	5	2024-01-01 00:20:00
15729	115	5	2024-01-01 00:21:00
15729	65	5	2024-01-01 00:22:00
15729	28	5	2024-01-01 00:23:00
15729	7	5	2024-01-01 00:24:00
15729	50	3	2024-01-01 00:25:00
15729	5	4	2024-01-01 00:26:00
15729	8	4	2024-01-01 00:27:00
15729	14	5	2024-01-01 00:29:00
15729	550	5	2024-01-01 00:30:00
15729	48	5	2024-01-01 00:31:00
15729	360	4	2024-01-01 00:35:00
15729	883	4	2024-01-01 00:36:00
15729	72	4	2024-01-01 00:38:00
15729	168	5	2024-01-01 00:39:00
15729	176	5	2024-01-01 00:40:00
15729	243	4	2024-01-01 00:41:00
15729	232	4	2024-01-01 00:42:00
15729	739	4	2024-01-01 00:43:00
15729	305	3	2024-01-01 00:44:00
15729	237	3	2024-01-01 00:45:00
15729	612	5	2024-01-01 00:46:00
15729	488	3	2024-01-01 00:47:00
15729	725	4	2024-01-01 00:48:00
15729	806	4	2024-01-01 00:49:00
15729	556	4	2024-01-01 00:50:00
15729	675	4	2024-01-01 00:51:00
15729	670	4	2024-01-01 00:52:00
15729	578	3	2024-01-01 00:53:00
15729	936	4	2024-01-01 00:54:00
15729	953	4	2024-01-01 00:55:00
15729	705	4	2024-01-01 00:56:00
15729	1053	3	2024-01-01 00:57:00
15729	1261	4	2024-01-01 00:58:00
15965	4	5	2024-01-01 00:00:00
15965	11	5	2024-01-01 00:01:00
15965	2	4	2024-01-01 00:02:00
15965	7	4	2024-01-01 00:03:00
15965	53	3	2024-01-01 00:04:00
15965	67	5	2024-01-01 00:06:00
15965	18	5	2024-01-01 00:07:00
15965	24	5	2024-01-01 00:08:00
15965	21	4	2024-01-01 00:09:00
15965	23	4	2024-01-01 00:10:00
15965	380	5	2024-01-01 00:18:00
15965	430	5	2024-01-01 00:19:00
15965	268	5	2024-01-01 00:22:00
15965	130	4	2024-01-01 00:23:00
15965	520	4	2024-01-01 00:25:00
15965	345	4	2024-01-01 00:28:00
15965	447	3	2024-01-01 00:29:00
15965	648	4	2024-01-01 00:30:00
15965	258	5	2024-01-01 00:32:00
15965	94	4	2024-01-01 00:33:00
15965	233	3	2024-01-01 00:34:00
15965	649	4	2024-01-01 00:38:00
15965	95	4	2024-01-01 00:40:00
15965	5	5	2024-01-01 00:41:00
15965	972	4	2024-01-01 00:42:00
15965	706	4	2024-01-01 00:43:00
15965	640	3	2024-01-01 00:45:00
15965	35	5	2024-01-01 00:46:00
15965	68	4	2024-01-01 00:49:00
15965	6	5	2024-01-01 00:54:00
15965	8	5	2024-01-01 00:55:00
15965	39	4	2024-01-01 00:58:00
15965	74	4	2024-01-01 01:02:00
15965	699	3	2024-01-01 01:03:00
16282	70	4	2024-01-01 00:00:00
16282	126	3	2024-01-01 00:01:00
16282	789	5	2024-01-01 00:05:00
16282	276	5	2024-01-01 00:06:00
16282	371	4	2024-01-01 00:07:00
16282	400	5	2024-01-01 00:08:00
16282	442	5	2024-01-01 00:09:00
16282	633	5	2024-01-01 00:11:00
16282	637	5	2024-01-01 00:12:00
16282	298	5	2024-01-01 00:13:00
16282	432	5	2024-01-01 00:14:00
16282	503	4	2024-01-01 00:15:00
16282	65	5	2024-01-01 00:20:00
16282	729	4	2024-01-01 00:21:00
16282	1179	4	2024-01-01 00:22:00
16282	897	4	2024-01-01 00:23:00
16282	487	4	2024-01-01 00:24:00
16282	7	5	2024-01-01 00:26:00
16282	593	5	2024-01-01 00:29:00
16282	666	5	2024-01-01 00:31:00
16282	697	5	2024-01-01 00:36:00
16282	283	5	2024-01-01 00:37:00
16282	48	5	2024-01-01 00:38:00
16282	55	3	2024-01-01 00:40:00
16282	13	5	2024-01-01 00:41:00
16282	177	4	2024-01-01 00:42:00
16282	129	5	2024-01-01 00:43:00
16282	592	5	2024-01-01 00:44:00
16282	498	4	2024-01-01 00:45:00
16330	144	5	2024-01-01 00:00:00
16330	87	5	2024-01-01 00:01:00
16330	86	5	2024-01-01 00:02:00
16330	231	5	2024-01-01 00:03:00
16330	217	4	2024-01-01 00:04:00
16330	266	5	2024-01-01 00:05:00
16330	216	5	2024-01-01 00:09:00
16330	396	3	2024-01-01 00:10:00
16330	445	4	2024-01-01 00:11:00
16330	374	4	2024-01-01 00:12:00
16330	114	5	2024-01-01 00:14:00
16330	197	4	2024-01-01 00:15:00
16330	221	5	2024-01-01 00:18:00
16330	526	4	2024-01-01 00:19:00
16330	762	5	2024-01-01 00:22:00
16330	301	3	2024-01-01 00:23:00
16330	316	5	2024-01-01 00:24:00
16330	199	5	2024-01-01 00:25:00
16330	651	4	2024-01-01 00:26:00
16330	304	3	2024-01-01 00:27:00
16330	737	3	2024-01-01 00:29:00
16330	176	4	2024-01-01 00:32:00
16330	620	3	2024-01-01 00:33:00
16330	642	4	2024-01-01 00:36:00
16330	877	5	2024-01-01 00:37:00
16330	523	3	2024-01-01 00:38:00
16330	245	4	2024-01-01 00:39:00
16330	326	3	2024-01-01 00:40:00
16330	787	3	2024-01-01 00:41:00
16330	538	4	2024-01-01 00:42:00
16330	745	3	2024-01-01 00:44:00
16330	85	5	2024-01-01 00:45:00
16330	895	3	2024-01-01 00:46:00
16330	879	3	2024-01-01 00:47:00
16330	494	4	2024-01-01 00:50:00
16330	1381	5	2024-01-01 00:52:00
16330	59	4	2024-01-01 00:54:00
16330	409	5	2024-01-01 00:57:00
16330	871	5	2024-01-01 00:59:00
16330	473	4	2024-01-01 01:02:00
16330	1185	5	2024-01-01 01:04:00
16330	112	3	2024-01-01 01:07:00
16330	253	4	2024-01-01 01:09:00
16330	359	3	2024-01-01 01:14:00
16330	551	3	2024-01-01 01:21:00
16330	277	4	2024-01-01 01:22:00
16330	5	5	2024-01-01 01:23:00
16330	13	5	2024-01-01 01:24:00
16330	28	4	2024-01-01 01:26:00
16330	48	3	2024-01-01 01:28:00
16330	101	3	2024-01-01 01:31:00
16330	32	3	2024-01-01 01:33:00
16330	82	5	2024-01-01 01:34:00
16330	194	3	2024-01-01 01:35:00
16330	36	4	2024-01-01 01:36:00
16330	178	3	2024-01-01 01:37:00
16330	225	4	2024-01-01 01:38:00
16330	58	4	2024-01-01 01:39:00
16330	181	5	2024-01-01 01:40:00
17139	507	4	2024-01-01 00:04:00
17139	167	5	2024-01-01 00:06:00
17139	785	3	2024-01-01 00:08:00
17139	547	3	2024-01-01 00:12:00
17139	189	5	2024-01-01 00:13:00
17139	36	4	2024-01-01 00:17:00
17139	562	4	2024-01-01 00:18:00
17139	55	3	2024-01-01 00:20:00
17139	408	3	2024-01-01 00:22:00
17139	241	4	2024-01-01 00:23:00
17139	45	4	2024-01-01 00:26:00
17139	144	5	2024-01-01 00:27:00
17139	188	4	2024-01-01 00:28:00
17139	1081	3	2024-01-01 00:31:00
17139	608	5	2024-01-01 00:32:00
17139	217	5	2024-01-01 00:34:00
17139	937	3	2024-01-01 00:35:00
17139	13	3	2024-01-01 00:36:00
17139	32	4	2024-01-01 00:37:00
17139	277	4	2024-01-01 00:39:00
17139	1381	4	2024-01-01 00:41:00
17139	240	4	2024-01-01 00:43:00
17139	551	4	2024-01-01 00:44:00
17139	239	4	2024-01-01 00:46:00
17139	357	4	2024-01-01 00:49:00
17139	731	5	2024-01-01 00:52:00
17139	87	5	2024-01-01 00:54:00
17139	215	5	2024-01-01 00:56:00
17139	457	4	2024-01-01 00:57:00
17139	370	4	2024-01-01 00:58:00
17139	794	4	2024-01-01 00:59:00
17139	47	4	2024-01-01 01:02:00
17139	584	3	2024-01-01 01:07:00
17139	862	5	2024-01-01 01:08:00
17139	390	3	2024-01-01 01:11:00
17139	850	4	2024-01-01 01:12:00
17139	146	3	2024-01-01 01:14:00
17139	6	4	2024-01-01 01:15:00
17139	379	4	2024-01-01 01:19:00
17139	142	5	2024-01-01 01:20:00
17139	450	4	2024-01-01 01:21:00
17139	603	4	2024-01-01 01:22:00
17139	565	4	2024-01-01 01:23:00
17139	389	4	2024-01-01 01:24:00
17706	461	5	2024-01-01 00:00:00
17706	1055	4	2024-01-01 00:01:00
17706	414	5	2024-01-01 00:04:00
17706	743	5	2024-01-01 00:05:00
17706	38	5	2024-01-01 00:07:00
17706	11	5	2024-01-01 00:12:00
17706	16	5	2024-01-01 00:13:00
17706	104	4	2024-01-01 00:16:00
17706	653	4	2024-01-01 00:17:00
17706	95	3	2024-01-01 00:18:00
17706	170	4	2024-01-01 00:20:00
17706	98	5	2024-01-01 00:21:00
17706	94	5	2024-01-01 00:22:00
17706	33	4	2024-01-01 00:24:00
17706	397	5	2024-01-01 00:27:00
17706	140	5	2024-01-01 00:28:00
17706	137	5	2024-01-01 00:29:00
17706	192	5	2024-01-01 00:35:00
17706	270	4	2024-01-01 00:47:00
17706	613	5	2024-01-01 00:52:00
17706	417	5	2024-01-01 00:53:00
17706	161	5	2024-01-01 00:55:00
17706	19	5	2024-01-01 00:56:00
17706	155	5	2024-01-01 00:57:00
17916	44	5	2024-01-01 00:00:00
17916	107	4	2024-01-01 00:01:00
17916	420	5	2024-01-01 00:08:00
17916	338	4	2024-01-01 00:13:00
17916	54	3	2024-01-01 00:24:00
17916	84	4	2024-01-01 00:25:00
17916	281	5	2024-01-01 00:26:00
17916	575	5	2024-01-01 00:27:00
17916	51	4	2024-01-01 00:31:00
17916	220	4	2024-01-01 00:32:00
17916	222	4	2024-01-01 00:35:00
17916	26	5	2024-01-01 00:41:00
17916	912	5	2024-01-01 00:42:00
17916	996	5	2024-01-01 00:43:00
17916	1067	5	2024-01-01 00:44:00
17916	240	4	2024-01-01 00:45:00
17916	1151	5	2024-01-01 00:46:00
17916	1181	5	2024-01-01 00:47:00
17916	1226	5	2024-01-01 00:48:00
17916	1232	5	2024-01-01 00:49:00
17916	1267	5	2024-01-01 00:50:00
17916	170	4	2024-01-01 00:57:00
17916	75	4	2024-01-01 00:58:00
17916	308	3	2024-01-01 00:59:00
17916	411	3	2024-01-01 01:00:00
17916	509	4	2024-01-01 01:01:00
17916	169	4	2024-01-01 01:03:00
17916	49	4	2024-01-01 01:04:00
17916	42	3	2024-01-01 01:05:00
17916	86	3	2024-01-01 01:06:00
17916	18	5	2024-01-01 01:09:00
17916	24	5	2024-01-01 01:10:00
17916	23	5	2024-01-01 01:11:00
17916	25	5	2024-01-01 01:12:00
17916	27	5	2024-01-01 01:13:00
17916	41	3	2024-01-01 01:14:00
17916	1	3	2024-01-01 01:15:00
18137	10	4	2024-01-01 00:00:00
18137	997	5	2024-01-01 00:01:00
18137	43	5	2024-01-01 00:02:00
18137	5	5	2024-01-01 00:03:00
18137	270	4	2024-01-01 00:04:00
18137	29	4	2024-01-01 00:06:00
18137	63	4	2024-01-01 00:07:00
18137	402	5	2024-01-01 00:08:00
18137	48	5	2024-01-01 00:10:00
18137	58	5	2024-01-01 00:11:00
18137	13	3	2024-01-01 00:12:00
18137	113	5	2024-01-01 00:13:00
18137	293	5	2024-01-01 00:14:00
18137	116	4	2024-01-01 00:15:00
18137	32	5	2024-01-01 00:16:00
18137	138	5	2024-01-01 00:17:00
18137	71	5	2024-01-01 00:18:00
18137	97	5	2024-01-01 00:19:00
18137	95	4	2024-01-01 00:20:00
18137	7	5	2024-01-01 00:21:00
18137	125	5	2024-01-01 00:22:00
18137	154	5	2024-01-01 00:23:00
18137	11	5	2024-01-01 00:24:00
18137	2	5	2024-01-01 00:25:00
18137	159	4	2024-01-01 00:26:00
18137	33	5	2024-01-01 00:28:00
18137	67	4	2024-01-01 00:29:00
18137	46	5	2024-01-01 00:30:00
18137	16	5	2024-01-01 00:31:00
18137	1	5	2024-01-01 00:32:00
18137	134	5	2024-01-01 00:33:00
18137	47	5	2024-01-01 00:34:00
18137	457	5	2024-01-01 00:35:00
18137	901	5	2024-01-01 00:36:00
18137	300	3	2024-01-01 00:38:00
18137	54	5	2024-01-01 00:41:00
18137	187	4	2024-01-01 00:48:00
18137	53	3	2024-01-01 00:49:00
18137	51	5	2024-01-01 00:50:00
18137	711	4	2024-01-01 00:53:00
18137	41	5	2024-01-01 00:54:00
18137	90	4	2024-01-01 00:55:00
18137	1038	3	2024-01-01 00:56:00
18137	223	5	2024-01-01 00:58:00
18137	245	3	2024-01-01 01:00:00
18137	707	3	2024-01-01 01:01:00
18137	594	3	2024-01-01 01:02:00
18137	486	5	2024-01-01 01:03:00
18137	747	5	2024-01-01 01:07:00
18137	577	4	2024-01-01 01:16:00
18137	59	4	2024-01-01 01:19:00
18137	356	5	2024-01-01 01:20:00
18137	1465	5	2024-01-01 01:22:00
18137	314	4	2024-01-01 01:24:00
18365	468	4	2024-01-01 00:00:00
18365	38	5	2024-01-01 00:01:00
18365	22	4	2024-01-01 00:02:00
18365	60	5	2024-01-01 00:03:00
18365	16	3	2024-01-01 00:04:00
18365	268	5	2024-01-01 00:05:00
18365	795	5	2024-01-01 00:07:00
18365	68	5	2024-01-01 00:08:00
18365	234	5	2024-01-01 00:09:00
18365	167	5	2024-01-01 00:10:00
18365	88	5	2024-01-01 00:13:00
18365	149	5	2024-01-01 00:15:00
18365	467	5	2024-01-01 00:17:00
18365	47	5	2024-01-01 00:18:00
18365	2	5	2024-01-01 00:20:00
18365	74	5	2024-01-01 00:22:00
18365	495	5	2024-01-01 00:25:00
18365	322	5	2024-01-01 00:26:00
18365	1	3	2024-01-01 00:28:00
18365	382	4	2024-01-01 00:30:00
18365	197	3	2024-01-01 00:31:00
18365	139	3	2024-01-01 00:32:00
18365	666	5	2024-01-01 00:34:00
18365	282	4	2024-01-01 00:35:00
18365	828	5	2024-01-01 00:37:00
18365	81	5	2024-01-01 00:50:00
18365	101	5	2024-01-01 00:51:00
18365	317	5	2024-01-01 00:52:00
18365	82	5	2024-01-01 00:53:00
18365	36	3	2024-01-01 00:55:00
18365	6	5	2024-01-01 00:56:00
18365	37	5	2024-01-01 00:57:00
18707	1	5	2024-01-01 00:01:00
18707	3	4	2024-01-01 00:02:00
18707	2	5	2024-01-01 00:03:00
18707	223	4	2024-01-01 00:05:00
18707	9	3	2024-01-01 00:06:00
18707	44	4	2024-01-01 00:09:00
18707	137	5	2024-01-01 00:10:00
18707	78	4	2024-01-01 00:11:00
18707	156	4	2024-01-01 00:12:00
18707	40	4	2024-01-01 00:14:00
18707	688	4	2024-01-01 00:15:00
18707	199	3	2024-01-01 00:17:00
18707	4	5	2024-01-01 00:18:00
18707	5	3	2024-01-01 00:19:00
18707	33	3	2024-01-01 00:20:00
18707	46	4	2024-01-01 00:21:00
18707	31	5	2024-01-01 00:22:00
18707	35	4	2024-01-01 00:23:00
18707	7	4	2024-01-01 00:24:00
18707	53	3	2024-01-01 00:26:00
18707	21	4	2024-01-01 00:31:00
18707	18	5	2024-01-01 00:32:00
18707	24	5	2024-01-01 00:33:00
18707	27	4	2024-01-01 00:34:00
18707	23	4	2024-01-01 00:35:00
18707	26	3	2024-01-01 00:36:00
18707	76	3	2024-01-01 00:37:00
18707	17	5	2024-01-01 00:38:00
18707	161	4	2024-01-01 00:39:00
18707	514	5	2024-01-01 00:40:00
18707	25	5	2024-01-01 00:41:00
18707	77	4	2024-01-01 00:42:00
18707	52	4	2024-01-01 00:43:00
18707	56	4	2024-01-01 00:44:00
18707	219	5	2024-01-01 00:45:00
18707	740	5	2024-01-01 00:49:00
18707	91	3	2024-01-01 00:50:00
18707	463	4	2024-01-01 00:54:00
18707	554	4	2024-01-01 00:55:00
18707	712	4	2024-01-01 00:56:00
18707	864	4	2024-01-01 00:57:00
18707	1026	4	2024-01-01 00:58:00
18707	10	5	2024-01-01 01:00:00
18779	3	3	2024-01-01 00:01:00
18779	52	3	2024-01-01 00:02:00
18779	828	5	2024-01-01 00:10:00
18779	2	5	2024-01-01 00:14:00
18779	62	5	2024-01-01 00:15:00
18779	122	5	2024-01-01 00:16:00
18779	620	5	2024-01-01 00:17:00
18779	1	5	2024-01-01 00:18:00
18779	229	4	2024-01-01 00:19:00
18779	205	5	2024-01-01 00:20:00
18779	97	4	2024-01-01 00:21:00
18779	512	5	2024-01-01 00:22:00
18779	14	5	2024-01-01 00:23:00
18779	28	5	2024-01-01 00:24:00
18779	55	5	2024-01-01 00:25:00
18779	547	3	2024-01-01 00:26:00
18779	48	5	2024-01-01 00:27:00
18779	100	3	2024-01-01 00:28:00
18779	42	5	2024-01-01 00:29:00
18779	540	5	2024-01-01 00:30:00
18779	958	5	2024-01-01 00:31:00
18779	29	4	2024-01-01 00:33:00
18779	402	5	2024-01-01 00:34:00
18779	1120	4	2024-01-01 00:35:00
18779	792	5	2024-01-01 00:36:00
18779	80	5	2024-01-01 00:37:00
18779	93	5	2024-01-01 00:38:00
18797	11	5	2024-01-01 00:00:00
18797	515	5	2024-01-01 00:01:00
18797	46	4	2024-01-01 00:02:00
18797	291	4	2024-01-01 00:03:00
18797	396	5	2024-01-01 00:04:00
18797	216	4	2024-01-01 00:05:00
18797	16	4	2024-01-01 00:06:00
18797	170	3	2024-01-01 00:07:00
18797	84	4	2024-01-01 00:08:00
18797	288	5	2024-01-01 00:09:00
18797	596	4	2024-01-01 00:11:00
18797	628	4	2024-01-01 00:12:00
18797	833	4	2024-01-01 00:17:00
18797	1245	4	2024-01-01 00:18:00
18797	726	3	2024-01-01 00:20:00
18797	176	3	2024-01-01 00:22:00
18797	670	4	2024-01-01 00:29:00
18797	911	3	2024-01-01 00:32:00
18797	496	3	2024-01-01 00:34:00
18797	453	4	2024-01-01 00:35:00
18797	357	4	2024-01-01 00:37:00
18797	687	4	2024-01-01 00:38:00
18797	242	4	2024-01-01 00:50:00
18797	86	4	2024-01-01 00:52:00
18797	209	5	2024-01-01 00:53:00
18797	266	4	2024-01-01 00:54:00
18797	367	4	2024-01-01 00:55:00
18797	281	4	2024-01-01 00:56:00
18797	98	4	2024-01-01 00:58:00
18797	440	5	2024-01-01 01:00:00
18917	10	4	2024-01-01 00:00:00
18917	4	3	2024-01-01 00:01:00
18917	65	3	2024-01-01 00:02:00
18917	5	3	2024-01-01 00:03:00
18917	264	3	2024-01-01 00:04:00
18917	225	3	2024-01-01 00:05:00
18917	485	3	2024-01-01 00:06:00
18917	42	3	2024-01-01 00:09:00
18917	14	3	2024-01-01 00:10:00
18917	63	3	2024-01-01 00:11:00
18917	13	4	2024-01-01 00:14:00
18917	160	3	2024-01-01 00:15:00
18917	48	4	2024-01-01 00:16:00
18917	55	4	2024-01-01 00:17:00
18917	125	3	2024-01-01 00:18:00
18917	133	3	2024-01-01 00:21:00
18917	341	3	2024-01-01 00:23:00
18917	59	3	2024-01-01 00:26:00
18917	178	3	2024-01-01 00:27:00
18917	162	3	2024-01-01 00:28:00
18917	255	5	2024-01-01 00:29:00
18917	287	5	2024-01-01 00:30:00
18917	903	5	2024-01-01 00:31:00
18917	748	3	2024-01-01 00:41:00
18917	197	3	2024-01-01 00:42:00
18917	527	3	2024-01-01 00:43:00
18917	563	3	2024-01-01 00:44:00
18917	558	3	2024-01-01 00:45:00
18917	631	3	2024-01-01 00:46:00
18917	652	3	2024-01-01 00:47:00
18917	624	3	2024-01-01 00:48:00
18917	724	3	2024-01-01 00:49:00
18917	871	3	2024-01-01 00:50:00
18917	2	4	2024-01-01 00:51:00
18917	18	4	2024-01-01 00:52:00
18917	25	4	2024-01-01 00:53:00
18917	24	4	2024-01-01 00:54:00
18917	27	4	2024-01-01 00:55:00
18917	23	4	2024-01-01 00:56:00
18917	21	4	2024-01-01 00:57:00
18917	62	3	2024-01-01 00:58:00
18917	368	3	2024-01-01 00:59:00
18917	480	3	2024-01-01 01:00:00
18917	41	3	2024-01-01 01:01:00
18917	151	3	2024-01-01 01:02:00
18917	175	3	2024-01-01 01:03:00
18917	214	3	2024-01-01 01:04:00
18917	159	3	2024-01-01 01:05:00
18917	3	4	2024-01-01 01:07:00
18917	52	4	2024-01-01 01:08:00
18917	49	4	2024-01-01 01:09:00
18917	56	4	2024-01-01 01:10:00
18917	73	3	2024-01-01 01:11:00
18917	31	3	2024-01-01 01:13:00
18917	1	4	2024-01-01 01:15:00
19037	207	4	2024-01-01 00:00:00
19037	169	4	2024-01-01 00:02:00
19037	552	4	2024-01-01 00:05:00
19037	622	4	2024-01-01 00:06:00
19037	420	5	2024-01-01 00:07:00
19037	286	4	2024-01-01 00:08:00
19037	8	3	2024-01-01 00:09:00
19037	11	5	2024-01-01 00:10:00
19037	13	3	2024-01-01 00:11:00
19037	2	4	2024-01-01 00:12:00
19037	38	5	2024-01-01 00:13:00
19037	67	4	2024-01-01 00:14:00
19037	64	5	2024-01-01 00:15:00
19037	291	4	2024-01-01 00:16:00
19037	22	5	2024-01-01 00:17:00
19037	111	5	2024-01-01 00:18:00
19037	16	5	2024-01-01 00:19:00
19037	46	5	2024-01-01 00:20:00
19037	1	5	2024-01-01 00:21:00
19037	57	4	2024-01-01 00:22:00
19037	136	4	2024-01-01 00:23:00
19037	3	5	2024-01-01 00:24:00
19037	220	5	2024-01-01 00:25:00
19037	63	4	2024-01-01 00:26:00
19037	230	4	2024-01-01 00:27:00
19037	131	3	2024-01-01 00:28:00
19037	76	4	2024-01-01 00:29:00
19037	36	5	2024-01-01 00:30:00
19037	29	3	2024-01-01 00:33:00
19037	233	3	2024-01-01 00:34:00
19037	37	4	2024-01-01 00:35:00
19037	171	4	2024-01-01 00:36:00
19037	336	5	2024-01-01 00:37:00
19037	123	5	2024-01-01 00:38:00
19037	227	4	2024-01-01 00:39:00
19037	44	5	2024-01-01 00:42:00
19037	43	4	2024-01-01 00:43:00
19037	107	4	2024-01-01 00:44:00
19082	625	4	2024-01-01 00:00:00
19082	381	4	2024-01-01 00:01:00
19082	111	5	2024-01-01 00:02:00
19082	966	3	2024-01-01 00:04:00
19082	882	4	2024-01-01 00:07:00
19082	477	4	2024-01-01 00:09:00
19082	33	5	2024-01-01 00:18:00
19082	16	5	2024-01-01 00:19:00
19082	46	5	2024-01-01 00:20:00
19082	697	4	2024-01-01 00:21:00
19082	31	5	2024-01-01 00:22:00
19082	1	5	2024-01-01 00:23:00
19082	396	4	2024-01-01 00:24:00
19082	144	4	2024-01-01 00:25:00
19082	104	3	2024-01-01 00:26:00
19082	65	3	2024-01-01 00:27:00
19082	113	3	2024-01-01 00:29:00
19082	173	3	2024-01-01 00:30:00
19082	57	3	2024-01-01 00:32:00
19082	115	5	2024-01-01 00:33:00
19082	136	3	2024-01-01 00:35:00
19082	941	4	2024-01-01 00:37:00
19082	146	5	2024-01-01 00:40:00
19082	494	5	2024-01-01 00:41:00
19082	342	4	2024-01-01 00:43:00
19082	421	5	2024-01-01 00:45:00
19082	295	5	2024-01-01 00:46:00
19082	901	5	2024-01-01 00:47:00
19082	291	5	2024-01-01 00:48:00
19082	426	5	2024-01-01 00:50:00
19082	359	5	2024-01-01 00:51:00
19082	253	4	2024-01-01 00:53:00
19082	235	3	2024-01-01 00:54:00
19082	1012	3	2024-01-01 00:55:00
19082	440	5	2024-01-01 00:57:00
19082	1081	5	2024-01-01 00:58:00
19082	30	4	2024-01-01 01:01:00
19082	313	5	2024-01-01 01:02:00
19082	473	5	2024-01-01 01:08:00
19082	698	5	2024-01-01 01:11:00
19082	516	4	2024-01-01 01:12:00
19082	119	4	2024-01-01 01:13:00
19082	404	4	2024-01-01 01:14:00
20590	120	3	2024-01-01 00:02:00
20590	183	4	2024-01-01 00:03:00
20590	543	5	2024-01-01 00:04:00
20590	418	5	2024-01-01 00:07:00
20590	419	5	2024-01-01 00:15:00
20590	600	3	2024-01-01 00:19:00
20590	51	4	2024-01-01 00:28:00
20590	254	4	2024-01-01 00:29:00
20590	1	5	2024-01-01 00:31:00
20590	12	5	2024-01-01 00:32:00
20590	632	5	2024-01-01 00:33:00
20590	33	4	2024-01-01 00:34:00
20590	433	5	2024-01-01 00:43:00
20590	210	5	2024-01-01 00:45:00
20590	415	4	2024-01-01 00:47:00
20590	73	5	2024-01-01 00:51:00
20590	519	5	2024-01-01 00:54:00
20590	394	5	2024-01-01 00:55:00
20590	711	5	2024-01-01 00:56:00
20590	259	4	2024-01-01 00:58:00
21163	609	3	2024-01-01 00:00:00
21163	953	4	2024-01-01 00:01:00
21163	936	3	2024-01-01 00:04:00
21163	865	4	2024-01-01 00:05:00
21163	1261	5	2024-01-01 00:06:00
21163	1208	4	2024-01-01 00:09:00
21163	39	5	2024-01-01 00:22:00
21163	110	5	2024-01-01 00:23:00
21163	135	5	2024-01-01 00:24:00
21163	165	5	2024-01-01 00:25:00
21163	188	5	2024-01-01 00:26:00
21163	45	4	2024-01-01 00:27:00
21163	635	4	2024-01-01 00:32:00
21163	1367	5	2024-01-01 00:33:00
21163	516	5	2024-01-01 00:35:00
21163	522	4	2024-01-01 00:36:00
21163	400	4	2024-01-01 00:40:00
21163	22	4	2024-01-01 00:42:00
21163	488	4	2024-01-01 00:45:00
21163	1248	3	2024-01-01 00:46:00
21163	986	3	2024-01-01 00:48:00
21163	911	3	2024-01-01 00:50:00
21163	1123	4	2024-01-01 00:51:00
21163	1053	3	2024-01-01 00:52:00
21163	1288	5	2024-01-01 00:53:00
22339	1394	5	2024-01-01 00:00:00
22339	1363	5	2024-01-01 00:01:00
22339	1340	5	2024-01-01 00:02:00
22339	1304	5	2024-01-01 00:03:00
22339	16	3	2024-01-01 00:07:00
22339	98	4	2024-01-01 00:08:00
22339	140	3	2024-01-01 00:09:00
22339	4	3	2024-01-01 00:10:00
22339	898	4	2024-01-01 00:14:00
22339	696	5	2024-01-01 00:15:00
22339	205	4	2024-01-01 00:16:00
22339	239	3	2024-01-01 00:23:00
22339	67	3	2024-01-01 00:25:00
22339	11	3	2024-01-01 00:26:00
22339	53	3	2024-01-01 00:27:00
22339	97	3	2024-01-01 00:32:00
22339	436	3	2024-01-01 00:34:00
22339	14	4	2024-01-01 00:35:00
22339	160	3	2024-01-01 00:40:00
22339	9	4	2024-01-01 00:42:00
22339	55	3	2024-01-01 00:44:00
22339	474	3	2024-01-01 00:51:00
22339	20	3	2024-01-01 00:54:00
22339	343	3	2024-01-01 00:56:00
22339	123	4	2024-01-01 00:57:00
22339	196	3	2024-01-01 00:58:00
22339	614	3	2024-01-01 01:00:00
22339	288	3	2024-01-01 01:08:00
22339	628	3	2024-01-01 01:09:00
22339	547	3	2024-01-01 01:17:00
22339	95	4	2024-01-01 01:18:00
22339	13	3	2024-01-01 01:19:00
22339	2	4	2024-01-01 01:23:00
22700	771	5	2024-01-01 00:00:00
22700	181	3	2024-01-01 00:01:00
22700	734	4	2024-01-01 00:04:00
22700	4	3	2024-01-01 00:05:00
22700	5	4	2024-01-01 00:06:00
22700	264	5	2024-01-01 00:07:00
22700	456	4	2024-01-01 00:08:00
22700	129	3	2024-01-01 00:10:00
22700	198	3	2024-01-01 00:11:00
22700	113	4	2024-01-01 00:12:00
22700	29	5	2024-01-01 00:13:00
22700	13	5	2024-01-01 00:14:00
22700	530	4	2024-01-01 00:15:00
22700	555	5	2024-01-01 00:16:00
22700	360	5	2024-01-01 00:17:00
22700	914	5	2024-01-01 00:18:00
22700	910	4	2024-01-01 00:19:00
22700	804	5	2024-01-01 00:23:00
22700	773	4	2024-01-01 00:24:00
22700	83	4	2024-01-01 00:25:00
22700	353	4	2024-01-01 00:26:00
22700	714	4	2024-01-01 00:28:00
22700	125	5	2024-01-01 00:29:00
22700	55	5	2024-01-01 00:30:00
22700	547	3	2024-01-01 00:31:00
22700	1019	5	2024-01-01 00:32:00
22700	503	3	2024-01-01 00:34:00
22700	154	5	2024-01-01 00:35:00
22700	204	3	2024-01-01 00:36:00
22700	248	3	2024-01-01 00:37:00
22700	839	5	2024-01-01 00:38:00
22700	130	3	2024-01-01 00:39:00
22700	65	5	2024-01-01 00:41:00
22700	770	5	2024-01-01 00:42:00
22700	401	5	2024-01-01 00:43:00
22700	298	4	2024-01-01 00:46:00
22700	357	5	2024-01-01 00:47:00
22700	715	4	2024-01-01 00:48:00
22700	395	5	2024-01-01 00:49:00
22700	879	5	2024-01-01 00:51:00
22700	512	3	2024-01-01 00:54:00
22700	736	5	2024-01-01 00:55:00
22700	274	5	2024-01-01 00:58:00
22700	526	3	2024-01-01 00:59:00
22700	989	5	2024-01-01 01:00:00
22700	882	4	2024-01-01 01:01:00
22700	966	4	2024-01-01 01:02:00
24764	159	3	2024-01-01 00:02:00
24764	475	4	2024-01-01 00:05:00
24764	711	3	2024-01-01 00:08:00
24764	182	3	2024-01-01 00:15:00
24764	203	4	2024-01-01 00:27:00
24764	632	4	2024-01-01 00:29:00
24764	644	4	2024-01-01 00:30:00
24764	234	3	2024-01-01 00:33:00
24764	200	4	2024-01-01 00:37:00
24764	28	5	2024-01-01 00:38:00
24764	48	3	2024-01-01 00:39:00
24764	14	3	2024-01-01 00:40:00
24764	271	3	2024-01-01 00:41:00
24764	36	3	2024-01-01 00:42:00
24764	713	4	2024-01-01 00:44:00
24764	8	5	2024-01-01 00:51:00
24764	5	4	2024-01-01 00:52:00
24764	4	4	2024-01-01 00:53:00
24764	238	4	2024-01-01 00:54:00
24764	130	4	2024-01-01 00:55:00
24764	121	4	2024-01-01 00:56:00
25308	274	4	2024-01-01 00:00:00
25308	22	5	2024-01-01 00:01:00
25308	33	5	2024-01-01 00:02:00
25308	64	4	2024-01-01 00:03:00
25308	111	4	2024-01-01 00:04:00
25308	304	5	2024-01-01 00:05:00
25308	625	5	2024-01-01 00:06:00
25308	885	5	2024-01-01 00:07:00
25308	1159	5	2024-01-01 00:08:00
25308	150	5	2024-01-01 00:17:00
25308	4	5	2024-01-01 00:18:00
25308	8	5	2024-01-01 00:19:00
25308	1	5	2024-01-01 00:20:00
25308	60	4	2024-01-01 00:21:00
25308	249	5	2024-01-01 00:22:00
25308	325	5	2024-01-01 00:23:00
25308	494	5	2024-01-01 00:24:00
25308	522	5	2024-01-01 00:25:00
25308	104	5	2024-01-01 00:26:00
25308	115	5	2024-01-01 00:27:00
25308	941	5	2024-01-01 00:28:00
25308	662	4	2024-01-01 00:29:00
25308	100	5	2024-01-01 00:30:00
25308	212	5	2024-01-01 00:31:00
25308	178	4	2024-01-01 00:32:00
25308	483	5	2024-01-01 00:33:00
25308	557	5	2024-01-01 00:34:00
25308	604	5	2024-01-01 00:35:00
25308	81	5	2024-01-01 00:39:00
25308	238	3	2024-01-01 00:40:00
25308	15	5	2024-01-01 00:45:00
25308	87	5	2024-01-01 00:46:00
25308	895	4	2024-01-01 00:47:00
25308	495	5	2024-01-01 00:48:00
25308	114	4	2024-01-01 00:51:00
25308	317	5	2024-01-01 00:53:00
25308	383	4	2024-01-01 00:54:00
25308	765	4	2024-01-01 00:55:00
25308	763	5	2024-01-01 00:56:00
25308	754	5	2024-01-01 00:59:00
25308	236	5	2024-01-01 01:00:00
25308	270	5	2024-01-01 01:02:00
25308	92	4	2024-01-01 01:03:00
25308	82	5	2024-01-01 01:04:00
25308	181	5	2024-01-01 01:05:00
25308	758	5	2024-01-01 01:08:00
25308	688	4	2024-01-01 01:10:00
25308	538	5	2024-01-01 01:11:00
25308	1096	5	2024-01-01 01:13:00
25308	546	4	2024-01-01 01:14:00
25308	72	5	2024-01-01 01:15:00
25308	1176	5	2024-01-01 01:16:00
25308	966	5	2024-01-01 01:17:00
25308	521	4	2024-01-01 01:18:00
25652	115	4	2024-01-01 00:00:00
25652	33	5	2024-01-01 00:01:00
25652	98	3	2024-01-01 00:02:00
25652	10	5	2024-01-01 00:03:00
25652	43	3	2024-01-01 00:04:00
25652	63	4	2024-01-01 00:05:00
25652	177	4	2024-01-01 00:06:00
25652	116	5	2024-01-01 00:07:00
25652	248	5	2024-01-01 00:08:00
25652	130	5	2024-01-01 00:09:00
25652	133	5	2024-01-01 00:10:00
25652	65	3	2024-01-01 00:11:00
25652	113	3	2024-01-01 00:12:00
25652	19	5	2024-01-01 00:13:00
25652	559	4	2024-01-01 00:14:00
25652	11	4	2024-01-01 00:15:00
25652	16	4	2024-01-01 00:16:00
25652	28	5	2024-01-01 00:17:00
25652	58	5	2024-01-01 00:18:00
25652	94	5	2024-01-01 00:19:00
25652	100	3	2024-01-01 00:20:00
25652	122	3	2024-01-01 00:21:00
25652	140	3	2024-01-01 00:22:00
25652	138	3	2024-01-01 00:23:00
25652	95	4	2024-01-01 00:24:00
25652	36	4	2024-01-01 00:25:00
25652	173	3	2024-01-01 00:26:00
25652	178	4	2024-01-01 00:27:00
25652	89	5	2024-01-01 00:28:00
25652	180	5	2024-01-01 00:29:00
25652	289	4	2024-01-01 00:30:00
25652	225	5	2024-01-01 00:31:00
25652	21	4	2024-01-01 00:32:00
25652	24	4	2024-01-01 00:33:00
25652	18	4	2024-01-01 00:34:00
25652	29	5	2024-01-01 00:35:00
25652	2	5	2024-01-01 00:36:00
25652	70	4	2024-01-01 00:37:00
25652	59	4	2024-01-01 00:38:00
25652	117	5	2024-01-01 00:39:00
25652	125	5	2024-01-01 00:40:00
25652	102	5	2024-01-01 00:41:00
25652	32	4	2024-01-01 00:42:00
25652	55	4	2024-01-01 00:43:00
25652	7	5	2024-01-01 00:45:00
25652	23	4	2024-01-01 00:46:00
25908	43	5	2024-01-01 00:00:00
25908	320	4	2024-01-01 00:02:00
25908	32	4	2024-01-01 00:04:00
25908	58	4	2024-01-01 00:05:00
25908	736	3	2024-01-01 00:06:00
25908	1094	5	2024-01-01 00:07:00
25908	100	5	2024-01-01 00:10:00
25908	1202	4	2024-01-01 00:11:00
25908	515	4	2024-01-01 00:12:00
25908	35	3	2024-01-01 00:14:00
25908	111	4	2024-01-01 00:15:00
25908	381	4	2024-01-01 00:16:00
25908	409	5	2024-01-01 00:17:00
25908	733	4	2024-01-01 00:24:00
25908	453	4	2024-01-01 00:25:00
25908	704	4	2024-01-01 00:26:00
25908	669	4	2024-01-01 00:27:00
25908	1161	4	2024-01-01 00:28:00
25908	417	5	2024-01-01 00:29:00
25908	613	5	2024-01-01 00:30:00
25908	63	5	2024-01-01 00:32:00
25908	118	4	2024-01-01 00:33:00
25908	272	5	2024-01-01 00:34:00
25908	1131	4	2024-01-01 00:35:00
25908	75	3	2024-01-01 00:39:00
25908	136	3	2024-01-01 00:40:00
25908	54	3	2024-01-01 00:41:00
25908	19	3	2024-01-01 00:43:00
25908	198	5	2024-01-01 00:44:00
25908	66	4	2024-01-01 00:45:00
25908	311	3	2024-01-01 00:46:00
25908	958	3	2024-01-01 00:47:00
25908	740	5	2024-01-01 00:48:00
25908	171	3	2024-01-01 00:53:00
25908	328	3	2024-01-01 00:55:00
25908	567	5	2024-01-01 00:56:00
25908	72	3	2024-01-01 00:57:00
25908	129	5	2024-01-01 00:58:00
25908	107	3	2024-01-01 00:59:00
25908	131	4	2024-01-01 01:01:00
25908	468	5	2024-01-01 01:02:00
25908	29	4	2024-01-01 01:03:00
25908	42	3	2024-01-01 01:04:00
25908	697	5	2024-01-01 01:13:00
27246	42	4	2024-01-01 00:02:00
27246	233	4	2024-01-01 00:03:00
27246	669	5	2024-01-01 00:04:00
27246	32	4	2024-01-01 00:15:00
27246	354	5	2024-01-01 00:16:00
27246	357	4	2024-01-01 00:18:00
27246	171	4	2024-01-01 00:19:00
27246	95	3	2024-01-01 00:21:00
27246	55	4	2024-01-01 00:22:00
27246	131	4	2024-01-01 00:23:00
27246	15	5	2024-01-01 00:24:00
27246	65	3	2024-01-01 00:25:00
27246	559	4	2024-01-01 00:26:00
27246	80	4	2024-01-01 00:27:00
27246	59	4	2024-01-01 00:28:00
27246	264	3	2024-01-01 00:29:00
27246	162	3	2024-01-01 00:30:00
27246	650	3	2024-01-01 00:33:00
27246	289	5	2024-01-01 00:34:00
27246	595	4	2024-01-01 00:36:00
27246	468	3	2024-01-01 00:37:00
27246	119	5	2024-01-01 00:39:00
27246	38	3	2024-01-01 00:43:00
27246	150	3	2024-01-01 00:45:00
27246	186	3	2024-01-01 00:46:00
27246	304	3	2024-01-01 00:47:00
27246	417	4	2024-01-01 00:48:00
27246	258	4	2024-01-01 00:49:00
27246	885	3	2024-01-01 00:51:00
27246	273	4	2024-01-01 00:53:00
27246	901	4	2024-01-01 00:54:00
27246	848	3	2024-01-01 00:56:00
27246	16	4	2024-01-01 01:00:00
27246	60	3	2024-01-01 01:01:00
27246	494	5	2024-01-01 01:02:00
27246	407	4	2024-01-01 01:03:00
27246	325	5	2024-01-01 01:04:00
27246	779	5	2024-01-01 01:05:00
27439	1155	4	2024-01-01 00:03:00
27439	1367	3	2024-01-01 00:04:00
27439	73	3	2024-01-01 00:09:00
27439	519	3	2024-01-01 00:10:00
27439	933	3	2024-01-01 00:11:00
27439	923	3	2024-01-01 00:13:00
27439	35	3	2024-01-01 00:16:00
27439	57	4	2024-01-01 00:17:00
27439	64	3	2024-01-01 00:18:00
27439	54	4	2024-01-01 00:19:00
27439	47	4	2024-01-01 00:20:00
27439	97	3	2024-01-01 00:21:00
27439	516	4	2024-01-01 00:23:00
27439	191	3	2024-01-01 00:25:00
27439	106	5	2024-01-01 00:32:00
27439	1010	5	2024-01-01 00:38:00
27439	780	5	2024-01-01 00:39:00
27439	184	3	2024-01-01 00:44:00
27439	980	5	2024-01-01 00:48:00
27439	187	4	2024-01-01 01:01:00
27439	711	4	2024-01-01 01:02:00
28450	34	4	2024-01-01 00:00:00
28450	99	3	2024-01-01 00:01:00
28450	39	4	2024-01-01 00:03:00
28450	110	3	2024-01-01 00:04:00
28450	135	5	2024-01-01 00:05:00
28450	188	4	2024-01-01 00:07:00
28450	474	3	2024-01-01 00:10:00
28450	688	4	2024-01-01 00:13:00
28450	201	3	2024-01-01 00:15:00
28450	170	5	2024-01-01 00:17:00
28450	62	5	2024-01-01 00:18:00
28450	368	5	2024-01-01 00:19:00
28450	480	5	2024-01-01 00:20:00
28450	1	4	2024-01-01 00:21:00
28450	20	4	2024-01-01 00:22:00
28450	17	3	2024-01-01 00:23:00
28450	11	4	2024-01-01 00:24:00
28450	127	4	2024-01-01 00:33:00
28450	211	4	2024-01-01 00:34:00
28450	193	5	2024-01-01 00:35:00
28450	101	3	2024-01-01 00:36:00
28450	92	5	2024-01-01 00:37:00
28450	16	4	2024-01-01 00:39:00
28450	46	4	2024-01-01 00:42:00
28450	12	4	2024-01-01 00:46:00
28563	661	4	2024-01-01 00:00:00
28563	905	3	2024-01-01 00:03:00
28563	549	4	2024-01-01 00:14:00
28563	1211	4	2024-01-01 00:16:00
28563	148	3	2024-01-01 00:17:00
28563	919	4	2024-01-01 00:19:00
28563	1435	4	2024-01-01 00:20:00
28563	225	3	2024-01-01 00:21:00
28563	899	5	2024-01-01 00:24:00
28563	765	4	2024-01-01 00:28:00
28563	65	4	2024-01-01 00:31:00
28563	405	4	2024-01-01 00:32:00
28563	63	4	2024-01-01 00:36:00
28563	32	4	2024-01-01 00:37:00
28563	129	4	2024-01-01 00:38:00
28563	395	4	2024-01-01 00:39:00
28563	816	5	2024-01-01 00:40:00
28563	102	4	2024-01-01 00:41:00
28563	157	4	2024-01-01 00:42:00
28563	251	4	2024-01-01 00:45:00
28563	278	4	2024-01-01 00:47:00
28563	364	3	2024-01-01 00:48:00
28563	626	3	2024-01-01 00:49:00
28563	245	3	2024-01-01 00:53:00
28563	594	4	2024-01-01 00:54:00
28563	577	4	2024-01-01 00:55:00
28563	1373	3	2024-01-01 00:58:00
29144	626	5	2024-01-01 00:01:00
29144	549	5	2024-01-01 00:16:00
29144	251	5	2024-01-01 00:17:00
29144	296	5	2024-01-01 00:19:00
29144	339	5	2024-01-01 00:25:00
29144	278	5	2024-01-01 00:26:00
29144	364	5	2024-01-01 00:27:00
29144	358	5	2024-01-01 00:28:00
29144	391	5	2024-01-01 00:30:00
29144	356	5	2024-01-01 00:31:00
29144	15	5	2024-01-01 00:35:00
29144	176	5	2024-01-01 00:36:00
29144	316	5	2024-01-01 00:37:00
29144	786	5	2024-01-01 00:39:00
29144	152	4	2024-01-01 00:43:00
29144	25	5	2024-01-01 00:44:00
29144	27	5	2024-01-01 00:45:00
29144	24	5	2024-01-01 00:46:00
29144	21	5	2024-01-01 00:47:00
29144	422	5	2024-01-01 00:48:00
29144	480	5	2024-01-01 00:49:00
29144	340	4	2024-01-01 00:51:00
29144	6	5	2024-01-01 00:52:00
29144	577	5	2024-01-01 00:53:00
29144	178	5	2024-01-01 00:54:00
29144	149	5	2024-01-01 00:56:00
29144	47	5	2024-01-01 00:57:00
29144	254	4	2024-01-01 01:00:00
29144	475	5	2024-01-01 01:01:00
29144	51	3	2024-01-01 01:02:00
29144	64	5	2024-01-01 01:03:00
29144	425	5	2024-01-01 01:04:00
29144	172	4	2024-01-01 01:06:00
29144	760	5	2024-01-01 01:07:00
29144	280	4	2024-01-01 01:10:00
29144	903	4	2024-01-01 01:11:00
29144	67	5	2024-01-01 01:12:00
29144	237	4	2024-01-01 01:14:00
29410	471	5	2024-01-01 00:01:00
29410	451	5	2024-01-01 00:02:00
29410	958	5	2024-01-01 00:03:00
29410	116	5	2024-01-01 00:04:00
29410	66	5	2024-01-01 00:05:00
29410	311	3	2024-01-01 00:06:00
29410	734	4	2024-01-01 00:08:00
29410	840	4	2024-01-01 00:09:00
29410	740	5	2024-01-01 00:10:00
29410	2	5	2024-01-01 00:11:00
29410	19	3	2024-01-01 00:12:00
29410	379	3	2024-01-01 00:13:00
29410	330	5	2024-01-01 00:14:00
29410	389	5	2024-01-01 00:15:00
29410	192	5	2024-01-01 00:16:00
29410	562	4	2024-01-01 00:26:00
29410	263	5	2024-01-01 00:27:00
29410	307	5	2024-01-01 00:28:00
29410	997	3	2024-01-01 00:32:00
29410	42	5	2024-01-01 00:34:00
29410	540	5	2024-01-01 00:38:00
29410	639	5	2024-01-01 00:39:00
29410	497	3	2024-01-01 00:43:00
29410	1497	3	2024-01-01 00:44:00
29410	76	5	2024-01-01 00:45:00
29410	109	4	2024-01-01 00:46:00
29410	1	3	2024-01-01 00:47:00
29410	1128	5	2024-01-01 00:51:00
29410	960	5	2024-01-01 00:56:00
29410	603	5	2024-01-01 00:57:00
29410	988	5	2024-01-01 00:58:00
29410	1049	5	2024-01-01 00:59:00
29410	346	3	2024-01-01 01:02:00
29410	289	4	2024-01-01 01:12:00
29410	3	3	2024-01-01 01:18:00
29410	37	4	2024-01-01 01:19:00
29410	84	3	2024-01-01 01:20:00
29410	288	3	2024-01-01 01:21:00
29865	104	3	2024-01-01 00:01:00
29865	441	4	2024-01-01 00:03:00
29865	474	3	2024-01-01 00:05:00
29865	16	4	2024-01-01 00:06:00
29865	98	4	2024-01-01 00:07:00
29865	140	4	2024-01-01 00:08:00
29865	609	4	2024-01-01 00:10:00
29865	705	4	2024-01-01 00:12:00
29865	1288	5	2024-01-01 00:13:00
29865	578	4	2024-01-01 00:14:00
29865	72	4	2024-01-01 00:15:00
29865	670	5	2024-01-01 00:16:00
29865	731	5	2024-01-01 00:17:00
29865	209	5	2024-01-01 00:19:00
29865	431	5	2024-01-01 00:20:00
29865	84	5	2024-01-01 00:23:00
29865	168	5	2024-01-01 00:25:00
29865	243	4	2024-01-01 00:26:00
29865	205	5	2024-01-01 00:27:00
29865	176	4	2024-01-01 00:30:00
29865	237	3	2024-01-01 00:32:00
29865	349	4	2024-01-01 00:33:00
29865	553	5	2024-01-01 00:34:00
29865	556	5	2024-01-01 00:35:00
29865	675	4	2024-01-01 00:37:00
29865	865	5	2024-01-01 00:39:00
29865	1248	3	2024-01-01 00:40:00
29865	1123	4	2024-01-01 00:42:00
29865	1139	4	2024-01-01 00:43:00
29865	1208	4	2024-01-01 00:44:00
29865	126	5	2024-01-01 00:45:00
29865	13	4	2024-01-01 00:46:00
29865	97	3	2024-01-01 00:51:00
31430	121	5	2024-01-01 00:01:00
31430	162	5	2024-01-01 00:02:00
31430	167	4	2024-01-01 00:03:00
31430	37	4	2024-01-01 00:04:00
31430	62	4	2024-01-01 00:05:00
31430	495	4	2024-01-01 00:06:00
31430	349	4	2024-01-01 00:09:00
31430	441	4	2024-01-01 00:10:00
31430	768	4	2024-01-01 00:11:00
31430	54	4	2024-01-01 00:12:00
31430	295	4	2024-01-01 00:13:00
31430	398	3	2024-01-01 00:14:00
31430	474	4	2024-01-01 00:15:00
31430	691	4	2024-01-01 00:16:00
31430	1272	3	2024-01-01 00:19:00
31430	446	3	2024-01-01 00:20:00
31430	191	4	2024-01-01 00:30:00
31430	365	3	2024-01-01 00:31:00
31430	490	5	2024-01-01 00:34:00
31430	4	4	2024-01-01 00:41:00
31430	322	3	2024-01-01 00:42:00
31430	765	4	2024-01-01 00:45:00
31430	18	4	2024-01-01 00:57:00
31685	13	3	2024-01-01 00:03:00
31685	129	3	2024-01-01 00:04:00
31685	14	4	2024-01-01 00:05:00
31685	2	5	2024-01-01 00:06:00
31685	28	5	2024-01-01 00:07:00
31685	22	5	2024-01-01 00:08:00
31685	64	5	2024-01-01 00:09:00
31685	169	5	2024-01-01 00:10:00
31685	46	5	2024-01-01 00:14:00
31685	186	5	2024-01-01 00:15:00
31685	32	5	2024-01-01 00:16:00
31685	198	5	2024-01-01 00:17:00
31685	357	5	2024-01-01 00:18:00
31685	55	5	2024-01-01 00:19:00
31685	48	5	2024-01-01 00:20:00
31685	57	5	2024-01-01 00:21:00
31685	3	5	2024-01-01 00:22:00
31685	153	5	2024-01-01 00:23:00
31685	384	5	2024-01-01 00:24:00
31685	889	5	2024-01-01 00:36:00
31685	31	5	2024-01-01 00:37:00
31685	51	5	2024-01-01 00:40:00
31685	246	5	2024-01-01 00:44:00
31685	182	4	2024-01-01 00:53:00
31685	1	5	2024-01-01 00:54:00
31685	224	5	2024-01-01 00:55:00
32710	17	3	2024-01-01 00:00:00
32710	20	3	2024-01-01 00:01:00
32710	21	3	2024-01-01 00:02:00
32710	24	3	2024-01-01 00:03:00
32710	18	3	2024-01-01 00:04:00
32710	23	3	2024-01-01 00:05:00
32710	63	3	2024-01-01 00:06:00
32710	282	3	2024-01-01 00:07:00
32710	89	4	2024-01-01 00:09:00
32710	161	4	2024-01-01 00:10:00
32710	155	4	2024-01-01 00:11:00
32710	8	4	2024-01-01 00:12:00
32710	114	3	2024-01-01 00:13:00
32710	118	3	2024-01-01 00:14:00
32710	289	3	2024-01-01 00:15:00
32710	337	3	2024-01-01 00:16:00
32710	26	3	2024-01-01 00:17:00
32710	98	5	2024-01-01 00:19:00
32710	189	4	2024-01-01 00:20:00
32710	5	4	2024-01-01 00:22:00
32710	80	4	2024-01-01 00:23:00
32710	93	3	2024-01-01 00:24:00
32710	179	3	2024-01-01 00:25:00
32710	145	3	2024-01-01 00:26:00
32710	650	3	2024-01-01 00:28:00
32710	48	3	2024-01-01 00:29:00
32710	72	3	2024-01-01 00:30:00
32710	306	3	2024-01-01 00:31:00
32710	1161	3	2024-01-01 00:32:00
32710	883	3	2024-01-01 00:33:00
32710	653	4	2024-01-01 00:34:00
32710	354	3	2024-01-01 00:38:00
32710	696	3	2024-01-01 00:39:00
32710	95	3	2024-01-01 00:40:00
32710	561	3	2024-01-01 00:41:00
32710	896	3	2024-01-01 00:43:00
32710	361	4	2024-01-01 00:48:00
32710	994	3	2024-01-01 00:49:00
32710	540	3	2024-01-01 00:50:00
32710	243	3	2024-01-01 00:51:00
32710	209	3	2024-01-01 00:54:00
32710	301	3	2024-01-01 00:58:00
32710	937	4	2024-01-01 00:59:00
32710	257	3	2024-01-01 01:01:00
32710	157	4	2024-01-01 01:03:00
32710	597	3	2024-01-01 01:05:00
32710	565	3	2024-01-01 01:06:00
32710	603	3	2024-01-01 01:09:00
32710	1005	4	2024-01-01 01:17:00
32710	480	3	2024-01-01 01:18:00
32710	495	3	2024-01-01 01:19:00
32710	25	3	2024-01-01 01:20:00
32710	27	3	2024-01-01 01:21:00
32710	135	3	2024-01-01 01:25:00
32710	158	3	2024-01-01 01:28:00
32710	556	3	2024-01-01 01:39:00
32710	488	3	2024-01-01 01:40:00
32710	1139	3	2024-01-01 01:41:00
32953	39	5	2024-01-01 00:00:00
32953	188	3	2024-01-01 00:01:00
32953	165	4	2024-01-01 00:02:00
32953	135	5	2024-01-01 00:03:00
32953	110	5	2024-01-01 00:04:00
32953	1200	5	2024-01-01 00:10:00
32953	917	5	2024-01-01 00:12:00
32953	562	5	2024-01-01 00:14:00
32953	307	5	2024-01-01 00:15:00
32953	192	5	2024-01-01 00:17:00
32953	389	5	2024-01-01 00:18:00
32953	598	5	2024-01-01 00:19:00
32953	960	3	2024-01-01 00:21:00
32953	1049	4	2024-01-01 00:22:00
32953	603	3	2024-01-01 00:23:00
32953	1018	5	2024-01-01 00:29:00
32953	746	5	2024-01-01 00:31:00
32953	565	5	2024-01-01 00:57:00
32953	330	4	2024-01-01 00:59:00
32953	510	4	2024-01-01 01:00:00
32953	528	4	2024-01-01 01:01:00
32953	722	4	2024-01-01 01:02:00
32953	949	4	2024-01-01 01:03:00
32953	1023	4	2024-01-01 01:04:00
32953	1119	4	2024-01-01 01:05:00
32953	988	4	2024-01-01 01:06:00
33464	114	3	2024-01-01 00:01:00
33464	25	5	2024-01-01 00:02:00
33464	54	4	2024-01-01 00:03:00
33464	8	3	2024-01-01 00:04:00
33464	104	4	2024-01-01 00:05:00
33464	2	5	2024-01-01 00:06:00
33464	28	3	2024-01-01 00:07:00
33464	14	4	2024-01-01 00:08:00
33464	95	4	2024-01-01 00:09:00
33464	102	4	2024-01-01 00:10:00
33464	48	3	2024-01-01 00:11:00
33464	157	4	2024-01-01 00:12:00
33464	4	5	2024-01-01 00:14:00
33464	15	3	2024-01-01 00:15:00
33464	229	3	2024-01-01 00:16:00
33464	251	3	2024-01-01 00:17:00
33464	18	4	2024-01-01 00:18:00
33464	24	3	2024-01-01 00:19:00
33464	27	4	2024-01-01 00:20:00
33464	444	5	2024-01-01 00:21:00
33464	130	4	2024-01-01 00:23:00
33464	919	4	2024-01-01 00:25:00
33464	268	3	2024-01-01 00:31:00
33464	410	5	2024-01-01 00:35:00
33464	1084	4	2024-01-01 00:36:00
33464	1133	4	2024-01-01 00:38:00
33464	458	5	2024-01-01 00:39:00
33464	87	3	2024-01-01 00:41:00
33464	160	5	2024-01-01 00:42:00
33464	172	4	2024-01-01 00:43:00
33464	113	4	2024-01-01 00:44:00
33464	92	4	2024-01-01 00:46:00
33464	329	4	2024-01-01 00:48:00
33464	454	4	2024-01-01 00:49:00
33464	401	4	2024-01-01 00:51:00
33464	359	4	2024-01-01 00:52:00
33464	1497	3	2024-01-01 00:53:00
33464	70	4	2024-01-01 00:54:00
33464	94	4	2024-01-01 00:55:00
33464	341	4	2024-01-01 00:59:00
33464	158	3	2024-01-01 01:04:00
33464	10	4	2024-01-01 01:06:00
33638	13	5	2024-01-01 00:03:00
33638	5	3	2024-01-01 00:04:00
33638	664	4	2024-01-01 00:05:00
33638	28	3	2024-01-01 00:08:00
33638	131	3	2024-01-01 00:09:00
33638	33	4	2024-01-01 00:11:00
33638	65	4	2024-01-01 00:13:00
33638	113	3	2024-01-01 00:17:00
33638	943	5	2024-01-01 00:18:00
33638	316	5	2024-01-01 00:19:00
33638	50	5	2024-01-01 00:24:00
33638	549	5	2024-01-01 00:26:00
33638	278	5	2024-01-01 00:36:00
33638	1272	3	2024-01-01 00:37:00
33638	591	4	2024-01-01 00:41:00
33638	758	3	2024-01-01 00:44:00
33638	576	5	2024-01-01 00:49:00
33638	82	3	2024-01-01 00:53:00
33638	256	3	2024-01-01 01:01:00
33638	87	4	2024-01-01 01:06:00
33638	472	5	2024-01-01 01:07:00
33638	698	3	2024-01-01 01:08:00
33638	193	3	2024-01-01 01:11:00
33638	8	3	2024-01-01 01:15:00
33638	284	3	2024-01-01 01:16:00
33954	7	5	2024-01-01 00:00:00
33954	2	5	2024-01-01 00:01:00
33954	960	5	2024-01-01 00:02:00
33954	19	5	2024-01-01 00:03:00
33954	39	5	2024-01-01 00:04:00
33954	62	3	2024-01-01 00:05:00
33954	192	5	2024-01-01 00:06:00
33954	223	5	2024-01-01 00:07:00
33954	408	5	2024-01-01 00:12:00
33954	403	5	2024-01-01 00:14:00
33954	79	3	2024-01-01 00:16:00
33954	341	3	2024-01-01 00:18:00
33954	374	4	2024-01-01 00:20:00
33954	92	4	2024-01-01 00:21:00
33954	70	5	2024-01-01 00:23:00
33954	126	5	2024-01-01 00:24:00
33954	276	5	2024-01-01 00:25:00
33954	729	4	2024-01-01 00:26:00
33954	371	5	2024-01-01 00:27:00
33954	1105	4	2024-01-01 00:28:00
33954	1262	5	2024-01-01 00:29:00
33954	464	3	2024-01-01 00:36:00
33954	260	5	2024-01-01 00:42:00
33954	188	5	2024-01-01 00:43:00
33954	135	5	2024-01-01 00:44:00
33954	307	5	2024-01-01 00:45:00
33954	27	5	2024-01-01 00:46:00
33954	21	5	2024-01-01 00:47:00
33954	24	5	2024-01-01 00:49:00
33954	165	5	2024-01-01 00:50:00
33954	25	5	2024-01-01 00:57:00
33954	789	5	2024-01-01 01:01:00
33954	890	5	2024-01-01 01:02:00
33954	1223	5	2024-01-01 01:03:00
34330	290	4	2024-01-01 00:00:00
34330	12	4	2024-01-01 00:01:00
34330	69	4	2024-01-01 00:02:00
34330	1	4	2024-01-01 00:03:00
34330	17	4	2024-01-01 00:04:00
34330	20	3	2024-01-01 00:05:00
34330	484	4	2024-01-01 00:07:00
34330	297	5	2024-01-01 00:15:00
34330	742	4	2024-01-01 00:16:00
34330	495	5	2024-01-01 00:18:00
34330	677	4	2024-01-01 00:23:00
34330	140	4	2024-01-01 00:24:00
34330	380	4	2024-01-01 00:26:00
34330	211	3	2024-01-01 00:27:00
34330	341	3	2024-01-01 00:28:00
34330	561	5	2024-01-01 00:29:00
34330	85	5	2024-01-01 00:30:00
34330	90	3	2024-01-01 00:31:00
34330	37	4	2024-01-01 00:32:00
34330	54	4	2024-01-01 00:33:00
34330	21	4	2024-01-01 00:35:00
34330	23	4	2024-01-01 00:36:00
34330	27	4	2024-01-01 00:37:00
34330	24	4	2024-01-01 00:38:00
34330	18	4	2024-01-01 00:39:00
34330	25	4	2024-01-01 00:40:00
34330	2	4	2024-01-01 00:41:00
34330	284	4	2024-01-01 00:42:00
34330	236	5	2024-01-01 00:43:00
34330	249	5	2024-01-01 00:44:00
34330	70	4	2024-01-01 00:45:00
34330	98	4	2024-01-01 00:46:00
34330	16	4	2024-01-01 00:47:00
34330	587	5	2024-01-01 00:48:00
34330	68	4	2024-01-01 00:53:00
34330	124	4	2024-01-01 00:54:00
34330	106	5	2024-01-01 00:55:00
34330	239	4	2024-01-01 00:56:00
34330	934	3	2024-01-01 00:58:00
34330	177	3	2024-01-01 00:59:00
34330	97	4	2024-01-01 01:00:00
34330	178	4	2024-01-01 01:02:00
34330	323	5	2024-01-01 01:03:00
34330	405	4	2024-01-01 01:07:00
34330	55	4	2024-01-01 01:08:00
34330	13	4	2024-01-01 01:09:00
34330	48	4	2024-01-01 01:10:00
34472	54	5	2024-01-01 00:00:00
34472	897	3	2024-01-01 00:01:00
34472	247	3	2024-01-01 00:02:00
34472	78	4	2024-01-01 00:04:00
34472	108	3	2024-01-01 00:05:00
34472	136	5	2024-01-01 00:06:00
34472	120	4	2024-01-01 00:07:00
34472	102	4	2024-01-01 00:08:00
34472	469	5	2024-01-01 00:09:00
34472	157	3	2024-01-01 00:10:00
34472	158	4	2024-01-01 00:11:00
34472	2	4	2024-01-01 00:12:00
34472	868	5	2024-01-01 00:13:00
34472	1108	4	2024-01-01 00:21:00
34472	792	4	2024-01-01 00:23:00
34472	133	3	2024-01-01 00:29:00
34472	416	4	2024-01-01 00:30:00
34472	93	3	2024-01-01 00:31:00
34472	1497	4	2024-01-01 00:32:00
34472	639	3	2024-01-01 00:33:00
34472	497	5	2024-01-01 00:34:00
34472	184	4	2024-01-01 00:35:00
34472	37	4	2024-01-01 00:36:00
34472	1207	3	2024-01-01 00:40:00
34472	14	4	2024-01-01 00:43:00
34472	177	3	2024-01-01 00:46:00
34472	71	3	2024-01-01 00:47:00
34472	58	4	2024-01-01 00:48:00
34472	28	3	2024-01-01 00:49:00
34472	13	5	2024-01-01 00:50:00
34472	131	3	2024-01-01 00:51:00
34472	337	5	2024-01-01 00:52:00
34472	547	3	2024-01-01 00:53:00
34472	972	4	2024-01-01 00:54:00
34472	293	4	2024-01-01 00:56:00
34472	413	4	2024-01-01 00:57:00
34472	529	4	2024-01-01 00:58:00
34472	478	5	2024-01-01 00:59:00
34472	590	3	2024-01-01 01:00:00
34472	706	3	2024-01-01 01:04:00
34607	38	3	2024-01-01 00:00:00
34607	46	5	2024-01-01 00:01:00
34607	11	4	2024-01-01 00:04:00
34607	10	5	2024-01-01 00:08:00
34607	1112	3	2024-01-01 00:09:00
34607	43	5	2024-01-01 00:12:00
34607	63	3	2024-01-01 00:14:00
34607	36	5	2024-01-01 00:15:00
34607	707	5	2024-01-01 00:16:00
34607	64	3	2024-01-01 00:17:00
34607	199	5	2024-01-01 00:18:00
34607	169	3	2024-01-01 00:19:00
34607	29	3	2024-01-01 00:20:00
34607	402	4	2024-01-01 00:21:00
34607	172	5	2024-01-01 00:23:00
34607	44	3	2024-01-01 00:26:00
34607	216	5	2024-01-01 00:29:00
34607	133	3	2024-01-01 00:30:00
34607	34	5	2024-01-01 00:31:00
34607	77	4	2024-01-01 00:32:00
34607	137	5	2024-01-01 00:33:00
34607	433	5	2024-01-01 00:35:00
34607	107	3	2024-01-01 00:41:00
34607	152	3	2024-01-01 00:42:00
34607	271	3	2024-01-01 00:49:00
34607	117	3	2024-01-01 00:51:00
34607	468	3	2024-01-01 00:59:00
34607	613	4	2024-01-01 01:02:00
34607	270	4	2024-01-01 01:05:00
34607	18	5	2024-01-01 01:06:00
34607	21	5	2024-01-01 01:07:00
34607	27	5	2024-01-01 01:08:00
34607	25	5	2024-01-01 01:09:00
34607	23	5	2024-01-01 01:10:00
34607	24	5	2024-01-01 01:11:00
34607	15	3	2024-01-01 01:14:00
34607	219	4	2024-01-01 01:15:00
34607	157	5	2024-01-01 01:16:00
34607	189	5	2024-01-01 01:17:00
34607	85	5	2024-01-01 01:18:00
34607	251	5	2024-01-01 01:19:00
34607	50	5	2024-01-01 01:20:00
34607	102	3	2024-01-01 01:21:00
34607	391	5	2024-01-01 01:22:00
34607	321	5	2024-01-01 01:23:00
34607	422	5	2024-01-01 01:24:00
35428	213	5	2024-01-01 00:00:00
35428	13	5	2024-01-01 00:01:00
35428	14	5	2024-01-01 00:02:00
35428	162	5	2024-01-01 00:04:00
35428	8	5	2024-01-01 00:05:00
35428	298	4	2024-01-01 00:06:00
35428	283	5	2024-01-01 00:07:00
35428	312	4	2024-01-01 00:09:00
35428	466	4	2024-01-01 00:26:00
35428	1089	5	2024-01-01 00:27:00
35428	755	5	2024-01-01 00:33:00
35428	196	4	2024-01-01 00:37:00
35428	7	5	2024-01-01 00:44:00
35428	191	5	2024-01-01 00:45:00
35428	28	5	2024-01-01 00:54:00
35428	2	5	2024-01-01 00:57:00
35428	23	5	2024-01-01 00:58:00
35428	18	5	2024-01-01 00:59:00
35428	21	5	2024-01-01 01:00:00
35428	24	4	2024-01-01 01:01:00
35428	27	5	2024-01-01 01:02:00
35428	25	5	2024-01-01 01:03:00
35866	15	4	2024-01-01 00:00:00
35866	179	3	2024-01-01 00:04:00
35866	767	4	2024-01-01 00:05:00
35866	994	5	2024-01-01 00:06:00
35866	81	3	2024-01-01 00:07:00
35866	9	4	2024-01-01 00:15:00
35866	13	3	2024-01-01 00:17:00
35866	14	3	2024-01-01 00:18:00
35866	11	5	2024-01-01 00:19:00
35866	150	5	2024-01-01 00:20:00
35866	337	4	2024-01-01 00:25:00
35866	16	4	2024-01-01 00:27:00
35866	45	5	2024-01-01 00:28:00
35866	10	5	2024-01-01 00:31:00
35866	2	5	2024-01-01 00:33:00
35866	60	4	2024-01-01 00:34:00
35866	22	3	2024-01-01 00:35:00
35866	515	5	2024-01-01 00:37:00
35866	311	4	2024-01-01 00:38:00
35866	757	5	2024-01-01 00:40:00
35866	734	4	2024-01-01 00:41:00
35866	840	4	2024-01-01 00:42:00
35866	46	3	2024-01-01 01:01:00
35866	33	3	2024-01-01 01:02:00
35866	848	3	2024-01-01 01:04:00
35866	31	3	2024-01-01 01:05:00
35866	67	3	2024-01-01 01:06:00
35866	186	5	2024-01-01 01:07:00
35866	195	5	2024-01-01 01:08:00
35866	216	4	2024-01-01 01:09:00
35866	906	3	2024-01-01 01:13:00
35866	396	4	2024-01-01 01:15:00
35866	55	4	2024-01-01 01:16:00
35866	57	4	2024-01-01 01:17:00
35866	136	3	2024-01-01 01:18:00
35866	261	3	2024-01-01 01:20:00
35866	63	3	2024-01-01 01:21:00
35866	230	4	2024-01-01 01:22:00
35866	42	3	2024-01-01 01:23:00
35866	122	3	2024-01-01 01:25:00
35866	76	4	2024-01-01 01:27:00
35866	118	3	2024-01-01 01:28:00
35866	198	4	2024-01-01 01:29:00
35866	84	4	2024-01-01 01:32:00
35866	171	4	2024-01-01 01:33:00
35866	255	4	2024-01-01 01:34:00
35866	142	3	2024-01-01 01:36:00
35866	75	4	2024-01-01 01:37:00
35866	30	3	2024-01-01 01:38:00
35866	66	3	2024-01-01 01:39:00
35866	185	3	2024-01-01 01:40:00
35866	287	3	2024-01-01 01:42:00
35866	116	3	2024-01-01 01:43:00
35866	522	4	2024-01-01 01:45:00
35866	417	3	2024-01-01 01:46:00
35866	168	4	2024-01-01 01:48:00
35866	410	3	2024-01-01 01:49:00
35866	271	3	2024-01-01 01:50:00
35866	72	4	2024-01-01 01:51:00
35866	476	3	2024-01-01 01:54:00
35866	59	3	2024-01-01 01:55:00
35866	270	3	2024-01-01 01:56:00
35918	451	3	2024-01-01 00:00:00
35918	47	5	2024-01-01 00:05:00
35918	485	4	2024-01-01 00:06:00
35918	121	3	2024-01-01 00:07:00
35918	297	4	2024-01-01 00:14:00
35918	28	5	2024-01-01 00:20:00
35918	326	5	2024-01-01 00:23:00
35918	368	5	2024-01-01 00:24:00
35918	480	5	2024-01-01 00:25:00
35918	129	4	2024-01-01 00:34:00
35918	672	3	2024-01-01 00:35:00
35918	200	5	2024-01-01 00:38:00
35918	718	4	2024-01-01 00:39:00
35918	13	4	2024-01-01 00:42:00
35918	606	4	2024-01-01 00:48:00
35918	323	3	2024-01-01 00:49:00
35918	881	3	2024-01-01 00:51:00
35918	727	4	2024-01-01 00:54:00
35918	3	3	2024-01-01 00:59:00
35918	48	4	2024-01-01 01:03:00
35918	63	4	2024-01-01 01:04:00
35918	228	3	2024-01-01 01:15:00
35918	474	5	2024-01-01 01:19:00
35918	324	5	2024-01-01 01:21:00
35918	911	4	2024-01-01 01:23:00
35944	989	3	2024-01-01 00:00:00
35944	200	5	2024-01-01 00:01:00
35944	16	4	2024-01-01 00:03:00
35944	2	5	2024-01-01 00:04:00
35944	53	5	2024-01-01 00:05:00
35944	41	5	2024-01-01 00:06:00
35944	89	3	2024-01-01 00:08:00
35944	1	3	2024-01-01 00:09:00
35944	370	5	2024-01-01 00:10:00
35944	19	4	2024-01-01 00:11:00
35944	67	5	2024-01-01 00:12:00
35944	42	5	2024-01-01 00:13:00
35944	26	4	2024-01-01 00:23:00
35944	359	3	2024-01-01 00:24:00
35944	151	5	2024-01-01 00:25:00
35944	175	5	2024-01-01 00:26:00
35944	214	5	2024-01-01 00:27:00
35944	159	5	2024-01-01 00:28:00
35944	294	4	2024-01-01 00:29:00
35944	64	3	2024-01-01 00:34:00
35944	281	3	2024-01-01 00:35:00
36779	672	4	2024-01-01 00:00:00
36779	768	4	2024-01-01 00:01:00
36779	367	3	2024-01-01 00:02:00
36779	119	5	2024-01-01 00:10:00
36779	171	3	2024-01-01 00:13:00
36779	707	3	2024-01-01 00:14:00
36779	496	3	2024-01-01 00:15:00
36779	514	4	2024-01-01 00:17:00
36779	618	4	2024-01-01 00:18:00
36779	272	4	2024-01-01 00:19:00
36779	879	4	2024-01-01 00:20:00
36779	139	4	2024-01-01 00:21:00
36779	557	4	2024-01-01 00:22:00
36779	499	3	2024-01-01 00:24:00
36779	65	3	2024-01-01 00:27:00
36779	1179	3	2024-01-01 00:28:00
36779	353	3	2024-01-01 00:29:00
36779	492	4	2024-01-01 00:34:00
36779	838	4	2024-01-01 00:35:00
36779	240	4	2024-01-01 00:36:00
36779	30	5	2024-01-01 00:37:00
36779	186	5	2024-01-01 00:38:00
36779	700	4	2024-01-01 00:39:00
36779	764	5	2024-01-01 00:40:00
36779	227	4	2024-01-01 00:47:00
36779	544	4	2024-01-01 00:48:00
36779	416	4	2024-01-01 00:49:00
36779	86	4	2024-01-01 00:51:00
36779	266	3	2024-01-01 00:52:00
36779	639	3	2024-01-01 00:53:00
36779	785	3	2024-01-01 00:54:00
36779	738	4	2024-01-01 00:56:00
36779	905	3	2024-01-01 00:57:00
36779	1373	3	2024-01-01 00:58:00
36779	451	3	2024-01-01 01:00:00
36779	1207	3	2024-01-01 01:04:00
36779	526	3	2024-01-01 01:07:00
36779	876	3	2024-01-01 01:08:00
36779	839	4	2024-01-01 01:10:00
36779	388	4	2024-01-01 01:11:00
36779	4	5	2024-01-01 01:19:00
37430	327	4	2024-01-01 00:02:00
37430	713	5	2024-01-01 00:03:00
37430	183	4	2024-01-01 00:09:00
37430	309	5	2024-01-01 00:10:00
37430	319	5	2024-01-01 00:11:00
37430	351	4	2024-01-01 00:12:00
37430	460	5	2024-01-01 00:13:00
37430	153	4	2024-01-01 00:14:00
37430	134	3	2024-01-01 00:15:00
37430	752	3	2024-01-01 00:16:00
37430	393	4	2024-01-01 00:17:00
37430	210	5	2024-01-01 00:18:00
37430	384	5	2024-01-01 00:20:00
37430	394	5	2024-01-01 00:21:00
37430	419	5	2024-01-01 00:22:00
37430	418	5	2024-01-01 00:23:00
37430	543	5	2024-01-01 00:24:00
37430	632	4	2024-01-01 00:34:00
37829	107	5	2024-01-01 00:06:00
37829	169	5	2024-01-01 00:07:00
37829	152	4	2024-01-01 00:08:00
37829	286	5	2024-01-01 00:09:00
37829	420	4	2024-01-01 00:10:00
37829	302	4	2024-01-01 00:11:00
37829	571	5	2024-01-01 00:12:00
37829	552	5	2024-01-01 00:13:00
37829	432	4	2024-01-01 00:18:00
37829	7	5	2024-01-01 00:19:00
37829	14	4	2024-01-01 00:20:00
37829	48	4	2024-01-01 00:21:00
37829	28	3	2024-01-01 00:22:00
37829	70	5	2024-01-01 00:23:00
37829	26	5	2024-01-01 00:24:00
37829	39	3	2024-01-01 00:25:00
37829	511	3	2024-01-01 00:28:00
37829	16	3	2024-01-01 00:29:00
37829	446	5	2024-01-01 00:30:00
37829	1	5	2024-01-01 00:34:00
37829	20	4	2024-01-01 00:35:00
37829	17	3	2024-01-01 00:36:00
37829	41	3	2024-01-01 00:37:00
37829	151	3	2024-01-01 00:38:00
37829	159	3	2024-01-01 00:39:00
37829	422	5	2024-01-01 00:48:00
37829	399	5	2024-01-01 00:49:00
37829	12	5	2024-01-01 00:50:00
37829	69	4	2024-01-01 00:51:00
37829	105	4	2024-01-01 00:52:00
37829	214	3	2024-01-01 00:58:00
37829	163	4	2024-01-01 00:59:00
37829	294	3	2024-01-01 01:00:00
37829	428	4	2024-01-01 01:01:00
37829	1022	5	2024-01-01 01:02:00
37829	393	5	2024-01-01 01:03:00
38408	2	3	2024-01-01 00:00:00
38408	7	5	2024-01-01 00:01:00
38408	1018	5	2024-01-01 00:02:00
38408	307	5	2024-01-01 00:03:00
38408	988	3	2024-01-01 00:04:00
38408	603	5	2024-01-01 00:05:00
38408	510	3	2024-01-01 00:13:00
38408	192	5	2024-01-01 00:14:00
38408	41	3	2024-01-01 00:15:00
38408	167	5	2024-01-01 00:16:00
38408	1368	5	2024-01-01 00:18:00
38408	1	3	2024-01-01 00:26:00
38408	429	5	2024-01-01 00:27:00
38408	450	4	2024-01-01 00:31:00
38408	389	5	2024-01-01 00:32:00
38408	122	5	2024-01-01 00:33:00
38408	562	3	2024-01-01 00:34:00
38408	682	4	2024-01-01 00:39:00
38408	598	3	2024-01-01 00:42:00
38408	197	3	2024-01-01 00:43:00
38408	89	5	2024-01-01 00:46:00
38408	877	3	2024-01-01 00:47:00
38408	817	4	2024-01-01 00:48:00
38408	283	5	2024-01-01 00:49:00
38408	593	4	2024-01-01 00:50:00
38408	620	4	2024-01-01 00:51:00
38408	747	4	2024-01-01 00:52:00
38408	232	5	2024-01-01 00:53:00
38408	666	5	2024-01-01 00:54:00
38408	894	5	2024-01-01 00:55:00
38408	1049	5	2024-01-01 00:58:00
38408	565	5	2024-01-01 01:02:00
38408	755	5	2024-01-01 01:10:00
38408	1342	5	2024-01-01 01:11:00
38408	1337	5	2024-01-01 01:12:00
38408	1089	5	2024-01-01 01:13:00
38408	72	3	2024-01-01 01:16:00
38408	176	4	2024-01-01 01:17:00
38408	168	5	2024-01-01 01:18:00
38408	209	4	2024-01-01 01:32:00
38408	367	5	2024-01-01 01:33:00
38408	71	4	2024-01-01 01:34:00
38408	237	3	2024-01-01 01:35:00
38793	38	3	2024-01-01 00:17:00
38793	34	5	2024-01-01 00:18:00
38793	334	5	2024-01-01 00:19:00
38793	64	3	2024-01-01 00:25:00
38793	218	5	2024-01-01 00:26:00
38793	6	5	2024-01-01 00:27:00
38793	254	3	2024-01-01 00:28:00
38793	166	5	2024-01-01 00:29:00
38793	525	5	2024-01-01 00:30:00
38793	259	3	2024-01-01 00:31:00
38793	327	3	2024-01-01 00:32:00
38793	434	5	2024-01-01 00:36:00
38793	600	3	2024-01-01 00:37:00
38793	280	5	2024-01-01 00:40:00
38793	12	5	2024-01-01 00:41:00
38793	203	5	2024-01-01 00:42:00
38793	51	5	2024-01-01 00:44:00
38793	9	5	2024-01-01 00:45:00
38793	2	5	2024-01-01 00:46:00
38793	159	5	2024-01-01 00:47:00
38793	45	5	2024-01-01 00:51:00
38793	7	5	2024-01-01 00:52:00
39445	568	4	2024-01-01 00:00:00
39445	288	5	2024-01-01 00:17:00
39445	628	5	2024-01-01 00:18:00
39445	785	5	2024-01-01 00:19:00
39445	17	5	2024-01-01 01:10:00
39445	18	5	2024-01-01 01:11:00
39445	25	4	2024-01-01 01:12:00
39445	24	5	2024-01-01 01:13:00
39445	27	5	2024-01-01 01:14:00
39445	23	5	2024-01-01 01:15:00
39445	21	5	2024-01-01 01:16:00
39445	477	5	2024-01-01 01:17:00
39445	110	5	2024-01-01 01:47:00
39445	135	5	2024-01-01 01:48:00
39445	165	5	2024-01-01 01:49:00
39445	188	5	2024-01-01 01:50:00
39445	450	4	2024-01-01 01:52:00
39445	687	4	2024-01-01 01:54:00
39445	274	5	2024-01-01 01:55:00
39445	86	5	2024-01-01 02:05:00
40160	1	5	2024-01-01 00:00:00
40160	750	5	2024-01-01 00:02:00
40160	74	4	2024-01-01 00:06:00
40160	147	5	2024-01-01 00:07:00
40160	234	3	2024-01-01 00:08:00
40160	88	3	2024-01-01 00:09:00
40160	280	4	2024-01-01 00:10:00
40160	535	4	2024-01-01 00:11:00
40160	23	5	2024-01-01 00:14:00
40160	2	5	2024-01-01 00:15:00
40160	18	5	2024-01-01 00:16:00
40160	21	5	2024-01-01 00:17:00
40160	27	5	2024-01-01 00:18:00
40160	24	5	2024-01-01 00:19:00
40160	25	5	2024-01-01 00:20:00
40160	149	4	2024-01-01 00:21:00
40160	475	3	2024-01-01 00:22:00
40160	327	4	2024-01-01 00:23:00
40160	5	4	2024-01-01 00:31:00
40160	348	5	2024-01-01 00:32:00
40160	68	5	2024-01-01 00:33:00
40160	713	3	2024-01-01 00:34:00
40160	333	5	2024-01-01 00:35:00
40160	644	5	2024-01-01 00:40:00
43879	18	5	2024-01-01 00:00:00
43879	23	5	2024-01-01 00:01:00
43879	25	5	2024-01-01 00:02:00
43879	21	5	2024-01-01 00:03:00
43879	3	5	2024-01-01 00:04:00
43879	52	5	2024-01-01 00:05:00
43879	49	5	2024-01-01 00:06:00
43879	56	5	2024-01-01 00:07:00
43879	834	5	2024-01-01 00:08:00
43879	99	5	2024-01-01 00:09:00
43879	96	5	2024-01-01 00:10:00
43879	12	5	2024-01-01 00:11:00
43879	218	5	2024-01-01 00:12:00
43879	206	5	2024-01-01 00:13:00
44088	598	5	2024-01-01 00:00:00
44088	1018	5	2024-01-01 00:01:00
44088	389	4	2024-01-01 00:06:00
44088	565	4	2024-01-01 00:07:00
44088	603	4	2024-01-01 00:08:00
44088	1200	3	2024-01-01 00:09:00
44088	41	4	2024-01-01 00:12:00
44088	163	3	2024-01-01 00:13:00
44088	151	3	2024-01-01 00:14:00
44088	294	3	2024-01-01 00:15:00
44088	214	3	2024-01-01 00:16:00
44088	428	3	2024-01-01 00:17:00
44088	159	3	2024-01-01 00:18:00
44088	684	3	2024-01-01 00:19:00
44088	175	3	2024-01-01 00:20:00
44088	370	3	2024-01-01 00:21:00
44088	909	3	2024-01-01 00:22:00
44088	1027	4	2024-01-01 00:23:00
44088	70	5	2024-01-01 00:29:00
44088	492	3	2024-01-01 00:31:00
44088	167	4	2024-01-01 00:36:00
44088	192	5	2024-01-01 00:39:00
44088	307	5	2024-01-01 00:40:00
44088	223	4	2024-01-01 00:44:00
44088	918	4	2024-01-01 00:45:00
44088	802	4	2024-01-01 00:52:00
44088	16	4	2024-01-01 00:54:00
44260	198	5	2024-01-01 00:00:00
44260	8	4	2024-01-01 00:01:00
44260	13	5	2024-01-01 00:02:00
44260	337	5	2024-01-01 00:03:00
44260	547	4	2024-01-01 00:04:00
44260	113	5	2024-01-01 00:05:00
44260	14	5	2024-01-01 00:06:00
44260	32	4	2024-01-01 00:07:00
44260	456	4	2024-01-01 00:08:00
44260	7	4	2024-01-01 00:09:00
44260	97	4	2024-01-01 00:10:00
44260	55	4	2024-01-01 00:12:00
44260	403	4	2024-01-01 00:15:00
44260	54	5	2024-01-01 00:16:00
44260	50	5	2024-01-01 00:17:00
44260	627	5	2024-01-01 00:18:00
44260	339	5	2024-01-01 00:19:00
44260	454	5	2024-01-01 00:20:00
44260	549	5	2024-01-01 00:21:00
44260	661	5	2024-01-01 00:22:00
44260	876	4	2024-01-01 00:23:00
44260	1211	5	2024-01-01 00:24:00
44260	75	4	2024-01-01 00:32:00
44260	255	5	2024-01-01 00:33:00
44260	472	4	2024-01-01 00:36:00
44260	287	5	2024-01-01 00:37:00
44260	9	4	2024-01-01 00:44:00
44260	785	5	2024-01-01 00:45:00
44260	315	3	2024-01-01 00:48:00
44260	1	5	2024-01-01 00:50:00
44260	86	5	2024-01-01 00:51:00
44260	227	4	2024-01-01 00:52:00
44260	628	5	2024-01-01 00:53:00
44260	243	5	2024-01-01 00:54:00
44260	606	5	2024-01-01 00:56:00
44260	59	5	2024-01-01 00:58:00
44260	102	5	2024-01-01 00:59:00
44260	157	5	2024-01-01 01:00:00
44260	579	4	2024-01-01 01:01:00
44260	544	5	2024-01-01 01:03:00
44260	85	5	2024-01-01 01:07:00
44260	158	5	2024-01-01 01:08:00
44260	868	5	2024-01-01 01:09:00
44314	15	3	2024-01-01 00:00:00
44314	767	3	2024-01-01 00:01:00
44314	4	5	2024-01-01 00:02:00
44314	50	3	2024-01-01 00:03:00
44314	160	4	2024-01-01 00:04:00
44314	7	4	2024-01-01 00:05:00
44314	93	5	2024-01-01 00:06:00
44314	361	3	2024-01-01 00:09:00
44314	540	5	2024-01-01 00:11:00
44314	289	4	2024-01-01 00:12:00
44314	601	3	2024-01-01 00:14:00
44314	997	4	2024-01-01 00:15:00
44314	89	3	2024-01-01 00:17:00
44314	826	4	2024-01-01 00:18:00
44314	497	3	2024-01-01 00:19:00
44314	200	4	2024-01-01 00:21:00
44314	46	4	2024-01-01 00:22:00
44314	273	5	2024-01-01 00:23:00
44314	33	4	2024-01-01 00:24:00
44314	195	5	2024-01-01 00:25:00
44314	57	3	2024-01-01 00:26:00
44314	409	5	2024-01-01 00:27:00
44314	116	3	2024-01-01 00:28:00
44314	1120	3	2024-01-01 00:29:00
44314	44	5	2024-01-01 00:30:00
44314	446	4	2024-01-01 00:31:00
44314	501	3	2024-01-01 00:32:00
44314	281	3	2024-01-01 00:33:00
44314	31	5	2024-01-01 00:36:00
44314	133	4	2024-01-01 00:40:00
44314	412	4	2024-01-01 00:42:00
44314	219	4	2024-01-01 00:43:00
44314	43	4	2024-01-01 00:44:00
44314	59	3	2024-01-01 00:45:00
44314	544	3	2024-01-01 00:47:00
44314	103	3	2024-01-01 00:48:00
44314	681	4	2024-01-01 00:49:00
44314	1	4	2024-01-01 00:51:00
44314	17	4	2024-01-01 00:52:00
44314	396	4	2024-01-01 00:54:00
44314	567	3	2024-01-01 00:56:00
44314	47	4	2024-01-01 00:57:00
44314	42	4	2024-01-01 00:59:00
44314	37	4	2024-01-01 01:00:00
45110	154	4	2024-01-01 00:00:00
45110	531	4	2024-01-01 00:02:00
45110	301	3	2024-01-01 00:03:00
45110	959	4	2024-01-01 00:04:00
45110	714	4	2024-01-01 00:06:00
45110	773	4	2024-01-01 00:07:00
45110	782	5	2024-01-01 00:08:00
45110	16	4	2024-01-01 00:09:00
45110	1024	4	2024-01-01 00:10:00
45110	197	3	2024-01-01 00:11:00
45110	139	4	2024-01-01 00:12:00
45110	185	3	2024-01-01 00:17:00
45110	62	4	2024-01-01 00:18:00
45110	41	4	2024-01-01 00:19:00
45110	122	3	2024-01-01 00:21:00
45110	312	4	2024-01-01 00:22:00
45110	314	3	2024-01-01 00:23:00
45110	817	3	2024-01-01 00:24:00
45110	232	3	2024-01-01 00:25:00
45110	53	3	2024-01-01 00:27:00
45110	584	4	2024-01-01 00:31:00
45110	1128	4	2024-01-01 00:32:00
45110	379	4	2024-01-01 00:34:00
45110	355	5	2024-01-01 00:35:00
45110	370	3	2024-01-01 00:36:00
45110	219	4	2024-01-01 00:37:00
45110	1088	5	2024-01-01 00:38:00
45110	17	4	2024-01-01 00:39:00
45110	20	3	2024-01-01 00:40:00
45110	933	5	2024-01-01 00:41:00
45110	1	4	2024-01-01 00:51:00
45110	330	4	2024-01-01 00:57:00
45110	937	4	2024-01-01 00:58:00
45110	354	4	2024-01-01 01:00:00
45110	612	4	2024-01-01 01:03:00
45110	1465	4	2024-01-01 01:05:00
45110	763	5	2024-01-01 01:07:00
47138	13	3	2024-01-01 00:02:00
47138	298	3	2024-01-01 00:04:00
47138	29	4	2024-01-01 00:05:00
47138	42	3	2024-01-01 00:06:00
47138	555	3	2024-01-01 00:10:00
47138	1120	3	2024-01-01 00:18:00
47138	1207	3	2024-01-01 00:35:00
47138	1158	3	2024-01-01 00:42:00
47138	76	4	2024-01-01 00:57:00
47138	530	4	2024-01-01 00:58:00
47138	83	4	2024-01-01 00:59:00
47138	194	4	2024-01-01 01:00:00
47138	413	4	2024-01-01 01:01:00
47138	997	3	2024-01-01 01:02:00
47138	706	3	2024-01-01 01:03:00
47138	103	4	2024-01-01 01:04:00
47138	48	4	2024-01-01 01:05:00
47138	125	3	2024-01-01 01:06:00
47138	109	4	2024-01-01 01:07:00
47138	154	3	2024-01-01 01:08:00
47138	204	4	2024-01-01 01:09:00
47138	116	4	2024-01-01 01:11:00
47138	15	3	2024-01-01 01:12:00
47138	9	3	2024-01-01 01:13:00
47138	588	4	2024-01-01 01:14:00
47138	446	4	2024-01-01 01:15:00
47138	16	3	2024-01-01 01:16:00
47138	501	3	2024-01-01 01:17:00
47138	60	3	2024-01-01 01:18:00
47138	857	3	2024-01-01 01:19:00
47138	270	3	2024-01-01 01:20:00
47138	227	3	2024-01-01 01:26:00
47138	38	3	2024-01-01 01:27:00
47138	75	3	2024-01-01 01:29:00
47138	136	3	2024-01-01 01:30:00
47471	1	4	2024-01-01 00:00:00
47471	151	5	2024-01-01 00:01:00
47471	153	4	2024-01-01 00:02:00
47471	21	4	2024-01-01 00:03:00
47471	347	3	2024-01-01 00:04:00
47471	12	5	2024-01-01 00:05:00
47471	581	5	2024-01-01 00:06:00
47471	713	4	2024-01-01 00:07:00
47471	319	4	2024-01-01 00:08:00
47471	3	4	2024-01-01 00:09:00
47471	6	5	2024-01-01 00:10:00
47471	2	4	2024-01-01 00:11:00
47471	175	5	2024-01-01 00:13:00
47471	51	4	2024-01-01 00:17:00
47471	47	4	2024-01-01 00:18:00
47471	41	5	2024-01-01 00:19:00
47471	91	4	2024-01-01 00:21:00
47471	252	5	2024-01-01 00:22:00
47471	327	4	2024-01-01 00:23:00
47471	452	5	2024-01-01 00:24:00
47471	369	3	2024-01-01 00:25:00
47471	340	5	2024-01-01 00:26:00
47471	163	4	2024-01-01 00:27:00
47471	909	4	2024-01-01 00:29:00
47471	245	4	2024-01-01 00:30:00
47471	486	5	2024-01-01 00:31:00
47471	386	4	2024-01-01 00:32:00
47471	36	5	2024-01-01 00:34:00
47471	469	5	2024-01-01 00:35:00
47471	370	4	2024-01-01 00:36:00
47471	37	5	2024-01-01 00:37:00
47471	923	3	2024-01-01 00:38:00
47471	607	4	2024-01-01 00:39:00
47471	69	4	2024-01-01 00:41:00
47471	17	4	2024-01-01 00:42:00
47471	25	5	2024-01-01 00:43:00
47471	27	4	2024-01-01 00:44:00
47471	18	4	2024-01-01 00:45:00
47471	20	4	2024-01-01 00:46:00
47471	52	4	2024-01-01 00:47:00
47471	56	5	2024-01-01 00:48:00
47471	774	5	2024-01-01 00:49:00
47471	214	5	2024-01-01 00:51:00
47471	159	4	2024-01-01 00:52:00
47471	356	4	2024-01-01 00:53:00
47471	873	4	2024-01-01 00:54:00
47471	1033	4	2024-01-01 00:55:00
47471	134	4	2024-01-01 01:05:00
48295	2	5	2024-01-01 00:00:00
48295	257	5	2024-01-01 00:01:00
48295	346	4	2024-01-01 00:02:00
48295	561	5	2024-01-01 00:03:00
48295	36	5	2024-01-01 00:04:00
48295	77	3	2024-01-01 00:05:00
48295	549	5	2024-01-01 00:06:00
48295	608	5	2024-01-01 00:07:00
48295	321	3	2024-01-01 00:08:00
48295	999	3	2024-01-01 00:10:00
48295	223	4	2024-01-01 00:11:00
48295	792	5	2024-01-01 00:14:00
48295	1120	4	2024-01-01 00:15:00
48295	388	5	2024-01-01 00:16:00
48295	877	5	2024-01-01 00:18:00
48295	289	4	2024-01-01 00:19:00
48295	486	5	2024-01-01 00:20:00
48295	5	3	2024-01-01 00:21:00
48295	13	5	2024-01-01 00:24:00
48295	14	4	2024-01-01 00:25:00
48295	48	3	2024-01-01 00:28:00
48295	204	3	2024-01-01 00:29:00
48295	518	5	2024-01-01 00:30:00
48295	65	5	2024-01-01 00:31:00
48295	298	4	2024-01-01 00:32:00
48295	595	5	2024-01-01 00:34:00
48295	446	4	2024-01-01 00:35:00
48295	54	5	2024-01-01 00:39:00
48295	365	5	2024-01-01 00:40:00
48295	191	3	2024-01-01 00:41:00
48295	70	5	2024-01-01 00:42:00
48295	584	4	2024-01-01 00:45:00
48295	90	5	2024-01-01 00:46:00
48295	731	4	2024-01-01 00:47:00
48295	196	4	2024-01-01 00:49:00
48295	244	5	2024-01-01 00:54:00
48295	226	5	2024-01-01 00:55:00
48295	30	4	2024-01-01 00:56:00
48295	68	5	2024-01-01 00:57:00
48295	606	3	2024-01-01 00:59:00
48295	9	5	2024-01-01 01:00:00
48295	26	4	2024-01-01 01:01:00
48295	145	3	2024-01-01 01:02:00
48295	201	3	2024-01-01 01:03:00
48295	170	4	2024-01-01 01:04:00
49393	15	3	2024-01-01 00:00:00
49393	128	5	2024-01-01 00:01:00
49393	5	5	2024-01-01 00:03:00
49393	8	5	2024-01-01 00:04:00
49393	13	3	2024-01-01 00:05:00
49393	163	4	2024-01-01 00:15:00
49393	2	5	2024-01-01 00:16:00
49393	155	5	2024-01-01 00:17:00
49393	873	3	2024-01-01 00:18:00
49393	918	4	2024-01-01 00:19:00
49393	542	3	2024-01-01 00:25:00
49393	53	5	2024-01-01 00:26:00
49393	41	5	2024-01-01 00:32:00
49393	1	4	2024-01-01 00:33:00
49393	62	3	2024-01-01 00:34:00
49393	7	5	2024-01-01 00:35:00
49393	292	3	2024-01-01 00:36:00
49393	175	5	2024-01-01 00:37:00
49393	37	4	2024-01-01 00:38:00
49393	364	5	2024-01-01 00:39:00
49393	626	3	2024-01-01 00:40:00
49393	117	3	2024-01-01 00:43:00
49393	561	5	2024-01-01 00:44:00
49393	223	5	2024-01-01 00:45:00
49393	232	3	2024-01-01 00:48:00
49393	257	4	2024-01-01 00:49:00
49393	346	4	2024-01-01 00:50:00
49393	370	4	2024-01-01 00:52:00
49393	4	4	2024-01-01 01:01:00
49393	45	5	2024-01-01 01:02:00
49393	47	3	2024-01-01 01:04:00
49393	116	4	2024-01-01 01:05:00
49393	19	5	2024-01-01 01:06:00
49393	466	5	2024-01-01 01:07:00
49393	236	4	2024-01-01 01:09:00
49393	72	5	2024-01-01 01:10:00
49393	168	4	2024-01-01 01:11:00
49393	176	5	2024-01-01 01:12:00
49393	237	5	2024-01-01 01:13:00
49393	295	5	2024-01-01 01:14:00
49393	305	4	2024-01-01 01:15:00
49393	349	5	2024-01-01 01:16:00
49393	488	4	2024-01-01 01:17:00
49393	441	4	2024-01-01 01:18:00
49393	556	5	2024-01-01 01:19:00
49393	670	3	2024-01-01 01:20:00
49393	609	4	2024-01-01 01:21:00
49393	865	4	2024-01-01 01:22:00
49393	915	4	2024-01-01 01:23:00
49393	794	5	2024-01-01 01:24:00
49393	159	4	2024-01-01 01:26:00
49393	151	4	2024-01-01 01:27:00
49393	294	4	2024-01-01 01:28:00
49393	214	4	2024-01-01 01:29:00
49393	684	3	2024-01-01 01:30:00
49393	428	4	2024-01-01 01:31:00
49543	203	5	2024-01-01 00:00:00
49543	589	3	2024-01-01 00:32:00
49543	435	5	2024-01-01 00:38:00
49543	539	5	2024-01-01 00:39:00
49543	644	5	2024-01-01 00:42:00
49543	44	5	2024-01-01 00:44:00
49543	107	5	2024-01-01 00:45:00
49543	3	4	2024-01-01 00:48:00
49543	558	5	2024-01-01 00:49:00
49543	169	5	2024-01-01 00:50:00
49543	152	4	2024-01-01 00:52:00
49543	1	5	2024-01-01 00:53:00
49543	166	4	2024-01-01 00:54:00
49543	280	5	2024-01-01 00:55:00
49543	69	5	2024-01-01 00:57:00
49543	34	5	2024-01-01 01:10:00
49543	99	5	2024-01-01 01:11:00
49543	861	5	2024-01-01 01:13:00
49543	218	5	2024-01-01 01:20:00
49543	334	5	2024-01-01 01:21:00
49543	96	5	2024-01-01 01:23:00
49543	20	4	2024-01-01 01:24:00
49543	17	4	2024-01-01 01:25:00
51316	189	3	2024-01-01 00:00:00
51316	219	3	2024-01-01 00:01:00
51316	28	3	2024-01-01 00:02:00
51316	25	5	2024-01-01 00:03:00
51316	11	4	2024-01-01 00:04:00
51316	59	4	2024-01-01 00:05:00
51316	157	4	2024-01-01 00:06:00
51316	229	3	2024-01-01 00:07:00
51316	18	5	2024-01-01 00:08:00
51316	24	5	2024-01-01 00:09:00
51316	54	4	2024-01-01 00:10:00
51316	27	5	2024-01-01 00:11:00
51316	809	4	2024-01-01 00:12:00
51316	35	4	2024-01-01 00:13:00
51316	251	4	2024-01-01 00:14:00
51316	93	4	2024-01-01 00:15:00
51316	37	3	2024-01-01 00:16:00
51316	102	4	2024-01-01 00:17:00
51316	45	3	2024-01-01 00:18:00
51316	133	3	2024-01-01 00:19:00
51316	358	4	2024-01-01 00:20:00
51316	444	3	2024-01-01 00:21:00
51316	114	3	2024-01-01 00:22:00
51316	113	3	2024-01-01 00:23:00
51316	19	3	2024-01-01 00:24:00
51316	38	3	2024-01-01 00:25:00
51316	119	3	2024-01-01 00:26:00
51316	23	5	2024-01-01 00:27:00
51316	117	3	2024-01-01 00:28:00
51316	184	4	2024-01-01 00:29:00
51316	391	4	2024-01-01 00:30:00
51316	17	3	2024-01-01 00:31:00
51316	257	3	2024-01-01 00:32:00
51316	158	4	2024-01-01 00:33:00
51316	397	3	2024-01-01 00:34:00
51316	16	4	2024-01-01 00:35:00
51316	245	3	2024-01-01 00:36:00
51316	155	3	2024-01-01 00:37:00
51316	364	4	2024-01-01 00:38:00
51316	606	3	2024-01-01 00:39:00
51316	57	4	2024-01-01 00:40:00
51316	301	4	2024-01-01 00:42:00
51316	40	3	2024-01-01 00:43:00
51316	258	4	2024-01-01 00:44:00
51316	1120	4	2024-01-01 00:46:00
51316	635	4	2024-01-01 00:47:00
51316	191	3	2024-01-01 00:48:00
51316	298	3	2024-01-01 00:49:00
51316	601	3	2024-01-01 00:50:00
51316	335	3	2024-01-01 00:51:00
51316	561	4	2024-01-01 00:52:00
51316	1168	4	2024-01-01 00:53:00
51316	52	4	2024-01-01 00:54:00
51316	49	3	2024-01-01 00:55:00
51316	56	4	2024-01-01 00:56:00
51316	73	4	2024-01-01 00:57:00
51316	474	3	2024-01-01 00:58:00
51316	41	4	2024-01-01 00:59:00
51316	247	4	2024-01-01 01:00:00
51316	621	3	2024-01-01 01:01:00
51316	260	4	2024-01-01 01:02:00
51316	546	3	2024-01-01 01:03:00
51316	122	3	2024-01-01 01:04:00
51316	353	3	2024-01-01 01:05:00
51316	98	4	2024-01-01 01:06:00
51316	140	4	2024-01-01 01:07:00
51316	30	3	2024-01-01 01:09:00
51316	292	3	2024-01-01 01:10:00
51316	398	3	2024-01-01 01:11:00
51316	416	4	2024-01-01 01:14:00
51602	15	5	2024-01-01 00:00:00
51602	287	5	2024-01-01 00:01:00
51602	177	5	2024-01-01 00:02:00
51602	95	4	2024-01-01 00:06:00
51602	80	4	2024-01-01 00:09:00
51602	247	4	2024-01-01 00:10:00
51602	303	5	2024-01-01 00:11:00
51602	257	4	2024-01-01 00:14:00
51602	10	5	2024-01-01 00:18:00
51602	76	4	2024-01-01 00:19:00
51602	34	3	2024-01-01 00:21:00
51602	43	4	2024-01-01 00:22:00
51602	52	3	2024-01-01 00:23:00
51602	213	3	2024-01-01 00:24:00
51602	614	4	2024-01-01 00:25:00
51602	13	4	2024-01-01 00:26:00
51602	323	4	2024-01-01 00:27:00
51602	56	4	2024-01-01 00:28:00
52044	117	5	2024-01-01 00:00:00
52044	12	3	2024-01-01 00:01:00
52044	897	3	2024-01-01 00:02:00
52044	572	5	2024-01-01 00:03:00
52044	33	4	2024-01-01 00:04:00
52044	142	4	2024-01-01 00:05:00
52044	148	4	2024-01-01 00:06:00
52044	195	4	2024-01-01 00:07:00
52044	906	3	2024-01-01 00:08:00
52044	11	5	2024-01-01 00:15:00
52044	291	4	2024-01-01 00:16:00
52044	140	5	2024-01-01 00:17:00
52044	212	5	2024-01-01 00:18:00
52044	941	4	2024-01-01 00:19:00
52044	31	4	2024-01-01 00:21:00
52044	453	5	2024-01-01 00:22:00
52044	840	4	2024-01-01 00:23:00
52044	733	5	2024-01-01 00:24:00
52044	704	4	2024-01-01 00:25:00
52044	1133	5	2024-01-01 00:26:00
52044	625	4	2024-01-01 00:27:00
52044	488	4	2024-01-01 00:28:00
52044	886	5	2024-01-01 00:29:00
52044	584	4	2024-01-01 00:31:00
52044	144	5	2024-01-01 00:34:00
52044	143	5	2024-01-01 00:35:00
52044	438	4	2024-01-01 00:36:00
52044	522	5	2024-01-01 00:37:00
52044	638	4	2024-01-01 00:39:00
52044	742	4	2024-01-01 00:46:00
52684	34	4	2024-01-01 00:00:00
52684	164	4	2024-01-01 00:01:00
52684	324	4	2024-01-01 00:02:00
52684	163	5	2024-01-01 00:03:00
52684	159	5	2024-01-01 00:04:00
52684	151	5	2024-01-01 00:05:00
52684	175	5	2024-01-01 00:06:00
52684	214	5	2024-01-01 00:07:00
52684	294	5	2024-01-01 00:08:00
52684	428	5	2024-01-01 00:09:00
52684	684	5	2024-01-01 00:10:00
52684	1027	5	2024-01-01 00:11:00
52684	68	4	2024-01-01 00:15:00
52684	88	3	2024-01-01 00:16:00
52684	74	4	2024-01-01 00:19:00
52684	99	4	2024-01-01 00:24:00
52684	96	4	2024-01-01 00:25:00
52684	210	3	2024-01-01 00:36:00
52684	384	4	2024-01-01 00:37:00
52684	394	4	2024-01-01 00:38:00
52684	419	4	2024-01-01 00:39:00
52684	418	5	2024-01-01 00:40:00
52869	127	5	2024-01-01 00:00:00
52869	92	5	2024-01-01 00:01:00
52869	385	5	2024-01-01 00:02:00
52869	193	5	2024-01-01 00:03:00
52869	211	4	2024-01-01 00:04:00
52869	75	3	2024-01-01 00:07:00
52869	78	4	2024-01-01 00:08:00
52869	310	4	2024-01-01 00:09:00
52869	269	4	2024-01-01 00:10:00
52869	465	5	2024-01-01 00:11:00
52869	44	5	2024-01-01 00:12:00
52869	120	4	2024-01-01 00:13:00
52869	40	4	2024-01-01 00:14:00
52869	38	4	2024-01-01 00:15:00
52869	31	4	2024-01-01 00:17:00
52869	64	4	2024-01-01 00:18:00
52869	199	5	2024-01-01 00:19:00
52869	404	4	2024-01-01 00:20:00
52869	216	5	2024-01-01 00:21:00
52869	231	5	2024-01-01 00:22:00
52869	195	4	2024-01-01 00:23:00
52869	107	3	2024-01-01 00:24:00
52869	331	5	2024-01-01 00:26:00
52869	10	5	2024-01-01 00:30:00
52869	16	4	2024-01-01 00:31:00
52869	30	5	2024-01-01 00:32:00
52869	9	5	2024-01-01 00:33:00
52869	431	3	2024-01-01 00:34:00
52869	242	3	2024-01-01 00:36:00
52869	477	4	2024-01-01 00:37:00
52869	86	3	2024-01-01 00:40:00
52869	266	3	2024-01-01 00:45:00
52869	123	4	2024-01-01 00:46:00
52869	966	3	2024-01-01 00:47:00
52869	521	4	2024-01-01 00:48:00
52869	538	4	2024-01-01 00:49:00
52869	982	4	2024-01-01 00:52:00
52869	227	4	2024-01-01 00:53:00
52869	145	4	2024-01-01 00:54:00
52869	170	3	2024-01-01 00:55:00
52869	124	4	2024-01-01 00:56:00
52869	333	4	2024-01-01 00:57:00
52869	438	4	2024-01-01 00:58:00
52869	5	4	2024-01-01 01:00:00
52869	4	4	2024-01-01 01:01:00
52869	265	5	2024-01-01 01:02:00
53144	146	4	2024-01-01 00:00:00
53144	494	5	2024-01-01 00:01:00
53144	8	4	2024-01-01 00:03:00
53144	11	4	2024-01-01 00:04:00
53144	212	4	2024-01-01 00:05:00
53144	258	3	2024-01-01 00:07:00
53144	143	4	2024-01-01 00:08:00
53144	101	4	2024-01-01 00:10:00
53144	610	4	2024-01-01 00:11:00
53144	495	4	2024-01-01 00:12:00
53144	208	4	2024-01-01 00:13:00
53144	179	4	2024-01-01 00:15:00
53144	33	4	2024-01-01 00:18:00
53144	81	3	2024-01-01 00:22:00
53144	372	4	2024-01-01 00:24:00
53144	421	4	2024-01-01 00:25:00
53144	100	4	2024-01-01 00:27:00
53144	30	4	2024-01-01 00:31:00
53144	445	3	2024-01-01 00:32:00
53144	437	3	2024-01-01 00:34:00
53144	217	5	2024-01-01 00:39:00
53144	5	4	2024-01-01 00:41:00
53144	4	4	2024-01-01 00:42:00
53144	60	3	2024-01-01 00:43:00
53144	9	3	2024-01-01 00:44:00
53144	15	4	2024-01-01 00:45:00
53144	144	5	2024-01-01 00:46:00
53144	318	3	2024-01-01 00:49:00
53144	982	5	2024-01-01 00:50:00
53144	267	3	2024-01-01 00:57:00
53144	231	3	2024-01-01 00:58:00
53144	235	3	2024-01-01 00:59:00
53144	32	4	2024-01-01 01:08:00
53144	271	4	2024-01-01 01:09:00
53144	1076	4	2024-01-01 01:10:00
53144	115	3	2024-01-01 01:14:00
53144	404	3	2024-01-01 01:15:00
